STATEFP,COUNTYFP,TRACTCE,BLKGRPCE,GEOID,GEOIDFQ,NAMELSAD,MTFCC,FUNCSTAT,ALAND,AWATER,INTPTLAT,INTPTLON,Male_under_5,Female_under_5,Total_Population,Households_with_Children_under_6,Total_Family_Households,Households_with_Children_under_1,Married_couple_Households,Married_couple_with_Children_und,Median_Household_Income,Median_Gross_Rent,Monthly_Owner_Costs__with_mortga,Median_Housing_Value,Median_Year_Structure_Built,Vacant_Housing_Units,Nursery_School_Enrollment,Kindergarten_Enrollment,Some_College,Bachelor_s_Degree_or_Higher,Mean_Travel_Time_to_Work,Households_with_No_Vehicle,Children_under_5,__Children_under_5,__Households_with_Children_under,__Married_couple_Households,__Married_couple_with_Children_u,Distance_to_Office__miles_,Travel_Time_to_Office__minutes_,has_grocery_store,has_park,has_bike_trail,travel_time_min,distance_miles,median_value,median_income,pct_kids_under6,has_grocery,has_bike,amenity_count,bg_id,travel_time_min_std,median_value_std,median_income_std,pct_kids_under6_std,amenity_count_std,commute_score,housing_afford_score,income_score,kids_score,amenity_score,weighted_score,chosen_flag,optmodel_score,optmodel_travel,optmodel_value
37,183,53525,1,371830535251,1500000US371830535251,Block Group 1,G5030,S,1288755,58797,35.781302,-78.8234436,16,110,1119,235,351,346,346,130,132500,1464,2095,347700,396,0,,,39,353,,0,126,11.260053619,66.951566952,98.575498575,37.037037037,4.7679783394,8.1736771533,0,1,1,8.1736771533,4.7679783394,347700,132500,66.951566952,0,1,2,522,0.1702174879,0.3097664937,0.4913971094,0.8625853044,0.6666666667,0.8297825121,0.6902335063,0.4913971094,0.8625853044,0.6666666667,0.7436116997,1,0.7436116997,8.1736771533,347700
37,183,53618,2,371830536182,1500000US371830536182,Block Group 2,G5030,S,2377475,8493,35.8548498,-78.9015239,57,43,1732,359,480,455,455,47,162782,-666666666,2058,382000,549,0,,,69,359,,0,100,5.7736720554,74.791666667,94.791666667,9.7916666667,9.0510644289,15.51611045,0,1,1,15.51611045,9.0510644289,382000,162782,74.791666667,0,1,2,833,0.3364979896,0.3415492958,0.622472698,0.9635949612,0.6666666667,0.6635020104,0.6584507042,0.622472698,0.9635949612,0.6666666667,0.7340449869,1,0.7340449869,15.51611045,382000
37,183,53620,4,371830536204,1500000US371830536204,Block Group 4,G5030,S,2989877,6950,35.8301263,-78.8690757,112,44,1530,224,306,280,280,13,139597,1599,2440,422400,528,14,,,53,481,,0,156,10.196078431,73.202614379,91.503267974,4.2483660131,7.0481592685,12.082558746,0,1,1,12.082558746,7.0481592685,422400,139597,73.202614379,0,1,2,19,0.2587400207,0.3789844329,0.5221164626,0.943122055,0.6666666667,0.7412599793,0.6210155671,0.5221164626,0.943122055,0.6666666667,0.7308436016,1,0.7308436016,12.082558746,422400
37,183,53411,2,371830534112,1500000US371830534112,Block Group 2,G5030,S,3923684,3869,35.7903656,-78.8919494,115,87,2202,425,568,545,545,76,180833,-666666666,2852,544900,668,0,,,56,464,,0,202,9.1734786558,74.823943662,95.950704225,13.38028169,8.094065368,13.875540631,0,1,1,13.875540631,8.094065368,544900,180833,74.823943662,0,1,2,465,0.299344806,0.4924944403,0.7006064226,0.964010809,0.6666666667,0.700655194,0.5075055597,0.7006064226,0.964010809,0.6666666667,0.7210615883,1,0.7210615883,13.875540631,544900
37,183,52504,2,371830525042,1500000US371830525042,Block Group 2,G5030,S,846729,0,35.8227541,-78.6901964,16,0,1570,183,313,267,267,16,85000,-666666666,1722,296800,809,29,,,13,435,,0,16,1.0191082803,58.466453674,85.303514377,5.1118210863,3.360073804,5.7601265211,0,1,1,5.7601265211,3.360073804,296800,85000,58.466453674,0,1,2,191,0.1155589852,0.2626019274,0.2857934354,0.7532654729,0.6666666667,0.8844410148,0.7373980726,0.2857934354,0.7532654729,0.6666666667,0.7188189133,1,0.7188189133,5.7601265211,296800
37,183,53612,2,371830536122,1500000US371830536122,Block Group 2,G5030,S,990413,0,35.8316879,-78.8365103,179,51,2565,367,644,535,535,98,130568,1532,1755,311100,805,0,,,301,687,,22,230,8.9668615984,56.98757764,83.074534161,15.217391304,5.015163643,8.597423388,0,1,1,8.597423388,5.015163643,311100,130568,56.98757764,0,1,2,15,0.179813862,0.2758524833,0.4830344505,0.7342120468,0.6666666667,0.820186138,0.7241475167,0.4830344505,0.7342120468,0.6666666667,0.7150658279,1,0.7150658279,8.597423388,311100
37,183,53426,1,371830534261,1500000US371830534261,Block Group 1,G5030,S,7139398,0,35.7712759,-78.8872776,185,187,3261,634,893,893,893,66,182831,2446,2497,513600,1013,96,,,145,735,,0,372,11.407543698,70.996640538,100,7.3908174692,8.3271248235,14.275071126,0,1,1,14.275071126,8.3271248235,513600,182831,70.996640538,0,1,2,767,0.308392778,0.4634914752,0.7092547624,0.9147009037,0.6666666667,0.691607222,0.5365085248,0.7092547624,0.9147009037,0.6666666667,0.713137546,1,0.713137546,14.275071126,513600
37,183,53608,2,371830536082,1500000US371830536082,Block Group 2,G5030,S,2669270,0,35.8616082,-78.8607269,98,193,3516,598,998,893,893,239,180523,1845,2294,385900,1228,0,,,109,752,,0,291,8.2764505119,59.919839679,89.478957916,23.947895792,7.0077975006,12.013367144,0,1,1,12.013367144,7.0077975006,385900,180523,59.919839679,0,1,2,759,0.2571730723,0.3451630838,0.6992645881,0.7719904926,0.6666666667,0.7428269277,0.6548369162,0.6992645881,0.7719904926,0.6666666667,0.7129315305,1,0.7129315305,12.013367144,385900
37,183,52802,1,371830528021,1500000US371830528021,Block Group 1,G5030,S,2420439,13056,35.7163962,-78.645891,151,118,2178,386,559,491,491,175,70256,1488,1171,193200,758,0,,,355,377,,0,269,12.350780533,69.051878354,87.835420394,31.305903399,8.9629142586,15.364995872,1,1,0,15.364995872,8.9629142586,193200,70256,69.051878354,1,0,2,385,0.3330757715,0.1666048925,0.221974055,0.8896451304,0.6666666667,0.6669242285,0.8333951075,0.221974055,0.8896451304,0.6666666667,0.7113521001,1,0.7113521001,15.364995872,193200
37,183,53620,3,371830536203,1500000US371830536203,Block Group 3,G5030,S,1324925,5327,35.8286141,-78.8558386,17,34,1871,245,397,358,358,0,127917,1808,2221,364800,560,0,,,68,400,,0,51,2.7258150722,61.712846348,90.176322418,0,6.0590479026,10.386939262,0,1,1,10.386939262,6.0590479026,364800,127917,61.712846348,0,1,2,249,0.2203401542,0.3256115641,0.4715596013,0.7950910902,0.6666666667,0.7796598458,0.6743884359,0.4715596013,0.7950910902,0.6666666667,0.7090547146,1,0.7090547146,10.386939262,364800
37,183,53408,1,371830534081,1500000US371830534081,Block Group 1,G5030,S,1828816,1102,35.7804298,-78.8548019,20,198,2637,442,689,558,558,50,116786,2121,1954,363300,842,30,,,53,630,,0,218,8.2669700417,64.150943396,80.986937591,7.2568940493,6.4351023529,11.031604034,0,1,1,11.031604034,6.4351023529,363300,116786,64.150943396,0,1,2,425,0.2349395625,0.3242216457,0.4233790856,0.8265028521,0.6666666667,0.7650604375,0.6757783543,0.4233790856,0.8265028521,0.6666666667,0.7087177352,,,,
37,183,52506,1,371830525061,1500000US371830525061,Block Group 1,G5030,S,1091345,0,35.855759,-78.6964384,10,0,862,62,138,138,138,8,53930,1272,2889,380300,652,127,,,91,217,,0,10,1.1600928074,44.927536232,100,5.7971014493,4.0607351556,6.9612602667,1,1,1,6.9612602667,4.0607351556,380300,53930,44.927536232,1,1,3,704,0.1427604747,0.3399740549,0.1513069901,0.5788338389,1,0.8572395253,0.6600259451,0.1513069901,0.5788338389,1,0.7061542291,,,,
37,183,53725,1,371830537251,1500000US371830537251,Block Group 1,G5030,S,2330377,0,35.8852224,-78.7220187,49,108,2378,229,586,548,548,136,131369,1370,2847,430000,1162,289,,,102,647,,0,157,6.6021867115,39.078498294,93.515358362,23.208191126,5.0375033219,8.6357199804,1,1,1,8.6357199804,5.0375033219,430000,131369,39.078498294,1,1,3,250,0.1806811462,0.3860266864,0.4865015777,0.5034764664,1,0.8193188538,0.6139733136,0.4865015777,0.5034764664,1,0.7021436505,,,,
37,183,53517,1,371830535171,1500000US371830535171,Block Group 1,G5030,S,2066423,0,35.7843976,-78.7570667,114,82,2244,158,427,265,265,34,55182,1190,674,13400,749,36,,,317,188,,9,196,8.734402852,37.00234192,62.06088993,7.962529274,2.1966099997,3.7656171423,0,1,1,3.7656171423,2.1966099997,13400,55182,37.00234192,0,1,2,389,0.0703903052,0,0.1567262701,0.4767278471,0.6666666667,0.9296096948,1,0.1567262701,0.4767278471,0.6666666667,0.7005903458,,,,
37,183,53411,1,371830534111,1500000US371830534111,Block Group 1,G5030,S,13587992,13866,35.7990572,-78.9022951,267,387,9247,1632,2236,1936,1936,268,174182,1434,2830,591000,2754,220,,,134,1673,,45,654,7.0725640748,72.987477639,86.583184258,11.98568873,8.7518193476,15.003118882,0,1,1,15.003118882,8.7518193476,591000,174182,72.987477639,0,1,2,464,0.32488052,0.5352112676,0.6718175798,0.9403502933,0.6666666667,0.67511948,0.4647887324,0.6718175798,0.9403502933,0.6666666667,0.6973402811,,,,
37,183,53435,1,371830534351,1500000US371830534351,Block Group 1,G5030,S,3026311,0,35.7456823,-78.8308572,154,172,4160,478,1223,1034,1034,165,103963,1464,2098,326300,1715,0,,,202,888,,0,326,7.8365384615,39.084219133,84.546197874,13.491414554,6.6488960301,11.39810748,1,1,1,11.39810748,6.6488960301,326300,103963,39.084219133,1,1,3,549,0.2432395871,0.2899369904,0.3678747506,0.5035501721,1,0.7567604129,0.7100630096,0.3678747506,0.5035501721,1,0.6938777232,,,,
37,183,54502,3,371830545023,1500000US371830545023,Block Group 3,G5030,S,5802584,37578,35.7341688,-78.6390324,24,50,1486,54,125,113,113,38,81406,1220,1139,270500,240,0,,,197,225,,0,74,4.9798115747,43.2,90.4,30.4,8.3324190537,14.284146949,1,1,1,14.284146949,8.3324190537,270500,81406,43.2,1,1,3,235,0.3085983137,0.2382320237,0.2702368121,0.5565767442,1,0.6914016863,0.7617679763,0.2702368121,0.5565767442,1,0.6913718841,,,,
37,183,53432,1,371830534321,1500000US371830534321,Block Group 1,G5030,S,17659469,0,35.6847767,-78.8531823,67,279,2647,299,594,511,511,115,96399,1479,1653,304900,917,32,,,113,656,,0,346,13.071401587,50.336700337,86.026936027,19.36026936,10.743542968,18.417502232,1,1,1,18.417502232,10.743542968,304900,96399,50.336700337,1,1,3,548,0.4022043926,0.270107487,0.3351339887,0.6485239997,1,0.5977956074,0.729892513,0.3351339887,0.6485239997,1,0.6910718032,,,,
37,183,53408,2,371830534082,1500000US371830534082,Block Group 2,G5030,S,933486,14631,35.783762,-78.866575,25,14,1377,229,414,386,386,15,173583,-666666666,2650,421600,427,0,,,56,308,,0,39,2.8322440087,55.314009662,93.236714976,3.6231884058,6.9108937243,11.847246385,0,1,1,11.847246385,6.9108937243,421600,173583,55.314009662,0,1,2,161,0.2534110165,0.3782431431,0.6692248092,0.712650264,0.6666666667,0.7465889835,0.6217568569,0.6692248092,0.712650264,0.6666666667,0.6894169975,,,,
37,183,53727,2,371830537272,1500000US371830537272,Block Group 2,G5030,S,1736397,60522,35.8679805,-78.7296365,22,0,679,73,157,143,143,37,99423,-666666666,1696,267800,418,42,,,45,264,,0,22,3.2400589102,46.496815287,91.082802548,23.566878981,3.6654656038,6.2836553209,0,1,1,6.2836553209,3.6654656038,267800,99423,46.496815287,0,1,2,810,0.1274150863,0.2357301705,0.3482233678,0.5990519923,0.6666666667,0.8725849137,0.7642698295,0.3482233678,0.5990519923,0.6666666667,0.6889188625,,,,
37,183,52508,2,371830525082,1500000US371830525082,Block Group 2,G5030,S,1846850,0,35.834392,-78.7067017,37,0,1721,193,403,403,403,18,165051,-666666666,1702,499500,838,52,,,135,374,,0,37,2.1499128414,47.890818859,100,4.4665012407,2.723535266,4.6689175988,0,1,1,4.6689175988,2.723535266,499500,165051,47.890818859,0,1,2,13,0.0908469096,0.4504262417,0.6322940609,0.6170119453,0.6666666667,0.9091530904,0.5495737583,0.6322940609,0.6170119453,0.6666666667,0.68801875,,,,
37,183,53428,3,371830534283,1500000US371830534283,Block Group 3,G5030,S,10941837,0,35.7161309,-78.9029817,209,232,7995,1540,2210,1970,1970,331,163313,1853,2247,443400,2570,69,,,133,2190,,39,441,5.5159474672,69.683257919,89.140271493,14.977375566,11.02478598,18.899633108,0,1,1,18.899633108,11.02478598,443400,163313,69.683257919,0,1,2,831,0.4131229751,0.3984432913,0.6247711306,0.8977796485,0.6666666667,0.5868770249,0.6015567087,0.6247711306,0.8977796485,0.6666666667,0.6872859565,,,,
37,183,52601,1,371830526011,1500000US371830526011,Block Group 1,G5030,S,2278655,0,35.8462247,-78.6554752,81,93,2461,368,692,673,673,63,181705,-666666666,2491,487000,859,28,,,182,750,,0,174,7.0702966274,53.179190751,97.25433526,9.1040462428,5.6790060284,9.7354389058,0,1,1,9.7354389058,5.6790060284,487000,181705,53.179190751,0,1,2,119,0.2055859437,0.4388435878,0.7043808732,0.6851458529,0.6666666667,0.7944140563,0.5611564122,0.7043808732,0.6851458529,0.6666666667,0.6858926804,,,,
37,183,53523,1,371830535231,1500000US371830535231,Block Group 1,G5030,S,2654136,86334,35.8001758,-78.8226652,44,139,2728,309,726,583,583,19,112365,1436,2400,569900,1066,96,,,70,568,,0,183,6.7082111437,42.561983471,80.303030303,2.6170798898,4.3969533143,7.5376342531,1,1,1,7.5376342531,4.3969533143,569900,112365,42.561983471,1,1,3,497,0.1558133349,0.515659748,0.4042427941,0.5483567173,1,0.8441866651,0.484340252,0.4042427941,0.5483567173,1,0.6854281754,,,,
37,183,53011,1,371830530111,1500000US371830530111,Block Group 1,G5030,S,617874,25671,35.7489515,-78.7316284,75,74,1855,223,312,312,312,25,107721,-666666666,1633,326700,504,37,,,45,214,,0,149,8.0323450135,71.474358974,100,8.0128205128,4.7166299746,8.085651385,0,1,0,8.085651385,4.7166299746,326700,107721,71.474358974,0,0,1,711,0.1682240113,0.2903076353,0.3841412476,0.9208556947,0.3333333333,0.8317759887,0.7096923647,0.3841412476,0.9208556947,0.3333333333,0.6851771852,,,,
37,183,53425,1,371830534251,1500000US371830534251,Block Group 1,G5030,S,1499750,0,35.7868847,-78.8405069,11,8,1749,268,533,529,529,8,186250,2344,2443,472900,654,25,,,38,471,,0,19,1.0863350486,50.281425891,99.249530957,1.5009380863,5.4879967315,9.4079943969,0,1,1,9.4079943969,5.4879967315,472900,186250,50.281425891,0,1,2,153,0.1981704678,0.4257783543,0.7240538985,0.6478118592,0.6666666667,0.8018295322,0.5742216457,0.7240538985,0.6478118592,0.6666666667,0.6829934001,,,,
37,183,53521,1,371830535211,1500000US371830535211,Block Group 1,G5030,S,6290869,5868,35.8089553,-78.7485228,40,109,2560,254,590,547,547,89,98073,2045,2051,409400,935,14,,,98,676,,0,149,5.8203125,43.050847458,92.711864407,15.084745763,0.3834825784,0.6573987058,0,1,1,0.6573987058,0.3834825784,409400,98073,43.050847458,0,1,2,467,0,0.3669384729,0.342379895,0.5546551045,0.6666666667,1,0.6330615271,0.342379895,0.5546551045,0.6666666667,0.6828474044,,,,
37,183,53617,2,371830536172,1500000US371830536172,Block Group 2,G5030,S,3999790,0,35.831925,-78.8902507,362,111,4586,736,1202,1054,1054,182,133864,1681,2238,426900,1629,99,,,112,1046,,0,473,10.313999128,61.231281198,87.68718802,15.141430948,7.9883759159,13.694358713,0,1,1,13.694358713,7.9883759159,426900,133864,61.231281198,0,1,2,775,0.2952416675,0.3831541883,0.4973011812,0.7888867392,0.6666666667,0.7047583325,0.6168458117,0.4973011812,0.7888867392,0.6666666667,0.6798438817,,,,
37,183,54220,2,371830542202,1500000US371830542202,Block Group 2,G5030,S,4811970,0,35.9252587,-78.5391712,30,67,822,166,234,189,189,126,116250,1654,1601,239500,352,38,,,50,229,,0,97,11.800486618,70.94017094,80.769230769,53.846153846,14.01027968,24.017622308,0,1,1,24.017622308,14.01027968,239500,116250,70.94017094,0,1,2,27,0.5290275775,0.2095070423,0.4210590104,0.9139733651,0.6666666667,0.4709724225,0.7904929577,0.4210590104,0.9139733651,0.6666666667,0.6797742728,,,,
37,183,53409,3,371830534093,1500000US371830534093,Block Group 3,G5030,S,2255123,7171,35.7657087,-78.8502703,49,13,2017,279,565,490,490,14,160651,1740,2287,355000,669,0,,,111,581,,0,62,3.0738720873,49.380530973,86.725663717,2.4778761062,6.6651276577,11.425933127,0,1,1,11.425933127,6.6651276577,355000,160651,49.380530973,0,1,2,462,0.2438697409,0.3165307635,0.6132486679,0.6362049804,0.6666666667,0.7561302591,0.6834692365,0.6132486679,0.6362049804,0.6666666667,0.6794358573,,,,
37,183,51800,1,371830518001,1500000US371830518001,Block Group 1,G5030,S,1615982,0,35.8064512,-78.6275946,123,118,1871,282,393,366,366,71,122083,1586,2128,658700,813,83,,,53,756,,0,241,12.8808124,71.755725191,93.129770992,18.066157761,6.8692984978,11.775940282,0,1,1,11.775940282,6.8692984978,658700,122083,71.755725191,0,1,2,299,0.2517961821,0.5979429207,0.4463071416,0.9244807385,0.6666666667,0.7482038179,0.4020570793,0.4463071416,0.9244807385,0.6666666667,0.6765466025,,,,
37,183,53603,2,371830536032,1500000US371830536032,Block Group 2,G5030,S,3576182,13003,35.8050634,-78.8669099,65,45,2428,388,679,603,603,11,165000,1914,2645,520800,870,60,,,107,552,,0,110,4.5304777595,57.142857143,88.807069219,1.6200294551,6.6074700188,11.327091461,0,1,1,11.327091461,6.6074700188,520800,165000,57.142857143,0,1,2,776,0.241631322,0.4701630838,0.6320733074,0.7362126246,0.6666666667,0.758368678,0.5298369162,0.6320733074,0.7362126246,0.6666666667,0.676153373,,,,
37,183,54015,1,371830540151,1500000US371830540151,Block Group 1,G5030,S,4787879,0,35.8640955,-78.5677413,165,269,4380,462,983,696,696,59,50786,1352,1403,223800,1953,244,,,457,1081,,21,434,9.9086757991,46.998982706,70.803662258,6.002034588,10.730910992,18.395847414,1,1,1,18.395847414,10.730910992,223800,50786,46.998982706,1,1,3,203,0.4017139865,0.1949592291,0.1376981911,0.6055217772,1,0.5982860135,0.8050407709,0.1376981911,0.6055217772,1,0.675729921,,,,
37,183,53522,1,371830535221,1500000US371830535221,Block Group 1,G5030,S,2374618,17614,35.8059798,-78.804935,64,225,2900,457,721,681,681,89,149565,2413,2302,428500,1181,105,,,92,638,,0,289,9.9655172414,63.384188627,94.452149792,12.343966713,3.0292923355,5.1930725752,0,0,1,5.1930725752,3.0292923355,428500,149565,63.384188627,0,1,1,469,0.1027171914,0.384636768,0.5652629346,0.8166241977,0.3333333333,0.8972828086,0.615363232,0.5652629346,0.8166241977,0.3333333333,0.6747423581,,,,
37,183,52407,2,371830524072,1500000US371830524072,Block Group 2,G5030,S,828664,0,35.7821582,-78.7080263,111,106,1432,141,308,245,245,75,78782,1010,1996,312000,622,98,,,94,377,,0,217,15.153631285,45.779220779,79.545454545,24.350649351,3.2751752233,5.6145860971,0,1,1,5.6145860971,3.2751752233,312000,78782,45.779220779,0,1,2,410,0.1122630023,0.2766864344,0.2588788323,0.5898067049,0.6666666667,0.8877369977,0.7233135656,0.2588788323,0.5898067049,0.6666666667,0.6732698553,,,,
37,183,52507,2,371830525072,1500000US371830525072,Block Group 2,G5030,S,1690628,11513,35.850938,-78.7072113,73,89,2211,155,609,446,446,37,95417,1088,2022,352900,907,61,,,132,626,,0,162,7.3270013569,25.451559934,73.234811166,6.0755336617,3.413369801,5.8514910874,1,1,1,5.8514910874,3.413369801,352900,95417,25.451559934,1,1,3,84,0.117628074,0.3145848777,0.3308834032,0.3279107954,1,0.882371926,0.6854151223,0.3308834032,0.3279107954,1,0.6727420452,,,,
37,183,53208,2,371830532082,1500000US371830532082,Block Group 2,G5030,S,3210941,0,35.6348383,-78.8667274,251,297,6139,1186,1601,1545,1545,234,121883,2160,1929,352700,1842,0,,,200,1496,,0,548,8.9265352663,74.078700812,96.502186134,14.615865084,14.102812883,24.176250656,0,1,1,24.176250656,14.102812883,352700,121883,74.078700812,0,1,2,700,0.5326199562,0.3143995552,0.4454414419,0.9544093081,0.6666666667,0.4673800438,0.6856004448,0.4454414419,0.9544093081,0.6666666667,0.6704449045,,,,
37,183,53425,2,371830534252,1500000US371830534252,Block Group 2,G5030,S,548597,0,35.7869791,-78.8509515,177,48,1394,258,336,311,311,69,121490,1424,2768,468800,514,57,,,7,330,,0,225,16.140602582,76.785714286,92.55952381,20.535714286,6.0365912798,10.348442194,0,0,1,10.348442194,6.0365912798,468800,121490,76.785714286,0,1,1,159,0.2194683299,0.4219792439,0.443740342,0.9892857143,0.3333333333,0.7805316701,0.5780207561,0.443740342,0.9892857143,0.3333333333,0.6690991982,,,,
37,183,53725,3,371830537253,1500000US371830537253,Block Group 3,G5030,S,1114921,0,35.8810634,-78.7157613,56,78,1381,181,362,285,285,58,91447,1207,1900,353200,638,44,,,81,274,,0,134,9.7031136857,50,78.729281768,16.022099448,4.8898155004,8.3825408577,0,1,1,8.3825408577,4.8898155004,353200,91447,50,0,1,2,321,0.1749475222,0.3148628614,0.3136992646,0.6441860465,0.6666666667,0.8250524778,0.6851371386,0.3136992646,0.6441860465,0.6666666667,0.6690403186,,,,
37,183,53609,1,371830536091,1500000US371830536091,Block Group 1,G5030,S,15068461,1347089,35.8408048,-78.817459,51,29,1385,125,257,209,209,47,82936,1345,1564,327500,701,114,,,86,295,,0,80,5.7761732852,48.638132296,81.322957198,18.287937743,4.5793362391,7.8502906956,0,1,1,7.8502906956,4.5793362391,327500,82936,48.638132296,0,1,2,785,0.1628939127,0.2910489251,0.2768594147,0.6266401231,0.6666666667,0.8371060873,0.7089510749,0.2768594147,0.6266401231,0.6666666667,0.6687460424,,,,
37,183,54016,3,371830540163,1500000US371830540163,Block Group 3,G5030,S,1500658,0,35.9020564,-78.5933382,157,21,3147,326,816,757,757,57,123594,1432,1713,323300,1164,0,,,298,902,,0,178,5.6561804894,39.950980392,92.769607843,6.9852941176,10.592961758,18.159363014,1,1,1,18.159363014,10.592961758,323300,123594,39.950980392,1,1,3,91,0.3963584397,0.2871571534,0.4528475027,0.5147172823,1,0.6036415603,0.7128428466,0.4528475027,0.5147172823,1,0.6674430302,,,,
37,183,53712,1,371830537121,1500000US371830537121,Block Group 1,G5030,S,1718915,0,35.8993608,-78.6958938,23,33,1331,192,368,347,347,34,120781,1462,1852,388300,610,95,,,47,442,,0,56,4.207362885,52.173913043,94.293478261,9.2391304348,6.5065072897,11.154012497,0,1,1,11.154012497,6.5065072897,388300,120781,52.173913043,0,1,2,470,0.2377116872,0.3473869533,0.4406714367,0.6721941355,0.6666666667,0.7622883128,0.6526130467,0.4406714367,0.6721941355,0.6666666667,0.6665436984,,,,
37,183,53211,1,371830532111,1500000US371830532111,Block Group 1,G5030,S,6619605,0,35.6549727,-78.7632644,42,165,5013,856,1317,1285,1285,37,150375,1914,2351,439900,1462,0,,,315,1097,,17,207,4.1292639138,64.996203493,97.570235383,2.8094153379,11.104331344,19.035996589,0,1,1,19.035996589,11.104331344,439900,150375,64.996203493,0,1,2,72,0.4162111323,0.3952001483,0.5687690183,0.8373929473,0.6666666667,0.5837888677,0.6047998517,0.5687690183,0.8373929473,0.6666666667,0.6664656593,,,,
37,183,53616,1,371830536161,1500000US371830536161,Block Group 1,G5030,S,824215,0,35.8136687,-78.838179,97,35,1612,170,361,301,301,120,78125,1365,1592,280800,950,108,,,116,574,,0,132,8.1885856079,47.091412742,83.379501385,33.24099723,4.9876878435,8.5503220175,0,1,1,8.5503220175,4.9876878435,280800,78125,47.091412742,0,1,2,317,0.1787471802,0.2477761305,0.2560350089,0.60671262,0.6666666667,0.8212528198,0.7522238695,0.2560350089,0.60671262,0.6666666667,0.6663729681,,,,
37,183,53506,2,371830535062,1500000US371830535062,Block Group 2,G5030,S,1108044,0,35.7709804,-78.7724313,29,9,916,104,237,224,224,10,79006,2117,1510,321700,317,0,,,110,245,,0,38,4.1484716157,43.88185654,94.514767932,4.2194092827,3.3398388404,5.725438012,0,1,1,5.725438012,3.3398388404,321700,79006,43.88185654,0,1,2,392,0.1147734115,0.2856745738,0.259848416,0.5653615936,0.6666666667,0.8852265885,0.7143254262,0.259848416,0.5653615936,0.6666666667,0.6648303057,,,,
37,183,53608,1,371830536081,1500000US371830536081,Block Group 1,G5030,S,3539601,0,35.8491415,-78.8496144,121,176,4746,636,1273,959,959,134,108333,1679,1837,357200,1679,75,,,150,1131,,22,297,6.2579013906,49.960722702,75.333857031,10.526315789,6.0824071792,10.426983736,0,1,1,10.426983736,6.0824071792,357200,108333,49.960722702,0,1,2,418,0.2212470218,0.3185693106,0.3867902886,0.6436800088,0.6666666667,0.7787529782,0.6814306894,0.3867902886,0.6436800088,0.6666666667,0.6639067468,,,,
37,183,53603,1,371830536031,1500000US371830536031,Block Group 1,G5030,S,1065011,63030,35.8190797,-78.858404,61,19,2360,284,563,487,487,0,165102,1488,3060,503000,802,68,,,80,615,,0,80,3.3898305085,50.444049734,86.500888099,0,6.109978176,10.474248302,0,1,1,10.474248302,6.109978176,503000,165102,50.444049734,0,1,2,160,0.2223173994,0.4536693847,0.6325148143,0.6499070594,0.6666666667,0.7776826006,0.5463306153,0.6325148143,0.6499070594,0.6666666667,0.6627483528,,,,
37,183,53729,1,371830537291,1500000US371830537291,Block Group 1,G5030,S,2023965,137949,35.8776954,-78.6707163,161,42,2356,175,648,622,622,51,120000,3501,1870,351000,1112,72,,,193,657,,0,203,8.6162988115,27.00617284,95.987654321,7.8703703704,6.232181028,10.683738905,1,1,1,10.683738905,6.232181028,351000,120000,27.00617284,1,1,3,60,0.2270616308,0.3128243143,0.4372908794,0.3479399943,1,0.7729383692,0.6871756857,0.4372908794,0.3479399943,1,0.6613838159,,,,
37,183,53410,2,371830534102,1500000US371830534102,Block Group 2,G5030,S,1634439,0,35.8166776,-78.9127796,61,46,2335,384,660,605,605,47,164500,2272,2989,495800,798,40,,,11,553,,4,107,4.5824411135,58.181818182,91.666666667,7.1212121212,9.1752075899,15.728927297,0,1,1,15.728927297,9.1752075899,495800,164500,58.181818182,0,1,2,310,0.3413175488,0.4469977761,0.6299090582,0.7495983087,0.6666666667,0.6586824512,0.5530022239,0.6299090582,0.7495983087,0.6666666667,0.6589948739,,,,
37,183,53516,1,371830535161,1500000US371830535161,Block Group 1,G5030,S,1316917,0,35.7707371,-78.7468314,51,134,2366,154,659,433,433,37,67297,1167,1736,343000,1003,61,,,354,412,,8,185,7.819103973,23.368740516,65.705614568,5.6145675266,3.0990680965,5.3126881654,1,1,1,5.3126881654,3.0990680965,343000,67297,23.368740516,1,1,3,409,0.1054260673,0.3054114159,0.2091660282,0.3010763313,1,0.8945739327,0.6945885841,0.2091660282,0.3010763313,1,0.6587468857,,,,
37,183,54021,2,371830540212,1500000US371830540212,Block Group 2,G5030,S,1431965,20698,35.9334895,-78.5722972,57,26,1534,284,406,381,381,27,140375,-666666666,2234,456700,438,0,,,48,384,,0,83,5.4106910039,69.950738916,93.842364532,6.6502463054,12.918367203,22.145772348,0,1,1,22.145772348,12.918367203,456700,140375,69.950738916,0,1,2,706,0.4866367054,0.410767235,0.5254840343,0.9012257991,0.6666666667,0.5133632946,0.589232765,0.5254840343,0.9012257991,0.6666666667,0.6573755632,,,,
37,183,52810,3,371830528103,1500000US371830528103,Block Group 3,G5030,S,1492886,0,35.7327685,-78.5477216,146,128,3106,499,791,605,605,292,82844,2064,1439,216300,931,0,,,566,514,,0,274,8.8216355441,63.084702908,76.485461441,36.915297092,12.689769669,21.753890862,0,1,1,21.753890862,12.689769669,216300,82844,63.084702908,0,1,2,772,0.4777619568,0.1880096368,0.2764611928,0.8127657072,0.6666666667,0.5222380432,0.8119903632,0.2764611928,0.8127657072,0.6666666667,0.6571284629,,,,
37,183,53718,2,371830537182,1500000US371830537182,Block Group 2,G5030,S,1784583,0,35.9139801,-78.7511336,41,51,1664,292,445,407,407,32,144167,2075,2007,353700,514,0,,,112,471,,0,92,5.5288461538,65.617977528,91.460674157,7.191011236,6.7808548411,11.624322585,0,1,0,11.624322585,6.7808548411,353700,144167,65.617977528,0,0,1,738,0.2483625701,0.3153261675,0.5418977003,0.8454037105,0.3333333333,0.7516374299,0.6846738325,0.5418977003,0.8454037105,0.3333333333,0.6570514883,,,,
37,183,53611,4,371830536114,1500000US371830536114,Block Group 4,G5030,S,785115,0,35.8175671,-78.8353079,0,166,1666,173,463,411,411,131,84819,1474,1372,187100,623,0,,,90,506,,0,166,9.9639855942,37.365010799,88.768898488,28.293736501,4.8263240008,8.2736982871,0,1,1,8.2736982871,4.8263240008,187100,84819,37.365010799,0,1,2,47,0.1724826177,0.1609525574,0.2850099772,0.4814003717,0.6666666667,0.8275173823,0.8390474426,0.2850099772,0.4814003717,0.6666666667,0.6568732581,,,,
37,183,53525,2,371830535252,1500000US371830535252,Block Group 2,G5030,S,1256062,0,35.7773773,-78.8110967,46,51,2453,294,712,674,674,78,103424,1262,1806,325200,994,28,,,72,699,,5,97,3.9543416225,41.292134831,94.662921348,10.95505618,4.3555013097,7.4665736738,0,1,1,7.4665736738,4.3555013097,325200,103424,41.292134831,0,1,2,169,0.1542040607,0.2889177168,0.3655416899,0.5319963418,0.6666666667,0.8457959393,0.7110822832,0.3655416899,0.5319963418,0.6666666667,0.6565520292,,,,
37,183,54019,1,371830540191,1500000US371830540191,Block Group 1,G5030,S,1384591,0,35.9159328,-78.5811375,51,161,1990,301,527,468,468,88,168737,-666666666,2147,370000,844,136,,,99,611,,23,212,10.653266332,57.115749526,88.80455408,16.69829222,11.703631873,20.063368925,0,1,1,20.063368925,11.703631873,370000,168737,57.115749526,0,1,2,216,0.4394775319,0.3304299481,0.648248906,0.7358633776,0.6666666667,0.5605224681,0.6695700519,0.648248906,0.7358633776,0.6666666667,0.6561686957,,,,
37,183,53617,3,371830536173,1500000US371830536173,Block Group 3,G5030,S,1638840,0,35.8355901,-78.9059309,94,120,3461,598,951,782,782,171,137987,2053,2727,547200,1114,0,,,114,725,,0,214,6.1831840509,62.881177708,82.229232387,17.981072555,8.8962826787,15.250770306,0,1,1,15.250770306,8.8962826787,547200,137987,62.881177708,0,1,2,773,0.3304889609,0.4946256486,0.5151475802,0.8101435454,0.6666666667,0.6695110391,0.5053743514,0.5151475802,0.8101435454,0.6666666667,0.6558366077,,,,
37,183,53505,3,371830535053,1500000US371830535053,Block Group 3,G5030,S,1686060,0,35.7519975,-78.7566873,0,33,1005,110,280,241,241,22,113375,1058,1852,316500,493,83,,,59,268,,0,33,3.2835820896,39.285714286,86.071428571,7.8571428571,4.4067985292,7.5545117643,0,1,1,7.5545117643,4.4067985292,316500,113375,39.285714286,0,1,2,507,0.1561955517,0.2808561898,0.4086145775,0.5061461794,0.6666666667,0.8438044483,0.7191438102,0.4086145775,0.5061461794,0.6666666667,0.6555112101,,,,
37,183,53422,1,371830534221,1500000US371830534221,Block Group 1,G5030,S,1539024,76863,35.7776929,-78.8307704,36,53,2252,247,635,522,522,25,150417,2121,1878,353000,765,20,,,77,725,,8,89,3.9520426288,38.897637795,82.204724409,3.937007874,5.2442847312,8.9902023963,0,1,1,8.9902023963,5.2442847312,353000,150417,38.897637795,0,1,2,521,0.1887089364,0.3146775389,0.5689508153,0.5011463102,0.6666666667,0.8112910636,0.6853224611,0.5689508153,0.5011463102,0.6666666667,0.6554022505,,,,
37,183,53505,2,371830535052,1500000US371830535052,Block Group 2,G5030,S,1311063,1565,35.7588212,-78.7575668,52,17,930,98,269,222,222,49,101845,-666666666,1417,269100,414,25,,,33,292,,17,69,7.4193548387,36.431226766,82.527881041,18.215613383,3.8908474766,6.6700242456,0,1,1,6.6700242456,3.8908474766,269100,101845,36.431226766,0,1,2,390,0.1361649947,0.2369347665,0.358706991,0.4693697588,0.6666666667,0.8638350053,0.7630652335,0.358706991,0.4693697588,0.6666666667,0.6551182701,,,,
37,183,53620,2,371830536202,1500000US371830536202,Block Group 2,G5030,S,785219,0,35.8382685,-78.863335,21,44,2303,260,606,540,540,11,121420,1858,1985,293000,750,0,,,255,477,,0,65,2.822405558,42.904290429,89.108910891,1.8151815182,6.5850084431,11.288585902,0,1,1,11.288585902,6.5850084431,293000,121420,42.904290429,0,1,2,238,0.2407593054,0.2590808006,0.4434373471,0.5527669046,0.6666666667,0.7592406946,0.7409191994,0.4434373471,0.5527669046,0.6666666667,0.6538628077,,,,
37,183,51501,2,371830515012,1500000US371830515012,Block Group 2,G5030,S,2018269,6604,35.8171833,-78.677893,27,44,2136,259,604,589,589,45,250001,-666666666,3071,726600,706,21,,,17,663,,0,71,3.3239700375,42.880794702,97.516556291,7.4503311258,4.0889894408,7.0096961842,0,1,1,7.0096961842,4.0889894408,726600,250001,42.880794702,0,1,2,518,0.1438573793,0.6608598962,1,0.5524641922,0.6666666667,0.8561426207,0.3391401038,1,0.5524641922,0.6666666667,0.6533130573,,,,
37,183,52404,1,371830524041,1500000US371830524041,Block Group 1,G5030,S,2094791,88971,35.7707604,-78.7096537,53,46,2070,173,434,348,348,60,87400,1148,1490,312800,784,22,,,175,457,,36,99,4.7826086957,39.861751152,80.184331797,13.824884793,3.7486449968,6.426248566,0,1,1,6.426248566,3.7486449968,312800,87400,39.861751152,0,1,2,490,0.1306443259,0.2774277242,0.2961818316,0.5135676776,0.6666666667,0.8693556741,0.7225722758,0.2961818316,0.5135676776,0.6666666667,0.6531968096,,,,
37,183,53522,3,371830535223,1500000US371830535223,Block Group 3,G5030,S,2934052,0,35.8187917,-78.8122695,256,202,3358,423,1018,963,963,284,97455,1505,2356,380300,1534,130,,,144,1068,,0,458,13.639070876,41.552062868,94.597249509,27.8978389,3.5374383272,6.0641799895,0,1,1,6.0641799895,3.5374383272,380300,97455,41.552062868,0,1,2,236,0.1224447357,0.3399740549,0.339704883,0.5353451821,0.6666666667,0.8775552643,0.6600259451,0.339704883,0.5353451821,0.6666666667,0.6525341223,,,,
37,183,52504,3,371830525043,1500000US371830525043,Block Group 3,G5030,S,2582747,37244,35.8317498,-78.6901723,53,8,3486,153,593,476,476,26,82417,1253,2000,435900,2353,330,,,201,1043,,33,61,1.7498565691,25.801011804,80.269814503,4.3844856661,3.4882598597,5.9798740453,1,1,1,5.9798740453,3.4882598597,435900,82417,25.801011804,1,1,3,406,0.1205355001,0.391493699,0.274612924,0.3324130358,1,0.8794644999,0.608506301,0.274612924,0.3324130358,1,0.6521319365,,,,
37,183,52508,1,371830525081,1500000US371830525081,Block Group 1,G5030,S,1383681,4988,35.8401116,-78.6946337,15,8,1944,95,289,250,250,18,72164,1576,2703,541300,1037,113,,,25,724,,0,23,1.183127572,32.871972318,86.505190311,6.2283737024,3.5619711858,6.1062363185,1,1,1,6.1062363185,3.5619711858,541300,72164,32.871972318,1,1,3,796,0.1233971648,0.489158636,0.2302328299,0.4235133178,1,0.8766028352,0.510841364,0.2302328299,0.4235133178,1,0.650220594,,,,
37,183,52509,2,371830525092,1500000US371830525092,Block Group 2,G5030,S,3355464,17109,35.8244951,-78.7154711,27,26,1443,157,317,230,230,28,84135,1296,2866,588700,961,282,,,115,342,,0,53,3.6729036729,49.52681388,72.555205047,8.832807571,1.8682307808,3.2026813385,0,1,1,3.2026813385,1.8682307808,588700,84135,49.52681388,0,1,2,322,0.057641773,0.5330800593,0.2820492843,0.6380896486,0.6666666667,0.942358227,0.4669199407,0.2820492843,0.6380896486,0.6666666667,0.6500342188,,,,
37,183,52401,1,371830524011,1500000US371830524011,Block Group 1,G5030,S,11253046,4579,35.8025004,-78.7263859,186,107,5143,280,724,552,552,154,65125,1326,2087,377900,3008,296,,,224,1219,,0,293,5.6970639704,38.674033149,76.243093923,21.270718232,1.5131521037,2.593975035,0,1,1,2.593975035,1.5131521037,377900,65125,38.674033149,0,1,2,453,0.0438566985,0.3377501853,0.1997645297,0.4982654503,0.6666666667,0.9561433015,0.6622498147,0.1997645297,0.4982654503,0.6666666667,0.6493619372,,,,
37,183,53424,1,371830534241,1500000US371830534241,Block Group 1,G5030,S,1047516,0,35.7761291,-78.8414678,74,27,2044,261,604,546,546,79,139650,1917,1910,404100,726,23,,,41,528,,7,101,4.9412915851,43.21192053,90.397350993,13.079470199,5.8452477865,10.020424777,0,1,1,10.020424777,5.8452477865,404100,139650,43.21192053,0,1,2,59,0.2120398796,0.3620274277,0.522345873,0.556730325,0.6666666667,0.7879601204,0.6379725723,0.522345873,0.556730325,0.6666666667,0.6493350464,,,,
37,183,53424,2,371830534242,1500000US371830534242,Block Group 2,G5030,S,2191009,0,35.7640364,-78.8355651,49,19,2942,305,694,590,590,33,138333,1989,2287,409300,889,27,,,171,612,,0,68,2.3113528212,43.948126801,85.014409222,4.7550432277,6.0073464883,10.298308266,0,1,1,10.298308266,6.0073464883,409300,138333,43.948126801,0,1,2,463,0.2183329713,0.3668458117,0.5166452406,0.5662154011,0.6666666667,0.7816670287,0.6331541883,0.5166452406,0.5662154011,0.6666666667,0.6485993025,,,,
37,183,53620,1,371830536201,1500000US371830536201,Block Group 1,G5030,S,1460882,0,35.8446026,-78.864017,30,50,1360,123,285,200,200,0,101806,1828,1660,272500,600,27,,,18,330,,45,80,5.8823529412,43.157894737,70.175438596,0,6.7382367509,11.551263002,0,1,1,11.551263002,6.7382367509,272500,101806,43.157894737,0,1,2,25,0.2467080254,0.2400852483,0.3585381795,0.5560342717,0.6666666667,0.7532919746,0.7599147517,0.3585381795,0.5560342717,0.6666666667,0.6485016632,,,,
37,183,53211,2,371830532112,1500000US371830532112,Block Group 2,G5030,S,7353708,0,35.6399585,-78.766471,148,87,2752,483,758,754,754,87,165913,-666666666,2302,506100,798,0,,,75,599,,83,235,8.539244186,63.720316623,99.472295515,11.477572559,12.150031671,20.828625721,0,1,1,20.828625721,12.150031671,506100,165913,63.720316623,0,1,2,71,0.4568079289,0.4565418829,0.6360252265,0.820954777,0.6666666667,0.5431920711,0.5434581171,0.6360252265,0.820954777,0.6666666667,0.6466641914,,,,
37,63,2035,3,370630020353,1500000US370630020353,Block Group 3,G5030,S,3873325,16248,35.9563745,-78.8700023,204,153,2400,340,569,474,474,221,89591,-666666666,1719,279900,951,0,,,94,550,,0,357,14.875,59.753954306,83.304042179,38.840070299,11.809265457,20.244455069,0,1,1,20.244455069,11.809265457,279900,89591,59.753954306,0,1,2,627,0.4435785014,0.2469421794,0.3056655716,0.7698532718,0.6666666667,0.5564214986,0.7530578206,0.3056655716,0.7698532718,0.6666666667,0.6460801472,,,,
37,183,53523,2,371830535232,1500000US371830535232,Block Group 2,G5030,S,2759966,0,35.7932812,-78.813788,52,88,3317,336,922,843,843,55,199861,1478,2934,545300,1313,51,,,71,1033,,0,140,4.2206813386,36.442516269,91.431670282,5.9652928416,3.931389538,6.7395249223,0,1,1,6.7395249223,3.931389538,545300,199861,36.442516269,0,1,2,170,0.1377389426,0.4928650852,0.7829690902,0.4695152096,0.6666666667,0.8622610574,0.5071349148,0.7829690902,0.4695152096,0.6666666667,0.6460012921,,,,
37,183,53711,1,371830537111,1500000US371830537111,Block Group 1,G5030,S,2438501,0,35.9021399,-78.7133608,73,23,1644,247,536,502,502,101,145341,-666666666,2239,465300,638,41,,,33,479,,0,96,5.8394160584,46.082089552,93.656716418,18.843283582,6.2973744153,10.795498998,0,1,1,10.795498998,6.2973744153,465300,145341,46.082089552,0,1,2,429,0.229592607,0.4187361008,0.5469793574,0.5937087817,0.6666666667,0.770407393,0.5812638992,0.5469793574,0.5937087817,0.6666666667,0.6453130926,,,,
37,183,54217,1,371830542171,1500000US371830542171,Block Group 1,G5030,S,2667827,0,35.9174794,-78.5155687,159,98,2924,507,779,771,771,26,149292,-666666666,2387,364700,874,0,,,199,879,,0,257,8.7893296854,65.083440308,98.973042362,3.3376123235,14.88251399,25.512881126,0,1,1,25.512881126,14.88251399,364700,149292,65.083440308,0,1,2,731,0.5628899738,0.3255189029,0.5640812546,0.8385168821,0.6666666667,0.4371100262,0.6744810971,0.5640812546,0.8385168821,0.6666666667,0.6435444053,,,,
37,183,53419,1,371830534191,1500000US371830534191,Block Group 1,G5030,S,3449859,0,35.7363013,-78.8127523,206,153,1458,95,303,297,297,117,86875,-666666666,2181,434700,329,0,,,421,178,,0,359,24.622770919,31.353135314,98.01980198,38.613861386,6.5261683058,11.187717096,1,1,1,11.187717096,6.5261683058,434700,86875,31.353135314,1,1,3,141,0.2384749788,0.3903817643,0.2939093699,0.4039450457,1,0.7615250212,0.6096182357,0.2939093699,0.4039450457,1,0.6426821009,,,,
37,183,53517,3,371830535173,1500000US371830535173,Block Group 3,G5030,S,965101,14627,35.7802637,-78.7693085,0,70,1405,108,348,253,253,50,103750,1473,1472,317100,531,67,,,197,365,,0,70,4.9822064057,31.034482759,72.701149425,14.367816092,2.6230072512,4.4965838591,0,1,1,4.4965838591,2.6230072512,317100,103750,31.034482759,0,1,2,178,0.0869441516,0.2814121572,0.3669527804,0.3998396151,0.6666666667,0.9130558484,0.7185878428,0.3669527804,0.3998396151,0.6666666667,0.6419700458,,,,
37,183,54021,1,371830540211,1500000US371830540211,Block Group 1,G5030,S,529469,0,35.9263348,-78.5684965,65,0,1075,215,277,242,242,0,155210,-666666666,2389,363200,430,36,,,27,386,,0,65,6.0465116279,77.61732852,87.364620939,0,12.700176418,21.771731002,0,1,0,21.771731002,12.700176418,363200,155210,77.61732852,0,0,1,718,0.4781659737,0.3241289844,0.5896973081,1,0.3333333333,0.5218340263,0.6758710156,0.5896973081,1,0.3333333333,0.6412691072,,,,
37,183,53007,1,371830530071,1500000US371830530071,Block Group 1,G5030,S,5016284,0,35.7298425,-78.7376253,123,29,1857,246,522,503,503,86,129306,925,2929,486100,649,23,,,69,558,,0,152,8.1852450188,47.126436782,96.360153257,16.475095785,5.9519966305,10.203422795,0,1,1,10.203422795,5.9519966305,486100,129306,47.126436782,0,1,2,483,0.2161841464,0.4380096368,0.4775718855,0.6071638599,0.6666666667,0.7838158536,0.5619903632,0.4775718855,0.6071638599,0.6666666667,0.6412335229,,,,
37,183,53203,1,371830532031,1500000US371830532031,Block Group 1,G5030,S,4467770,19014,35.6717347,-78.8174577,235,137,5343,800,1533,1267,1267,405,132786,1476,1830,339100,1905,9,,,439,1128,,16,372,6.962380685,52.185257665,82.648401826,26.418786693,10.599093088,18.169873866,0,1,1,18.169873866,10.599093088,339100,132786,52.185257665,0,1,2,423,0.3965964739,0.3017976279,0.49263506,0.6723402964,0.6666666667,0.6034035261,0.6982023721,0.49263506,0.6723402964,0.6666666667,0.6411732694,,,,
37,183,53210,1,371830532101,1500000US371830532101,Block Group 1,G5030,S,12708948,75371,35.6788182,-78.7685957,645,38,5783,683,1411,1316,1316,165,141610,1307,2224,340300,1866,32,,,577,1277,,0,683,11.81047899,48.405386251,93.267186393,11.69383416,9.7323889398,16.684095325,0,1,1,16.684095325,9.7323889398,340300,141610,48.405386251,0,1,2,67,0.3629487727,0.3029095626,0.5308297299,0.623641488,0.6666666667,0.6370512273,0.6970904374,0.5308297299,0.623641488,0.6666666667,0.6410075726,,,,
37,183,52505,2,371830525052,1500000US371830525052,Block Group 2,G5030,S,1494441,0,35.8474099,-78.6771382,37,117,1771,77,406,249,249,46,64900,1364,2301,281800,1106,180,,,122,482,,0,154,8.6956521739,18.965517241,61.330049261,11.330049261,4.6102996153,7.9033707692,1,1,1,7.9033707692,4.6102996153,281800,64900,18.965517241,1,1,3,196,0.1640959912,0.2487027428,0.1987906175,0.2443464314,1,0.8359040088,0.7512972572,0.1987906175,0.2443464314,1,0.6402011233,,,,
37,63,2021,2,370630020212,1500000US370630020212,Block Group 2,G5030,S,2104042,5804,35.9121514,-78.9537768,132,102,1611,166,442,231,231,69,47409,1370,-666666666,120800,773,0,,,364,212,,10,234,14.525139665,37.556561086,52.262443439,15.610859729,13.149437923,22.541893582,1,1,1,22.541893582,13.149437923,120800,47409,37.556561086,1,1,3,527,0.4956074696,0.0995181616,0.123080852,0.4838682521,1,0.5043925304,0.9004818384,0.123080852,0.4838682521,1,0.6394696485,,,,
37,183,53433,2,371830534332,1500000US371830534332,Block Group 2,G5030,S,1563574,0,35.731553,-78.8839543,26,104,2915,402,794,680,680,84,107500,-666666666,1914,324200,1047,15,,,40,805,,0,130,4.4596912521,50.629722922,85.64231738,10.579345088,9.527104508,16.332179157,0,1,1,16.332179157,9.527104508,324200,107500,50.629722922,0,1,2,556,0.3549790991,0.2879911045,0.3831846494,0.6522992209,0.6666666667,0.6450209009,0.7120088955,0.3831846494,0.6522992209,0.6666666667,0.6383836078,,,,
37,183,54006,1,371830540061,1500000US371830540061,Block Group 1,G5030,S,1459958,0,35.8757687,-78.6338759,70,88,2397,167,542,326,326,10,44444,1109,1806,290600,1023,119,,,280,308,,6,158,6.5915727993,30.811808118,60.147601476,1.8450184502,7.6964065343,13.193839773,1,1,1,13.193839773,7.6964065343,290600,44444,30.811808118,1,1,3,156,0.2839066595,0.2568569311,0.1102468543,0.3969707371,1,0.7160933405,0.7431430689,0.1102468543,0.3969707371,1,0.6379193186,,,,
37,183,53410,1,371830534101,1500000US371830534101,Block Group 1,G5030,S,2943948,0,35.8048535,-78.9159697,66,71,3727,515,1035,712,712,55,205121,1846,2447,547500,1219,9,,,95,800,,16,137,3.6758787228,49.758454106,68.792270531,5.3140096618,9.3842711935,16.087322046,0,1,1,16.087322046,9.3842711935,547500,205121,49.758454106,0,1,2,162,0.3494339397,0.4949036323,0.8057369918,0.6410740366,0.6666666667,0.6505660603,0.5050963677,0.8057369918,0.6410740366,0.6666666667,0.6378363303,,,,
37,183,53421,1,371830534211,1500000US371830534211,Block Group 1,G5030,S,2969331,0,35.6970031,-78.789174,62,90,2734,311,936,846,846,86,98889,1387,2490,421200,1108,32,,,36,774,,0,152,5.559619605,33.226495726,90.384615385,9.188034188,8.4792288942,14.535820962,1,1,1,14.535820962,8.4792288942,421200,98889,33.226495726,1,1,3,417,0.3142978522,0.3778724981,0.3459119497,0.4280808984,1,0.6857021478,0.6221275019,0.3459119497,0.4280808984,1,0.6374624569,,,,
37,183,53512,1,371830535121,1500000US371830535121,Block Group 1,G5030,S,2832007,0,35.8212835,-78.7935419,172,0,3264,351,1103,721,721,162,100640,1477,1869,354900,1548,104,,,160,1068,,0,172,5.2696078431,31.822302811,65.367180417,14.687216682,2.5094419483,4.3019004828,0,1,1,4.3019004828,2.5094419483,354900,100640,31.822302811,0,1,2,82,0.0825352522,0.3164381023,0.3534911504,0.4099896688,0.6666666667,0.9174647478,0.6835618977,0.3534911504,0.4099896688,0.6666666667,0.6372584321,,,,
37,183,53509,3,371830535093,1500000US371830535093,Block Group 3,G5030,S,1564621,167435,35.7544667,-78.818476,78,46,1941,187,515,448,448,87,115341,1606,1613,312300,681,0,,,148,610,,0,124,6.3884595569,36.310679612,86.990291262,16.893203883,5.7761775896,9.902018725,0,1,1,9.902018725,5.7761775896,312300,115341,36.310679612,0,1,2,449,0.2093583956,0.2769644181,0.4171244054,0.4678166629,0.6666666667,0.7906416044,0.7230355819,0.4171244054,0.4678166629,0.6666666667,0.6342674571,,,,
37,183,53513,2,371830535132,1500000US371830535132,Block Group 2,G5030,S,1385432,0,35.796403,-78.789061,160,80,2330,200,566,402,402,65,76932,1475,1922,378700,876,153,,,211,399,,17,240,10.300429185,35.335689046,71.024734982,11.48409894,2.5926775292,4.4445900501,0,1,1,4.4445900501,2.5926775292,378700,76932,35.335689046,0,1,2,398,0.0857666731,0.3384914752,0.2508711103,0.4552551565,0.6666666667,0.9142333269,0.6615085248,0.2508711103,0.4552551565,0.6666666667,0.6330942702,,,,
37,183,52601,2,371830526012,1500000US371830526012,Block Group 2,G5030,S,1038491,0,35.8392355,-78.6477699,95,0,989,118,254,246,246,50,128750,1535,2389,524800,570,136,,,40,374,,0,95,9.6056622851,46.456692913,96.850393701,19.68503937,5.9332366718,10.171262866,1,1,0,10.171262866,5.9332366718,524800,128750,46.456692913,1,0,2,378,0.2154558362,0.473869533,0.4751652404,0.5985350668,0.6666666667,0.7845441638,0.526130467,0.4751652404,0.5985350668,0.6666666667,0.6318457584,,,,
37,183,53433,1,371830534331,1500000US371830534331,Block Group 1,G5030,S,1728169,0,35.7200693,-78.879933,249,29,3050,432,950,900,900,11,168001,-666666666,1459,395200,1015,0,,,15,678,,0,278,9.1147540984,45.473684211,94.736842105,1.1578947368,9.8597479694,16.90242509,0,1,1,16.90242509,9.8597479694,395200,168001,45.473684211,0,1,2,730,0.3678931803,0.3537805782,0.6450631311,0.585870257,0.6666666667,0.6321068197,0.6462194218,0.6450631311,0.585870257,0.6666666667,0.6315778,,,,
37,183,53520,3,371830535203,1500000US371830535203,Block Group 3,G5030,S,706079,0,35.7980678,-78.7693193,61,61,2279,225,476,330,330,25,58750,990,1176,242100,645,0,,,571,364,,0,122,5.3532250987,47.268907563,69.327731092,5.2521008403,1.6492052978,2.8272090819,0,0,1,2.8272090819,1.6492052978,242100,58750,47.268907563,0,1,1,415,0.0491386361,0.2119162342,0.1721703524,0.6089994137,0.3333333333,0.9508613639,0.7880837658,0.1721703524,0.6089994137,0.3333333333,0.6314656495,,,,
37,183,53405,2,371830534052,1500000US371830534052,Block Group 2,G5030,S,3675574,81789,35.7244793,-78.8031578,54,35,2575,218,706,646,646,54,131538,1450,2784,568600,1061,33,,,23,685,,6,89,3.4563106796,30.878186969,91.501416431,7.6487252125,6.9832983338,11.971368572,1,1,1,11.971368572,6.9832983338,568600,131538,30.878186969,1,1,3,142,0.2562219511,0.514455152,0.487233094,0.3978259437,1,0.7437780489,0.485544848,0.487233094,0.3978259437,1,0.6312332772,,,,
37,183,51800,2,371830518002,1500000US371830518002,Block Group 2,G5030,S,860030,0,35.8080361,-78.6399545,51,32,1526,223,358,336,336,44,185605,1061,2364,566500,757,173,,,0,471,,21,83,5.4390563565,62.290502793,93.854748603,12.290502793,6.1681684569,10.574003069,0,1,0,10.574003069,6.1681684569,566500,185605,62.290502793,0,0,1,511,0.2245764969,0.5125092661,0.721262017,0.8025334546,0.3333333333,0.7754235031,0.4874907339,0.721262017,0.8025334546,0.3333333333,0.6307802546,,,,
37,183,53604,1,371830536041,1500000US371830536041,Block Group 1,G5030,S,1387197,3197,35.7971832,-78.8530779,13,12,1848,211,568,517,517,14,210474,2638,2870,558100,613,0,,,74,374,,9,25,1.3528138528,37.147887324,91.021126761,2.4647887324,5.9690073584,10.232584043,0,1,1,10.232584043,5.9690073584,558100,210474,37.147887324,0,1,2,414,0.2168445469,0.5047257228,0.8289074437,0.4786030134,0.6666666667,0.7831554531,0.4952742772,0.8289074437,0.4786030134,0.6666666667,0.6307185498,,,,
37,183,53617,1,371830536171,1500000US371830536171,Block Group 1,G5030,S,1071386,0,35.8257666,-78.9094615,32,38,1859,252,551,376,376,0,126447,2196,1925,355100,622,0,,,56,350,,0,70,3.7654653039,45.735027223,68.239564428,0,9.0151713081,15.454579385,0,1,1,15.454579385,9.0151713081,355100,126447,45.735027223,0,1,2,309,0.3351045256,0.3166234248,0.4651967086,0.5892373275,0.6666666667,0.6648954744,0.6833765752,0.4651967086,0.5892373275,0.6666666667,0.6300615197,,,,
37,183,53727,1,371830537271,1500000US371830537271,Block Group 1,G5030,S,1503724,0,35.8508905,-78.7174509,40,71,1744,138,380,238,238,48,77143,1162,2089,390200,878,82,,,103,503,,0,111,6.3646788991,36.315789474,62.631578947,12.631578947,3.0204271877,5.177875179,0,1,1,5.177875179,3.0204271877,390200,77143,36.315789474,0,1,2,757,0.1023730234,0.3491475167,0.2517844235,0.4678824969,0.6666666667,0.8976269766,0.6508524833,0.2517844235,0.4678824969,0.6666666667,0.6300596407,,,,
37,183,53727,3,371830537273,1500000US371830537273,Block Group 3,G5030,S,2393306,0,35.8775074,-78.7425253,9,35,2856,339,650,523,523,34,133519,1485,2109,371300,1206,56,,,104,943,,0,44,1.5406162465,52.153846154,80.461538462,5.2307692308,4.2829089293,7.3421295932,0,0,1,7.3421295932,4.2829089293,371300,133519,52.153846154,0,1,1,31,0.1513858364,0.3316345441,0.4958078493,0.6719355993,0.3333333333,0.8486141636,0.6683654559,0.4958078493,0.6719355993,0.3333333333,0.6300579835,,,,
37,183,53611,1,371830536111,1500000US371830536111,Block Group 1,G5030,S,765128,0,35.8349545,-78.8485315,65,9,1747,324,548,462,462,30,138355,1423,2219,437400,583,0,,,59,530,,0,74,4.2358328563,59.124087591,84.306569343,5.4744525547,5.7235316298,9.8117685082,0,0,1,9.8117685082,5.7235316298,437400,138355,59.124087591,0,1,1,818,0.207314543,0.3928836175,0.5167404676,0.7617382448,0.3333333333,0.792685457,0.6071163825,0.5167404676,0.7617382448,0.3333333333,0.6283699154,,,,
37,183,52706,1,371830527061,1500000US371830527061,Block Group 1,G5030,S,2220076,5659,35.815363,-78.595978,46,87,1701,129,326,254,254,24,80000,1264,1157,173400,682,120,,,130,294,,18,133,7.8189300412,39.570552147,77.914110429,7.3619631902,8.7198472014,14.948309488,0,1,1,14.948309488,8.7198472014,173400,80000,39.570552147,0,1,2,157,0.3236392785,0.1482579689,0.2641509434,0.5098159509,0.6666666667,0.6763607215,0.8517420311,0.2641509434,0.5098159509,0.6666666667,0.626641002,,,,
37,183,53717,2,371830537172,1500000US371830537172,Block Group 2,G5030,S,3729378,0,35.9162947,-78.7763647,131,81,2876,107,592,359,359,68,76364,1448,1395,236800,1923,237,,,275,681,,0,212,7.371349096,18.074324324,60.641891892,11.486486486,7.1028842054,12.176372923,1,1,1,12.176372923,7.1028842054,236800,76364,18.074324324,1,1,3,55,0.2608645846,0.207005189,0.2484125232,0.2328645506,1,0.7391354154,0.792994811,0.2484125232,0.2328645506,1,0.626440206,,,,
37,183,53005,4,371830530054,1500000US371830530054,Block Group 4,G5030,S,2931530,0,35.7175973,-78.7709001,24,106,2156,247,672,634,634,31,191750,-666666666,2101,484100,716,0,,,98,835,,0,130,6.0296846011,36.755952381,94.345238095,4.6130952381,6.8665603782,11.771246363,0,1,1,11.771246363,6.8665603782,484100,191750,36.755952381,0,1,2,16,0.2516898812,0.4361564122,0.7478606397,0.473553433,0.6666666667,0.7483101188,0.5638435878,0.7478606397,0.473553433,0.6666666667,0.6263540028,,,,
37,183,53616,3,371830536163,1500000US371830536163,Block Group 3,G5030,S,1784602,0,35.8023518,-78.8438336,65,62,2622,318,870,766,766,64,175052,1846,2396,523400,1146,97,,,74,850,,0,127,4.8436308162,36.551724138,88.045977011,7.3563218391,5.3822852875,9.2267747786,0,1,1,9.2267747786,5.3822852875,523400,175052,36.551724138,0,1,2,221,0.1940664756,0.4725722758,0.6755833734,0.4709222133,0.6666666667,0.8059335244,0.5274277242,0.6755833734,0.4709222133,0.6666666667,0.6255911499,,,,
37,183,53711,2,371830537112,1500000US371830537112,Block Group 2,G5030,S,1901289,0,35.8923786,-78.7089271,72,0,1772,196,533,522,522,25,143654,-666666666,2350,434900,695,81,,,12,735,,0,72,4.0632054176,36.772983114,97.936210131,4.6904315197,5.7577415016,9.8704140027,0,1,1,9.8704140027,5.7577415016,434900,143654,36.772983114,0,1,2,408,0.2086426589,0.3905670867,0.5396771806,0.4737728522,0.6666666667,0.7913573411,0.6094329133,0.5396771806,0.4737728522,0.6666666667,0.6254701824,,,,
37,183,53611,2,371830536112,1500000US371830536112,Block Group 2,G5030,S,1192781,39198,35.8275543,-78.843005,34,92,2130,312,576,576,576,21,146310,2097,2205,407400,734,40,,,0,850,,24,126,5.9154929577,54.166666667,100,3.6458333333,5.3951244451,9.248784763,0,0,1,9.248784763,5.3951244451,407400,146310,54.166666667,0,1,1,74,0.194564925,0.3650852483,0.5511736723,0.6978682171,0.3333333333,0.805435075,0.6349147517,0.5511736723,0.6978682171,0.3333333333,0.6245928072,,,,
37,183,53506,3,371830535063,1500000US371830535063,Block Group 3,G5030,S,1634795,16817,35.7632523,-78.7771118,77,42,1788,132,419,398,398,79,111554,2993,1846,366400,748,0,,,156,573,,36,119,6.6554809843,31.503579952,94.988066826,18.854415274,3.9891742844,6.8385844875,0,1,1,6.8385844875,3.9891742844,366400,111554,31.503579952,0,1,2,127,0.1399822962,0.3270941438,0.4007323819,0.4058833324,0.6666666667,0.8600177038,0.6729058562,0.4007323819,0.4058833324,0.6666666667,0.6244630018,,,,
37,183,53507,3,371830535073,1500000US371830535073,Block Group 3,G5030,S,1063969,0,35.774898,-78.7893572,20,22,1254,90,338,295,295,11,94107,3375,1616,272600,571,24,,,109,418,,7,42,3.3492822967,26.627218935,87.278106509,3.2544378698,3.5956329027,6.1639421189,0,1,1,6.1639421189,3.5956329027,272600,94107,26.627218935,0,1,2,144,0.1247039999,0.2401779096,0.3252130703,0.3430576579,0.6666666667,0.8752960001,0.7598220904,0.3252130703,0.3430576579,0.6666666667,0.622407473,,,,
37,183,53719,3,371830537193,1500000US371830537193,Block Group 3,G5030,S,769768,0,35.9217473,-78.7505528,0,20,1227,184,334,325,325,4,168170,2020,2082,388000,341,0,,,31,289,,0,20,1.62999185,55.089820359,97.305389222,1.1976047904,7.3159534374,12.541634464,0,1,0,12.541634464,7.3159534374,388000,168170,55.089820359,0,0,1,737,0.2691364843,0.3471089696,0.6457946474,0.7097618716,0.3333333333,0.7308635157,0.6528910304,0.6457946474,0.7097618716,0.3333333333,0.6219806843,,,,
37,183,53715,2,371830537152,1500000US371830537152,Block Group 2,G5030,S,1786610,15781,35.8682142,-78.6757504,31,40,1702,176,559,482,482,53,137679,-666666666,2212,364700,749,72,,,86,499,,8,71,4.1715628672,31.484794275,86.225402504,9.481216458,5.4369194577,9.3204333561,0,1,1,9.3204333561,5.4369194577,364700,137679,31.484794275,0,1,2,434,0.1961875157,0.3255189029,0.5138144026,0.405641303,0.6666666667,0.8038124843,0.6744810971,0.5138144026,0.405641303,0.6666666667,0.6219744398,,,,
37,183,53205,1,371830532051,1500000US371830532051,Block Group 1,G5030,S,4984842,129653,35.6275663,-78.806737,142,213,3317,512,912,843,843,194,134423,1854,1996,357300,1111,41,,,244,990,,14,355,10.702441966,56.140350877,92.434210526,21.271929825,13.639215719,23.381512662,0,1,1,23.381512662,13.639215719,357300,134423,56.140350877,0,1,2,138,0.5146219129,0.3186619718,0.4997208119,0.7232966136,0.6666666667,0.4853780871,0.6813380282,0.4997208119,0.7232966136,0.6666666667,0.6217416953,,,,
37,183,54218,3,371830542183,1500000US371830542183,Block Group 3,G5030,S,3665110,0,35.8996137,-78.5315351,30,12,1382,191,336,325,325,21,94224,-666666666,1745,282300,432,0,,,130,189,,0,42,3.0390738061,56.845238095,96.726190476,6.25,13.528862004,23.192334864,0,1,1,23.192334864,13.528862004,282300,94224,56.845238095,0,1,2,214,0.5103376957,0.2491660489,0.3257195046,0.7323781838,0.6666666667,0.4896623043,0.7508339511,0.3257195046,0.7323781838,0.6666666667,0.621582196,,,,
37,183,53726,1,371830537261,1500000US371830537261,Block Group 1,G5030,S,877023,4683,35.8682933,-78.7060847,82,9,1642,125,418,323,323,50,83613,1337,1452,268200,772,117,,,170,439,,0,91,5.5420219245,29.90430622,77.272727273,11.961722488,4.3858242864,7.5185559196,0,1,1,7.5185559196,4.3858242864,268200,83613,29.90430622,0,1,2,411,0.1553812772,0.2361008154,0.2797898081,0.385278736,0.6666666667,0.8446187228,0.7638991846,0.2797898081,0.385278736,0.6666666667,0.6215665157,,,,
37,183,53409,2,371830534092,1500000US371830534092,Block Group 2,G5030,S,1762972,0,35.7711468,-78.8678289,80,79,2793,348,880,826,826,77,151977,-666666666,2103,445900,1020,44,,,81,1148,,0,159,5.6928034372,39.545454545,93.863636364,8.75,7.3257702376,12.558463264,0,1,1,12.558463264,7.3257702376,445900,151977,39.545454545,0,1,2,424,0.2695175979,0.4007598221,0.5757032728,0.5094926004,0.6666666667,0.7304824021,0.5992401779,0.5757032728,0.5094926004,0.6666666667,0.6207454468,,,,
37,183,51700,1,371830517001,1500000US371830517001,Block Group 1,G5030,S,1175141,0,35.8182151,-78.6410672,44,62,1003,136,299,299,299,38,224688,-666666666,4000,793100,372,31,,,23,387,,0,106,10.568295115,45.484949833,100,12.7090301,6.0855751423,10.43241453,0,1,1,10.43241453,6.0855751423,793100,224688,45.484949833,0,1,2,520,0.2213700104,0.7224796145,0.89043272,0.5860154002,0.6666666667,0.7786299896,0.2775203855,0.89043272,0.5860154002,0.6666666667,0.6190420299,,,,
37,183,53203,2,371830532032,1500000US371830532032,Block Group 2,G5030,S,3098635,0,35.6610976,-78.8227516,144,174,3793,537,1053,787,787,162,125090,1611,1983,377000,1253,0,,,100,1030,,51,318,8.3838650145,50.997150997,74.738841406,15.384615385,11.424722003,19.58523772,0,1,1,19.58523772,11.424722003,377000,125090,50.997150997,0,1,2,152,0.428649528,0.3369162342,0.4593229363,0.6570330617,0.6666666667,0.571350472,0.6630837658,0.4593229363,0.6570330617,0.6666666667,0.6189782635,,,,
37,183,53507,1,371830535071,1500000US371830535071,Block Group 1,G5030,S,789336,0,35.783192,-78.7852727,24,0,670,42,179,164,164,16,111250,1477,1723,307900,291,0,,,72,180,,0,24,3.5820895522,23.463687151,91.620111732,8.938547486,3.0108842592,5.161515873,0,1,1,5.161515873,3.0108842592,307900,111250,23.463687151,0,1,2,393,0.1020025422,0.2728873239,0.3994165184,0.3022995972,0.6666666667,0.8979974578,0.7271126761,0.3994165184,0.3022995972,0.6666666667,0.6187717841,,,,
37,183,53409,1,371830534091,1500000US371830534091,Block Group 1,G5030,S,1626080,0,35.7620441,-78.8627383,38,109,1957,347,593,577,577,75,136908,2213,2183,389700,660,46,,,99,564,,0,147,7.5114971896,58.516020236,97.301854975,12.647554806,7.3615679257,12.61983073,0,0,1,12.61983073,7.3615679257,389700,136908,58.516020236,0,1,1,151,0.270907357,0.3486842105,0.5104771304,0.7539040747,0.3333333333,0.729092643,0.6513157895,0.5104771304,0.7539040747,0.3333333333,0.618726717,,,,
37,183,53411,3,371830534113,1500000US371830534113,Block Group 3,G5030,S,2051619,7546,35.7912221,-78.8812849,18,90,2190,299,583,488,488,13,86129,1234,2469,502500,888,18,,,86,517,,0,108,4.9315068493,51.2864494,83.704974271,2.2298456261,7.4985044184,12.854579003,0,1,1,12.854579003,7.4985044184,502500,86129,51.2864494,0,1,2,219,0.2762235865,0.4532060786,0.2906803101,0.6607603016,0.6666666667,0.7237764135,0.5467939214,0.2906803101,0.6607603016,0.6666666667,0.6178943274,,,,
37,183,53614,2,371830536142,1500000US371830536142,Block Group 2,G5030,S,1080131,0,35.9047923,-78.8032404,265,0,2072,271,497,374,374,68,126705,1479,2098,328800,799,0,,,83,802,,0,265,12.78957529,54.527162978,75.251509054,13.682092555,6.8494479026,11.74191069,0,1,0,11.74191069,6.8494479026,328800,126705,54.527162978,0,0,1,764,0.2510255305,0.2922535211,0.4663134612,0.7025127509,0.3333333333,0.7489744695,0.7077464789,0.4663134612,0.7025127509,0.3333333333,0.6177191137,,,,
37,183,51700,3,371830517003,1500000US371830517003,Block Group 3,G5030,S,2626329,29014,35.8265596,-78.6624227,14,12,1496,206,400,374,374,114,198519,2213,3325,898600,718,44,,,19,648,,0,26,1.7379679144,51.5,93.5,28.5,5.0676149608,8.6873399327,0,1,1,8.6873399327,5.0676149608,898600,198519,51.5,0,1,2,192,0.1818501581,0.8202372128,0.7771602453,0.6635116279,0.6666666667,0.8181498419,0.1797627872,0.7771602453,0.6635116279,0.6666666667,0.6174172828,,,,
37,183,54222,3,371830542223,1500000US371830542223,Block Group 3,G5030,S,4901895,0,35.9359849,-78.4725108,266,242,3459,590,891,891,891,163,154364,-666666666,2184,396000,1060,0,,,113,988,,0,508,14.686325528,66.217732884,100,18.294051627,17.613419439,30.194433323,0,1,1,30.194433323,17.613419439,396000,154364,66.217732884,0,1,2,215,0.6689108005,0.3545218681,0.5860353985,0.8531307911,0.6666666667,0.3310891995,0.6454781319,0.5860353985,0.8531307911,0.6666666667,0.6170874972,,,,
37,183,53003,1,371830530031,1500000US371830530031,Block Group 1,G5030,S,1626118,0,35.731411,-78.7526037,0,0,902,108,323,323,323,0,153077,-666666666,2237,442900,371,17,,,45,314,,0,0,0,33.436532508,100,0,5.8098181411,9.9596882418,0,1,1,9.9596882418,5.8098181411,442900,153077,33.436532508,0,1,2,457,0.210664409,0.3979799852,0.580464621,0.4307869537,0.6666666667,0.789335591,0.6020200148,0.580464621,0.4307869537,0.6666666667,0.6168144346,,,,
37,183,53434,3,371830534343,1500000US371830534343,Block Group 3,G5030,S,1977747,0,35.7264554,-78.8657122,70,26,2892,375,823,668,668,25,93828,1006,1899,349800,1085,46,,,367,624,,10,96,3.3195020747,45.565006075,81.166464156,3.0376670717,8.973277226,15.382760959,0,1,1,15.382760959,8.973277226,349800,93828,45.565006075,0,1,2,553,0.3334780888,0.3117123795,0.3240054193,0.5870468225,0.6666666667,0.6665219112,0.6882876205,0.3240054193,0.5870468225,0.6666666667,0.6167835828,,,,
37,183,53010,3,371830530103,1500000US371830530103,Block Group 3,G5030,S,4378871,1178444,35.6826156,-78.7130022,0,36,1512,194,316,301,301,0,156136,-666666666,2472,401200,478,0,,,44,424,,0,36,2.380952381,61.392405063,95.253164557,0,9.2423248866,15.84398552,0,0,1,15.84398552,9.2423248866,401200,156136,61.392405063,0,1,1,727,0.3439232162,0.359340252,0.5937054976,0.7909626141,0.3333333333,0.6560767838,0.640659748,0.5937054976,0.7909626141,0.3333333333,0.6159290155,,,,
37,183,53521,2,371830535212,1500000US371830535212,Block Group 2,G5030,S,4696468,35634,35.8137939,-78.7656832,53,31,1459,165,421,397,397,74,103214,-666666666,1683,337700,633,13,,,88,377,,0,84,5.7573680603,39.19239905,94.299287411,17.57719715,0.7847613039,1.3453050923,0,1,0,1.3453050923,0.7847613039,337700,103214,39.19239905,0,0,1,427,0.01557868,0.3005003706,0.3646327053,0.5049439319,0.3333333333,0.98442132,0.6994996294,0.3646327053,0.5049439319,0.3333333333,0.615371176,,,,
37,183,53524,1,371830535241,1500000US371830535241,Block Group 1,G5030,S,808470,29716,35.7846128,-78.8082436,26,60,1538,89,302,219,219,50,42312,1222,1207,229600,872,26,,,86,414,,9,86,5.5916775033,29.470198675,72.516556291,16.556291391,3.8517015891,6.6029170098,0,1,1,6.6029170098,3.8517015891,229600,42312,29.470198675,0,1,2,112,0.1346452499,0.2003335804,0.1010184957,0.3796858155,0.6666666667,0.8653547501,0.7996664196,0.1010184957,0.3796858155,0.6666666667,0.6146286082,,,,
37,183,52706,2,371830527062,1500000US371830527062,Block Group 2,G5030,S,4070951,49909,35.8025762,-78.5856292,109,125,2819,236,576,466,466,57,56167,1062,1421,193900,1066,84,,,623,281,,39,234,8.3008158922,40.972222222,80.902777778,9.8958333333,9.0227503129,15.467571965,0,1,1,15.467571965,9.0227503129,193900,56167,40.972222222,0,1,2,199,0.3353987622,0.1672535211,0.160989841,0.527874677,0.6666666667,0.6646012378,0.8327464789,0.160989841,0.527874677,0.6666666667,0.6141005919,,,,
37,183,52407,1,371830524071,1500000US371830524071,Block Group 1,G5030,S,1350080,24403,35.7822891,-78.7177835,65,7,1782,80,309,186,186,46,65962,1061,1357,271400,889,53,,,72,580,,0,72,4.0404040404,25.889967638,60.194174757,14.886731392,3.0411267789,5.2133601925,0,1,1,5.2133601925,3.0411267789,271400,65962,25.889967638,0,1,2,819,0.1031766352,0.2390659748,0.2033874828,0.3335591179,0.6666666667,0.8968233648,0.7609340252,0.2033874828,0.3335591179,0.6666666667,0.6134545073,,,,
37,183,53518,2,371830535182,1500000US371830535182,Block Group 2,G5030,S,1239069,0,35.7632401,-78.8093887,32,59,1616,118,421,365,365,42,90163,1726,1664,271100,661,0,,,57,534,,7,91,5.6311881188,28.028503563,86.698337292,9.9762470309,4.9405314005,8.4694824008,0,1,1,8.4694824008,4.9405314005,271100,90163,28.028503563,0,1,2,395,0.1769164449,0.2387879911,0.3081414726,0.361111418,0.6666666667,0.8230835551,0.7612120089,0.3081414726,0.361111418,0.6666666667,0.6124386256,,,,
37,183,53405,1,371830534051,1500000US371830534051,Block Group 1,G5030,S,1502196,0,35.7105523,-78.7985797,0,49,1045,115,334,301,301,18,164545,-666666666,2060,410500,348,0,,,25,223,,0,49,4.6889952153,34.431137725,90.119760479,5.3892215569,7.7543785507,13.293220373,0,1,1,13.293220373,7.7543785507,410500,164545,34.431137725,0,1,2,90,0.2861572834,0.3679577465,0.6301038407,0.4436011698,0.6666666667,0.7138427166,0.6320422535,0.6301038407,0.4436011698,0.6666666667,0.6121131397,,,,
37,183,53415,3,371830534153,1500000US371830534153,Block Group 3,G5030,S,3541952,0,35.7434527,-78.883143,163,52,2734,297,698,510,510,153,120813,1494,2120,386500,1046,167,,,257,604,,2,215,7.8639356255,42.550143266,73.065902579,21.919770774,9.0128245624,15.450556393,1,0,1,15.450556393,9.0128245624,386500,120813,42.550143266,1,1,2,233,0.3350134189,0.3457190511,0.4408099486,0.5482041714,0.6666666667,0.6649865811,0.6542809489,0.4408099486,0.5482041714,0.6666666667,0.6115682061,,,,
37,183,53725,2,371830537252,1500000US371830537252,Block Group 2,G5030,S,761183,0,35.8756794,-78.7087954,58,0,1372,189,420,335,335,0,97568,1644,1371,240200,749,88,,,86,322,,0,58,4.2274052478,45,79.761904762,0,4.7253447915,8.1005910712,0,0,1,8.1005910712,4.7253447915,240200,97568,45,0,1,1,455,0.1685623431,0.2101556709,0.3401940033,0.5797674419,0.3333333333,0.8314376569,0.7898443291,0.3401940033,0.5797674419,0.3333333333,0.6114562075,,,,
37,183,54113,1,371830541131,1500000US371830541131,Block Group 1,G5030,S,12851897,0,35.8197703,-78.5034256,35,72,1871,176,538,447,447,42,102589,-666666666,1595,286700,861,111,,,354,330,,5,107,5.7188669161,32.713754647,83.085501859,7.8066914498,13.814952359,23.682775472,1,1,1,23.682775472,13.814952359,286700,102589,32.713754647,1,1,3,286,0.5214444647,0.2532431431,0.3619273938,0.4214748854,1,0.4785555353,0.7467568569,0.3619273938,0.4214748854,1,0.610551716,,,,
37,183,53113,2,371830531132,1500000US371830531132,Block Group 2,G5030,S,1232136,0,35.5795006,-78.8059431,0,34,1427,215,351,326,326,26,83365,1137,1480,235200,536,12,,,194,254,,0,34,2.382620883,61.253561254,92.877492877,7.4074074074,16.587859838,28.43633115,0,1,1,28.43633115,16.587859838,235200,83365,61.253561254,0,1,2,723,0.629095919,0.2055226093,0.2787163405,0.7891737892,0.6666666667,0.370904081,0.7944773907,0.2787163405,0.7891737892,0.6666666667,0.610119913,,,,
37,183,54116,1,371830541161,1500000US371830541161,Block Group 1,G5030,S,6179040,0,35.8598732,-78.5409068,28,5,3081,406,827,751,751,29,75625,1161,1587,247500,1361,0,,,186,1152,,0,33,1.0710808179,49.093107618,90.810157195,3.5066505441,12.095162479,20.73456425,0,1,1,20.73456425,12.095162479,247500,75625,49.093107618,0,1,2,33,0.4546777647,0.2169199407,0.2452137629,0.6325018981,0.6666666667,0.5453222353,0.7830800593,0.2452137629,0.6325018981,0.6666666667,0.6089267548,,,,
37,183,53428,1,371830534281,1500000US371830534281,Block Group 1,G5030,S,17987586,565449,35.6840259,-78.9523669,47,64,2477,398,564,478,478,86,149372,-666666666,2884,648300,679,0,,,386,272,,0,111,4.4812272911,70.567375887,84.75177305,15.24822695,14.90550861,25.552300475,0,1,1,25.552300475,14.90550861,648300,149372,70.567375887,0,1,2,765,0.5637826846,0.5883061527,0.5644275344,0.9091703777,0.6666666667,0.4362173154,0.4116938473,0.5644275344,0.9091703777,0.6666666667,0.6084617795,,,,
37,183,54114,2,371830541142,1500000US371830541142,Block Group 2,G5030,S,2537807,0,35.7736605,-78.5186456,87,66,2082,243,482,326,326,46,57030,1100,1355,168000,667,0,,,150,520,,0,153,7.34870317,50.414937759,67.634854772,9.5435684647,13.280300409,22.766229273,0,1,1,22.766229273,13.280300409,168000,57030,50.414937759,0,1,2,412,0.5006878905,0.1432542624,0.1647253351,0.6495319888,0.6666666667,0.4993121095,0.8567457376,0.1647253351,0.6495319888,0.6666666667,0.608366039,,,,
37,183,53714,2,371830537142,1500000US371830537142,Block Group 2,G5030,S,1848856,0,35.8670379,-78.6879058,5,32,2184,180,508,411,411,58,102663,1291,2301,451000,1288,271,,,63,709,,0,37,1.6941391941,35.433070866,80.905511811,11.417322835,4.9469448749,8.4804769284,0,1,1,8.4804769284,4.9469448749,451000,102663,35.433070866,0,1,2,401,0.1771654326,0.4054855448,0.3622477026,0.4565097967,0.6666666667,0.8228345674,0.5945144552,0.3622477026,0.4565097967,0.6666666667,0.6082970857,,,,
37,183,54116,2,371830541162,1500000US371830541162,Block Group 2,G5030,S,1407155,0,35.8405737,-78.535492,79,18,1181,147,320,223,223,70,91333,1285,1489,231900,392,0,,,172,225,,0,97,8.2133784928,45.9375,69.6875,21.875,12.132218541,20.798088927,0,1,1,20.798088927,12.132218541,231900,91333,45.9375,0,1,2,246,0.4561163771,0.2024647887,0.3132058158,0.5918459302,0.6666666667,0.5438836229,0.7975352113,0.3132058158,0.5918459302,0.6666666667,0.6080933455,,,,
37,183,53509,2,371830535092,1500000US371830535092,Block Group 2,G5030,S,2389944,171208,35.7463217,-78.8044181,87,16,2208,291,738,738,738,29,186250,-666666666,3232,684100,754,0,,,51,712,,0,103,4.6648550725,39.430894309,100,3.9295392954,5.5963085046,9.5936717221,0,1,1,9.5936717221,5.5963085046,684100,186250,39.430894309,0,1,2,79,0.2023754116,0.6214788732,0.7240538985,0.5080166383,0.6666666667,0.7976245884,0.3785211268,0.7240538985,0.5080166383,0.6666666667,0.6078532552,,,,
37,183,53726,2,371830537262,1500000US371830537262,Block Group 2,G5030,S,1408051,18593,35.8694978,-78.7185296,11,46,1486,89,317,140,140,0,52188,1178,1568,252200,864,151,,,144,338,,0,57,3.8358008075,28.075709779,44.164037855,0,4.1441631158,7.1042796272,1,1,0,7.1042796272,4.1441631158,252200,52188,28.075709779,1,0,2,186,0.1459993643,0.2212750185,0.1437667459,0.3617196097,0.6666666667,0.8540006357,0.7787249815,0.1437667459,0.3617196097,0.6666666667,0.6073850656,,,,
37,183,53208,1,371830532081,1500000US371830532081,Block Group 1,G5030,S,42068893,1399361,35.6502537,-78.8887404,153,186,6412,997,1659,1582,1582,126,131933,2352,2608,482400,2077,159,,,359,1504,,0,339,5.2869619464,60.096443641,95.358649789,7.5949367089,13.94046286,23.897936331,0,1,1,23.897936331,13.94046286,482400,131933,60.096443641,0,1,2,715,0.5263171076,0.4345811712,0.4889428508,0.7742658088,0.6666666667,0.4736828924,0.5654188288,0.4889428508,0.7742658088,0.6666666667,0.6072985595,,,,
37,183,52307,3,371830523073,1500000US371830523073,Block Group 3,G5030,S,1105210,375579,35.7571363,-78.7100005,0,0,1170,45,199,145,145,0,70278,1269,-666666666,186200,610,0,,,50,397,,0,0,0,22.613065327,72.864321608,0,4.4461709902,7.6220074118,0,1,1,7.6220074118,4.4461709902,186200,70278,22.613065327,0,1,2,54,0.1577240927,0.1601186064,0.2220692819,0.291340423,0.6666666667,0.8422759073,0.8398813936,0.2220692819,0.291340423,0.6666666667,0.6069206229,,,,
37,183,53434,1,371830534341,1500000US371830534341,Block Group 1,G5030,S,377272,0,35.7340426,-78.8746742,47,31,660,103,184,184,184,47,158516,-666666666,1773,374600,206,0,,,0,248,,0,78,11.818181818,55.97826087,100,25.543478261,9.0106337614,15.446800734,0,1,0,15.446800734,9.0106337614,374600,158516,55.97826087,0,0,1,558,0.3349283663,0.3346923647,0.6040073238,0.7212082912,0.3333333333,0.6650716337,0.6653076353,0.6040073238,0.7212082912,0.3333333333,0.6066989073,,,,
37,183,54115,1,371830541151,1500000US371830541151,Block Group 1,G5030,S,2721939,0,35.7829194,-78.4976317,196,20,3274,425,829,653,653,146,95607,-666666666,1547,228400,1323,0,,,413,595,,0,216,6.5974343311,51.266586248,78.76960193,17.611580217,14.31943484,24.547602582,0,1,1,24.547602582,14.31943484,228400,95607,51.266586248,0,1,2,787,0.541029782,0.1992216457,0.3317058179,0.6605043903,0.6666666667,0.458970218,0.8007783543,0.3317058179,0.6605043903,0.6666666667,0.6065282381,,,,
37,183,53204,2,371830532042,1500000US371830532042,Block Group 2,G5030,S,1515084,0,35.6469493,-78.825596,109,102,2755,373,789,602,602,67,88616,1260,1462,246500,954,23,,,242,533,,0,211,7.6588021779,47.275031686,76.299112801,8.4917617237,12.393894556,21.246676382,0,1,1,21.246676382,12.393894556,246500,88616,47.275031686,0,1,2,150,0.4662753181,0.2159933284,0.3014452856,0.6090783152,0.6666666667,0.5337246819,0.7840066716,0.3014452856,0.6090783152,0.6666666667,0.6059799455,,,,
37,183,51502,2,371830515022,1500000US371830515022,Block Group 2,G5030,S,1617471,0,35.8080673,-78.6794302,30,29,1432,176,398,362,362,38,145313,1020,3112,767700,663,104,,,72,429,,0,59,4.1201117318,44.221105528,90.954773869,9.5477386935,3.9635138737,6.794595212,0,1,1,6.794595212,3.9635138737,767700,145313,44.221105528,0,1,2,189,0.1389860926,0.698943662,0.5468581594,0.5697323828,0.6666666667,0.8610139074,0.301056338,0.5468581594,0.5697323828,0.6666666667,0.6059169894,,,,
37,183,53717,1,371830537171,1500000US371830537171,Block Group 1,G5030,S,3101500,0,35.9055776,-78.7456668,60,54,1329,134,274,216,216,70,84960,1488,1465,239100,721,81,,,72,373,,0,114,8.5778781038,48.905109489,78.832116788,25.547445255,6.2043613396,10.636048011,0,1,0,10.636048011,6.2043613396,239100,84960,48.905109489,0,0,1,145,0.2259815984,0.2091363973,0.2856202955,0.6300797827,0.3333333333,0.7740184016,0.7908636027,0.2856202955,0.6300797827,0.3333333333,0.6044259628,,,,
37,183,51200,2,371830512002,1500000US371830512002,Block Group 2,G5030,S,820718,0,35.7879749,-78.6553993,14,40,1083,63,131,131,131,33,56645,1366,2642,552600,790,74,,,51,244,,0,54,4.9861495845,48.091603053,100,25.190839695,5.6131431463,9.6225311079,0,1,1,9.6225311079,5.6131431463,552600,56645,48.091603053,0,1,2,124,0.203028976,0.4996293551,0.1630588632,0.6195987928,0.6666666667,0.796971024,0.5003706449,0.1630588632,0.6195987928,0.6666666667,0.6038558029,,,,
37,183,53611,3,371830536113,1500000US371830536113,Block Group 3,G5030,S,896715,0,35.8216183,-78.8383963,16,72,1619,130,403,322,322,0,102434,2188,2105,416200,601,43,,,155,329,,0,88,5.4354539839,32.258064516,79.900744417,0,5.0147670386,8.5967434948,0,1,1,8.5967434948,5.0147670386,416200,102434,32.258064516,0,1,2,805,0.1797984648,0.3732394366,0.3612564765,0.415603901,0.6666666667,0.8202015352,0.6267605634,0.3612564765,0.415603901,0.6666666667,0.6037624527,,,,
37,183,52705,3,371830527053,1500000US371830527053,Block Group 3,G5030,S,2329115,0,35.8212939,-78.6064517,31,230,2610,131,423,284,284,23,79049,1462,1257,182500,1757,565,,,216,562,,0,261,10,30.969267139,67.139479905,5.4373522459,8.0360987595,13.776169302,0,1,1,13.776169302,8.0360987595,182500,79049,30.969267139,0,1,2,719,0.297094392,0.1566901408,0.2600345414,0.3989993952,0.6666666667,0.702905608,0.8433098592,0.2600345414,0.3989993952,0.6666666667,0.6034750101,,,,
37,183,53436,1,371830534361,1500000US371830534361,Block Group 1,G5030,S,2162870,6869,35.724169,-78.8334863,11,27,1489,113,319,289,289,29,73229,1576,1576,250500,753,175,,,192,162,,0,38,2.5520483546,35.423197492,90.595611285,9.0909090909,8.0648119352,13.825391889,0,1,1,13.825391889,8.0648119352,250500,73229,35.423197492,0,1,2,210,0.2982091119,0.2196997776,0.2348426807,0.4563825909,0.6666666667,0.7017908881,0.7803002224,0.2348426807,0.4563825909,0.6666666667,0.6024210156,,,,
37,183,53616,2,371830536162,1500000US371830536162,Block Group 2,G5030,S,1439308,0,35.8019096,-78.8352331,31,6,639,60,164,144,144,0,183636,-666666666,3861,696000,234,0,,,51,132,,0,37,5.7902973396,36.585365854,87.804878049,0,4.91281204,8.4219634971,0,1,1,8.4219634971,4.91281204,696000,183636,36.585365854,0,1,2,319,0.1758403075,0.6325055597,0.7127392036,0.4713556438,0.6666666667,0.8241596925,0.3674944403,0.7127392036,0.4713556438,0.6666666667,0.6019849758,,,,
37,183,53516,2,371830535162,1500000US371830535162,Block Group 2,G5030,S,1315425,0,35.7725336,-78.7566558,71,11,1148,52,304,236,236,26,122577,-666666666,1500,317500,629,144,,,126,362,,0,82,7.1428571429,17.105263158,77.631578947,8.5526315789,2.999733804,5.1424008068,0,1,1,5.1424008068,2.999733804,317500,122577,17.105263158,0,1,2,439,0.1015696526,0.2817828021,0.4484454198,0.220379437,0.6666666667,0.8984303474,0.7182171979,0.4484454198,0.220379437,0.6666666667,0.601523761,,,,
37,183,53730,2,371830537302,1500000US371830537302,Block Group 2,G5030,S,558675,0,35.875244,-78.6475381,43,24,1860,131,492,217,217,28,67697,1136,985,146500,815,12,,,264,356,,0,67,3.6021505376,26.62601626,44.105691057,5.6910569106,7.041188715,12.070609226,0,1,1,12.070609226,7.041188715,146500,67697,26.62601626,0,1,2,62,0.2584694057,0.1233320979,0.2108974276,0.343042163,0.6666666667,0.7415305943,0.8766679021,0.2108974276,0.343042163,0.6666666667,0.6008998458,,,,
37,183,53615,2,371830536152,1500000US371830536152,Block Group 2,G5030,S,3550317,320080,35.8908598,-78.8059486,0,31,2510,158,597,427,427,32,105098,1384,1643,279200,1261,0,,,88,842,,0,31,1.235059761,26.465661642,71.524288107,5.3601340034,6.2421452643,10.700820453,0,1,1,10.700820453,6.2421452643,279200,105098,26.465661642,0,1,2,804,0.2274484683,0.2462935508,0.3727875963,0.3409761988,0.6666666667,0.7725515317,0.7537064492,0.3727875963,0.3409761988,0.6666666667,0.5997353154,,,,
37,63,102,1,370630001021,1500000US370630001021,Block Group 1,G5030,S,1176041,726,36.031115,-78.9086114,71,57,1807,187,431,264,264,15,39327,928,1242,206600,862,131,,,191,142,,0,128,7.0835639181,43.387470998,61.252900232,3.4802784223,17.254388693,29.578952045,1,1,1,29.578952045,17.254388693,206600,39327,43.387470998,1,1,3,279,0.6549722965,0.1790214974,0.0880979279,0.5589920682,1,0.3450277035,0.8209785026,0.0880979279,0.5589920682,1,0.5990104362,,,,
37,183,53524,2,371830535242,1500000US371830535242,Block Group 2,G5030,S,1616915,0,35.7895898,-78.7977376,7,20,1944,93,570,485,485,7,103274,1683,1502,260100,941,72,,,129,661,,11,27,1.3888888889,16.315789474,85.087719298,1.2280701754,3.2554346799,5.5807451655,0,1,1,5.5807451655,3.2554346799,260100,103274,16.315789474,0,1,2,399,0.1114966233,0.2285952557,0.3648924152,0.2102080783,0.6666666667,0.8885033767,0.7714047443,0.3648924152,0.2102080783,0.6666666667,0.5987813875,,,,
37,183,52504,1,371830525041,1500000US371830525041,Block Group 1,G5030,S,2449809,3275,35.8143441,-78.7005283,50,132,2029,129,486,330,330,66,63750,1144,1571,371300,970,44,,,350,526,,12,182,8.969935929,26.543209877,67.901234568,13.580246914,2.823089195,4.8395814771,0,1,1,4.8395814771,2.823089195,371300,63750,26.543209877,0,1,2,377,0.0947118511,0.3316345441,0.1938128444,0.3419753086,0.6666666667,0.9052881489,0.6683654559,0.1938128444,0.3419753086,0.6666666667,0.5982035733,,,,
37,183,54007,2,371830540072,1500000US371830540072,Block Group 2,G5030,S,1207779,0,35.8919289,-78.6443817,24,119,2140,172,483,378,378,26,72639,1350,1375,286400,1112,133,,,210,466,,11,143,6.6822429907,35.610766046,78.260869565,5.3830227743,7.8997716779,13.542465734,0,1,1,13.542465734,7.8997716779,286400,72639,35.610766046,0,1,2,102,0.2918018214,0.2529651594,0.2322888667,0.4587991718,0.6666666667,0.7081981786,0.7470348406,0.2322888667,0.4587991718,0.6666666667,0.5977185257,,,,
37,183,53719,1,371830537191,1500000US371830537191,Block Group 1,G5030,S,372393,0,35.9271954,-78.7461839,43,42,830,129,249,215,215,23,121786,-666666666,1823,334200,290,0,,,37,305,,0,85,10.240963855,51.807228916,86.345381526,9.2369477912,7.6934017692,13.188688747,0,1,0,13.188688747,7.6934017692,334200,121786,51.807228916,0,0,1,471,0.2837900067,0.2972572276,0.4450215776,0.6674698795,0.3333333333,0.7162099933,0.7027427724,0.4450215776,0.6674698795,0.3333333333,0.5976373471,,,,
37,183,53721,2,371830537212,1500000US371830537212,Block Group 2,G5030,S,3804763,0,35.9101847,-78.7006715,68,48,1629,148,486,415,415,31,147277,3221,2325,416800,590,19,,,80,460,,0,116,7.1209330878,30.452674897,85.390946502,6.378600823,7.0687530973,12.117862453,0,1,1,12.117862453,7.0687530973,416800,147277,30.452674897,0,1,2,87,0.2595395265,0.373795404,0.5553593303,0.392343765,0.6666666667,0.7404604735,0.626204596,0.5553593303,0.392343765,0.6666666667,0.5973112452,,,,
37,183,53517,4,371830535174,1500000US371830535174,Block Group 4,G5030,S,597099,0,35.787207,-78.7754992,0,0,275,26,71,63,63,0,78875,1117,1425,246600,151,0,,,30,80,,0,0,0,36.61971831,88.732394366,0,2.4479218137,4.1964373949,0,1,0,4.1964373949,2.4479218137,246600,78875,36.61971831,0,0,1,387,0.0801468811,0.2160859896,0.2592813827,0.4717982312,0.3333333333,0.9198531189,0.7839140104,0.2592813827,0.4717982312,0.3333333333,0.5972904445,,,,
37,63,2021,3,370630020213,1500000US370630020213,Block Group 3,G5030,S,2229791,4205,35.9014114,-78.9483231,41,28,1302,136,281,243,243,44,103421,1439,1916,335100,674,0,,,24,335,,0,69,5.2995391705,48.398576512,86.476868327,15.658362989,12.647433957,21.681315354,1,0,1,21.681315354,12.647433957,335100,103421,48.398576512,1,1,2,666,0.4761183747,0.2980911787,0.3655287044,0.6235537532,0.6666666667,0.5238816253,0.7019088213,0.3655287044,0.6235537532,0.6666666667,0.5971268127,,,,
37,183,52506,2,371830525062,1500000US371830525062,Block Group 2,G5030,S,1804554,0,35.8537708,-78.6860954,42,14,1468,112,461,410,410,43,142375,1681,2350,441100,708,43,,,28,472,,0,56,3.8147138965,24.295010846,88.937093275,9.3275488069,4.4204245322,7.5778706266,0,1,1,7.5778706266,4.4204245322,441100,142375,24.295010846,0,1,2,440,0.1567245484,0.396312083,0.5341410311,0.3130101397,0.6666666667,0.8432754516,0.603687917,0.5341410311,0.3130101397,0.6666666667,0.5965564177,,,,
37,183,53431,1,371830534311,1500000US371830534311,Block Group 1,G5030,S,4483094,0,35.7041608,-78.8294787,114,117,2749,326,537,455,455,77,65781,1377,1653,301400,1188,66,,,90,708,,51,231,8.4030556566,60.707635009,84.729981378,14.338919926,8.9063853181,15.268089117,0,0,1,15.268089117,8.9063853181,301400,65781,60.707635009,0,1,1,802,0.3308811716,0.266864344,0.2026040246,0.7821402278,0.3333333333,0.6691188284,0.733135656,0.2026040246,0.7821402278,0.3333333333,0.5963689644,,,,
37,183,52701,3,371830527013,1500000US371830527013,Block Group 3,G5030,S,2411412,7257,35.8255352,-78.6224524,40,69,2661,68,350,198,198,41,36565,1131,2265,328300,1404,62,,,433,294,,0,109,4.0962044344,19.428571429,56.571428571,11.714285714,7.1537713974,12.26360811,1,1,1,12.26360811,7.1537713974,328300,36565,19.428571429,1,1,3,333,0.2628401572,0.291790215,0.0761426154,0.2503122924,1,0.7371598428,0.708209785,0.0761426154,0.2503122924,1,0.5961242523,,,,
37,183,53712,2,371830537122,1500000US371830537122,Block Group 2,G5030,S,1623727,0,35.8942897,-78.6869368,20,130,1615,133,490,403,403,85,122199,-666666666,1848,341800,665,0,,,166,434,,0,150,9.2879256966,27.142857143,82.244897959,17.346938776,6.457022798,11.069181939,0,1,1,11.069181939,6.457022798,341800,122199,27.142857143,0,1,2,194,0.235790571,0.3042994811,0.4468092474,0.3497009967,0.6666666667,0.764209429,0.6957005189,0.4468092474,0.3497009967,0.6666666667,0.5956319683,,,,
37,183,53003,3,371830530033,1500000US371830530033,Block Group 3,G5030,S,1166541,0,35.7419347,-78.7486458,43,29,1537,135,393,370,370,37,67744,1133,2582,415900,973,186,,,92,379,,0,72,4.6844502277,34.351145038,94.147582697,9.4147582697,5.0816496288,8.7113993637,0,1,1,8.7113993637,5.0816496288,415900,67744,34.351145038,0,1,2,20,0.1823950203,0.3729614529,0.211100867,0.4425705663,0.6666666667,0.8176049797,0.6270385471,0.211100867,0.4425705663,0.6666666667,0.594895016,,,,
37,183,53419,2,371830534192,1500000US371830534192,Block Group 2,G5030,S,1460853,0,35.7295717,-78.8252004,96,51,2462,308,634,559,559,53,140179,1815,1885,358700,839,30,,,112,609,,0,147,5.9707554833,48.58044164,88.170347003,8.3596214511,7.3042187635,12.52151788,0,1,0,12.52151788,7.3042187635,358700,140179,48.58044164,0,0,1,143,0.2686809139,0.3199592291,0.5246356486,0.6258968528,0.3333333333,0.7313190861,0.6800407709,0.5246356486,0.6258968528,0.3333333333,0.5944423704,,,,
37,183,54001,3,371830540013,1500000US371830540013,Block Group 3,G5030,S,979727,0,35.8660736,-78.6254114,89,0,1786,102,332,224,224,59,54011,1035,1052,182600,1360,371,,,258,482,,0,89,4.9832026876,30.722891566,67.469879518,17.771084337,7.7803002439,13.337657561,0,1,1,13.337657561,7.7803002439,182600,54011,30.722891566,0,1,2,184,0.2871636307,0.1567828021,0.1516575985,0.3958251611,0.6666666667,0.7128363693,0.8432171979,0.1516575985,0.3958251611,0.6666666667,0.5943079154,,,,
37,183,50300,1,371830503001,1500000US371830503001,Block Group 1,G5030,S,694868,0,35.7933887,-78.6480011,0,17,1723,73,250,230,230,18,67536,996,1917,293600,1235,198,,,63,650,,18,17,0.9866511898,29.2,92,7.2,5.8975051253,10.110008786,0,1,1,10.110008786,5.8975051253,293600,67536,29.2,0,1,2,132,0.2140686449,0.259636768,0.2102005393,0.3762046512,0.6666666667,0.7859313551,0.740363232,0.2102005393,0.3762046512,0.6666666667,0.5929600352,,,,
37,183,53520,2,371830535202,1500000US371830535202,Block Group 2,G5030,S,1232592,0,35.8074683,-78.7757089,163,51,3241,202,595,392,392,23,77464,1153,1439,269700,1539,32,,,145,761,,0,214,6.6029003394,33.949579832,65.882352941,3.8655462185,1.5815523189,2.7112325468,0,1,0,2.7112325468,1.5815523189,269700,77464,33.949579832,0,0,1,374,0.0465121721,0.2374907339,0.2531738715,0.4373969123,0.3333333333,0.9534878279,0.7625092661,0.2531738715,0.4373969123,0.3333333333,0.5922070921,,,,
37,183,53417,1,371830534171,1500000US371830534171,Block Group 1,G5030,S,1850595,0,35.7191698,-78.8532579,58,19,2205,175,551,366,366,65,87188,1834,1383,235800,1123,137,,,186,531,,0,77,3.4920634921,31.760435572,66.424682396,11.796733212,8.8484491116,15.168769906,0,1,1,15.168769906,8.8484491116,235800,87188,31.760435572,0,1,2,245,0.3286319379,0.2060785767,0.2952641899,0.4091925885,0.6666666667,0.6713680621,0.7939214233,0.2952641899,0.4091925885,0.6666666667,0.5917841996,,,,
37,183,52303,1,371830523031,1500000US371830523031,Block Group 1,G5030,S,523416,3719,35.7470353,-78.679921,12,11,1358,41,100,81,81,24,97531,1940,1255,207600,596,89,,,28,674,,0,23,1.6936671576,41,81,24,6.0787114426,10.420648187,0,1,0,10.420648187,6.0787114426,207600,97531,41,0,0,1,21,0.2211035438,0.1799481097,0.3400338489,0.5282325581,0.3333333333,0.7788964562,0.8200518903,0.3400338489,0.5282325581,0.3333333333,0.5914626832,,,,
37,183,53436,2,371830534362,1500000US371830534362,Block Group 2,G5030,S,1504584,0,35.7339063,-78.8452478,20,57,1683,160,551,267,267,65,92371,1442,1866,277400,846,157,,,20,466,,0,77,4.5751633987,29.038112523,48.457350272,11.796733212,7.4780407354,12.819498403,0,1,1,12.819498403,7.4780407354,277400,92371,29.038112523,0,1,2,563,0.2754291333,0.2446256486,0.3176987971,0.3741189381,0.6666666667,0.7245708667,0.7553743514,0.3176987971,0.3741189381,0.6666666667,0.5908505345,,,,
37,183,54023,1,371830540231,1500000US371830540231,Block Group 1,G5030,S,1497030,0,35.8949714,-78.5430871,55,24,2332,258,589,485,485,66,88581,-666666666,1646,249600,788,0,,,106,556,,28,79,3.3876500858,43.803056027,82.34295416,11.205432937,12.806210503,21.953503719,0,1,1,21.953503719,12.806210503,249600,88581,43.803056027,0,1,2,70,0.4822824917,0.2188658265,0.3012937882,0.5643463497,0.6666666667,0.5177175083,0.7811341735,0.3012937882,0.5643463497,0.6666666667,0.5902055114,,,,
37,183,53415,2,371830534152,1500000US371830534152,Block Group 2,G5030,S,709215,0,35.7532158,-78.8843653,0,80,1090,146,265,231,231,8,112375,1917,1746,360700,375,0,,,85,285,,0,80,7.3394495413,55.094339623,87.169811321,3.0188679245,8.718592039,14.946157781,0,0,1,14.946157781,8.718592039,360700,112375,55.094339623,0,1,1,320,0.3235905498,0.3218124537,0.4042860791,0.7098200965,0.3333333333,0.6764094502,0.6781875463,0.4042860791,0.7098200965,0.3333333333,0.5892901705,,,,
37,183,53430,3,371830534303,1500000US371830534303,Block Group 3,G5030,S,677344,0,35.7418192,-78.8602372,57,28,1782,246,480,398,398,63,131719,2167,2146,375800,653,30,,,12,454,,0,85,4.7699214366,51.25,82.916666667,13.125,8.042520894,13.787178675,0,0,1,13.787178675,8.042520894,375800,131719,51.25,0,1,1,566,0.2973437159,0.3358042995,0.4880165522,0.6602906977,0.3333333333,0.7026562841,0.6641957005,0.4880165522,0.6602906977,0.3333333333,0.5890442074,,,,
37,183,53506,1,371830535061,1500000US371830535061,Block Group 1,G5030,S,751313,0,35.7774509,-78.7757566,0,0,1093,73,332,218,218,0,63266,966,2170,332000,423,0,,,133,216,,0,0,0,21.987951807,65.662650602,0,3.020699247,5.1783415662,0,1,1,5.1783415662,3.020699247,332000,63266,21.987951807,0,1,2,391,0.1023835855,0.2952186805,0.1917178512,0.2832866349,0.6666666667,0.8976164145,0.7047813195,0.1917178512,0.2832866349,0.6666666667,0.5886871447,,,,
37,183,51700,2,371830517002,1500000US371830517002,Block Group 2,G5030,S,1138804,0,35.8149399,-78.6480092,84,24,1111,155,334,316,316,62,244271,-666666666,3102,684700,481,70,,,7,378,,0,108,9.7209720972,46.407185629,94.610778443,18.562874251,5.6934816885,9.7602543232,0,1,0,9.7602543232,5.6934816885,684700,244271,46.407185629,0,0,1,544,0.2061479264,0.6220348406,0.9751977042,0.5978972288,0.3333333333,0.7938520736,0.3779651594,0.9751977042,0.5978972288,0.3333333333,0.5877167946,,,,
37,183,52408,1,371830524081,1500000US371830524081,Block Group 1,G5030,S,599632,0,35.7818008,-78.6938358,44,35,1001,48,166,56,56,36,34425,1053,2528,347200,588,165,,,8,146,,0,79,7.8921078921,28.915662651,33.734939759,21.686746988,3.8961811192,6.679167633,0,1,1,6.679167633,3.8961811192,347200,34425,28.915662651,0,1,2,98,0.1363720606,0.3093031875,0.0668796288,0.3725413281,0.6666666667,0.8636279394,0.6906968125,0.0668796288,0.3725413281,0.6666666667,0.5872029756,,,,
37,183,51501,1,371830515011,1500000US371830515011,Block Group 1,G5030,S,1748384,0,35.8289447,-78.6731324,24,43,1680,170,424,373,373,43,83292,1123,2853,630800,794,57,,,233,627,,0,67,3.9880952381,40.094339623,87.971698113,10.141509434,4.3792551895,7.5072946106,0,1,1,7.5072946106,4.3792551895,630800,83292,40.094339623,0,1,2,516,0.1551262479,0.5720904374,0.2784003601,0.5165642826,0.6666666667,0.8448737521,0.4279095626,0.2784003601,0.5165642826,0.6666666667,0.5871147906,,,,
37,183,53429,2,371830534292,1500000US371830534292,Block Group 2,G5030,S,2626205,0,35.7463595,-78.8470519,37,49,2167,167,623,484,484,43,134219,1413,1914,367400,867,17,,,87,757,,0,86,3.9686202123,26.805778491,77.688603531,6.9020866774,7.274263034,12.470165201,0,1,1,12.470165201,7.274263034,367400,134219,26.805778491,0,1,2,729,0.2675179548,0.3280207561,0.4988377982,0.3453581694,0.6666666667,0.7324820452,0.6719792439,0.4988377982,0.3453581694,0.6666666667,0.5870730156,,,,
37,183,53513,1,371830535131,1500000US371830535131,Block Group 1,G5030,S,1140500,0,35.8065007,-78.7888943,0,58,2003,88,431,272,272,34,68007,1186,1894,365200,1110,161,,,217,429,,0,58,2.8956565152,20.417633411,63.109048724,7.8886310905,2.3060456514,3.9532211166,0,1,1,3.9532211166,2.3060456514,365200,68007,20.417633411,0,1,2,376,0.0746388808,0.325982209,0.2122392621,0.2630550909,0.6666666667,0.9253611192,0.674017791,0.2122392621,0.2630550909,0.6666666667,0.5864648703,,,,
37,183,54206,2,371830542062,1500000US371830542062,Block Group 2,G5030,S,3253776,0,35.9588705,-78.5311302,75,57,3416,274,806,620,620,83,73393,1349,1673,277000,1914,219,,,380,746,,15,132,3.8641686183,33.995037221,76.923076923,10.297766749,15.731289601,26.967925031,1,1,1,26.967925031,15.731289601,277000,73393,33.995037221,1,1,3,747,0.5958416426,0.2442550037,0.2355525545,0.4379825726,1,0.4041583574,0.7557449963,0.2355525545,0.4379825726,1,0.5852394872,,,,
37,183,53112,2,371830531122,1500000US371830531122,Block Group 2,G5030,S,5591482,0,35.557337,-78.7950229,0,0,1434,269,479,479,479,0,93924,-666666666,1532,233600,569,0,,,167,439,,0,0,0,56.158663883,100,0,17.992129039,30.84364978,0,1,1,30.84364978,17.992129039,233600,93924,56.158663883,0,1,2,722,0.6836132886,0.2040400297,0.3244209551,0.7235325533,0.6666666667,0.3163867114,0.7959599703,0.3244209551,0.7235325533,0.6666666667,0.5849472391,,,,
37,183,53718,1,371830537181,1500000US371830537181,Block Group 1,G5030,S,1246313,0,35.9150759,-78.7362609,72,60,1602,187,413,350,350,48,102766,-666666666,1708,287600,606,0,,,136,481,,0,132,8.2397003745,45.278450363,84.745762712,11.622276029,6.8951981182,11.820339631,0,1,0,11.820339631,6.8951981182,287600,102766,45.278450363,0,0,1,430,0.2528016724,0.2540770941,0.362693538,0.5833549186,0.3333333333,0.7471983276,0.7459229059,0.362693538,0.5833549186,0.3333333333,0.5847589132,,,,
37,183,53427,1,371830534271,1500000US371830534271,Block Group 1,G5030,S,6141523,31955,35.7367656,-78.9238841,62,40,1833,221,527,398,398,74,149432,-666666666,2428,470400,749,136,,,0,673,,13,102,5.5646481178,41.935483871,75.521821632,14.041745731,11.247757264,19.281869596,0,1,1,19.281869596,11.247757264,470400,149432,41.935483871,0,1,2,559,0.4217792982,0.4234618236,0.5646872443,0.5402850713,0.6666666667,0.5782207018,0.5765381764,0.5646872443,0.5402850713,0.6666666667,0.5847361363,,,,
37,183,54001,2,371830540012,1500000US371830540012,Block Group 2,G5030,S,1222000,16707,35.8551654,-78.6217783,0,41,1198,84,251,190,190,46,38750,775,1358,255200,719,28,,,203,416,,47,41,3.4223706177,33.466135458,75.697211155,18.326693227,7.6327061221,13.084639066,0,1,1,13.084639066,7.6327061221,255200,38750,33.466135458,0,1,2,445,0.2814336444,0.2240548554,0.0856003844,0.4311683499,0.6666666667,0.7185663556,0.7759451446,0.0856003844,0.4311683499,0.6666666667,0.584516077,,,,
37,183,54121,2,371830541212,1500000US371830541212,Block Group 2,G5030,S,5151404,0,35.8616624,-78.5223377,83,163,4948,609,1431,971,971,121,102742,1647,1641,274900,1580,0,,,493,939,,0,246,4.9717057397,42.557651992,67.8546471,8.4556254368,13.135687918,22.518322146,0,1,1,22.518322146,13.135687918,274900,102742,42.557651992,0,1,2,45,0.4950736588,0.2423091179,0.362589654,0.5483009117,0.6666666667,0.5049263412,0.7576908821,0.362589654,0.5483009117,0.6666666667,0.5844372884,,,,
37,183,53415,1,371830534151,1500000US371830534151,Block Group 1,G5030,S,495311,0,35.7576098,-78.8801046,33,17,1009,133,305,274,274,27,179537,-666666666,1994,362900,316,0,,,38,255,,11,50,4.9554013875,43.606557377,89.836065574,8.8524590164,8.3619806538,14.334823978,0,0,1,14.334823978,8.3619806538,362900,179537,43.606557377,0,1,1,761,0.3097459717,0.3238510007,0.6949966887,0.561814716,0.3333333333,0.6902540283,0.6761489993,0.6949966887,0.561814716,0.3333333333,0.5844133215,,,,
37,183,51900,1,371830519001,1500000US371830519001,Block Group 1,G5030,S,1845884,52223,35.7837209,-78.6027815,70,95,2144,166,492,283,283,48,72022,1315,1522,295400,777,82,,,317,303,,4,165,7.6958955224,33.739837398,57.520325203,9.756097561,8.5200060609,14.605724676,0,1,1,14.605724676,8.5200060609,295400,72022,33.739837398,0,1,2,546,0.3158809275,0.2613046701,0.2296181832,0.4346946493,0.6666666667,0.6841190725,0.7386953299,0.2296181832,0.4346946493,0.6666666667,0.5837376481,,,,
37,183,54012,2,371830540122,1500000US371830540122,Block Group 2,G5030,S,1696852,0,35.8748938,-78.6143402,49,27,1039,115,326,305,305,53,104286,1203,1853,393100,422,0,,,52,317,,0,76,7.3147256978,35.27607362,93.558282209,16.257668712,8.6118108373,14.763104293,0,1,1,14.763104293,8.6118108373,393100,104286,35.27607362,0,1,2,155,0.3194450268,0.3518346924,0.3692728556,0.454487088,0.6666666667,0.6805549732,0.6481653076,0.3692728556,0.454487088,0.6666666667,0.5836541957,,,,
37,183,53206,3,371830532063,1500000US371830532063,Block Group 3,G5030,S,4072296,27676,35.6214326,-78.8464037,147,62,1780,283,445,400,400,81,155375,-666666666,1887,334300,445,0,,,77,482,,0,209,11.741573034,63.595505618,89.887640449,18.202247191,14.54782738,24.939132652,0,0,1,24.939132652,14.54782738,334300,155375,63.595505618,0,1,1,797,0.5498965723,0.2973498888,0.5904115103,0.8193467468,0.3333333333,0.4501034277,0.7026501112,0.5904115103,0.8193467468,0.3333333333,0.5836003836,,,,
37,183,53429,1,371830534291,1500000US371830534291,Block Group 1,G5030,S,828994,0,35.732336,-78.8549287,22,0,582,35,127,99,99,21,120982,1232,2159,320900,407,108,,,39,183,,0,22,3.7800687285,27.559055118,77.952755906,16.535433071,8.2548954945,14.151249419,0,1,1,14.151249419,8.2548954945,320900,120982,27.559055118,0,1,2,547,0.3055886483,0.2849332839,0.4415414649,0.3550631752,0.6666666667,0.6944113517,0.7150667161,0.4415414649,0.3550631752,0.6666666667,0.5828694548,,,,
37,183,54113,2,371830541132,1500000US371830541132,Block Group 2,G5030,S,9122515,398010,35.8133691,-78.522918,140,88,3181,310,753,453,453,101,60397,1334,1375,198300,1284,99,,,316,450,,6,228,7.1675573719,41.168658699,60.15936255,13.413014608,12.492499578,21.415713562,0,1,1,21.415713562,12.492499578,198300,60397,41.168658699,0,1,2,477,0.4701034206,0.1713306153,0.1792993892,0.5304055097,0.6666666667,0.5298965794,0.8286693847,0.1792993892,0.5304055097,0.6666666667,0.5820726715,,,,
37,183,53724,1,371830537241,1500000US371830537241,Block Group 1,G5030,S,894183,77679,35.8811342,-78.7294033,28,67,2253,285,469,424,424,15,103311,1013,1950,329300,1124,196,,,78,519,,0,95,4.2166000888,60.767590618,90.405117271,3.1982942431,4.6747473403,8.0138525834,0,0,0,8.0138525834,4.6747473403,329300,103311,60.767590618,0,0,0,103,0.1665980189,0.2927168273,0.3650525696,0.7829126791,0,0.8334019811,0.7072831727,0.3650525696,0.7829126791,0,0.5820405566,,,,
37,183,53520,1,371830535201,1500000US371830535201,Block Group 1,G5030,S,1522013,0,35.7954292,-78.7775156,0,17,1266,40,332,230,230,18,95978,1148,1891,324400,674,60,,,53,323,,0,17,1.3428120063,12.048192771,69.277108434,5.421686747,2.1061699543,3.6105770645,0,1,1,3.6105770645,2.1061699543,324400,95978,12.048192771,0,1,2,373,0.0668791883,0.288176427,0.3333116908,0.1552255534,0.6666666667,0.9331208117,0.711823573,0.3333116908,0.1552255534,0.6666666667,0.5811158083,,,,
37,183,53506,4,371830535064,1500000US371830535064,Block Group 4,G5030,S,2433396,0,35.74885,-78.7745968,15,24,1999,112,637,569,569,9,134152,1505,1835,371000,1011,118,,,149,492,,0,39,1.9509754877,17.582417582,89.324960754,1.4128728414,4.8174765835,8.2585312861,0,1,1,8.2585312861,4.8174765835,371000,134152,17.582417582,0,1,2,81,0.172139138,0.3313565604,0.4985477888,0.2265269614,0.6666666667,0.827860862,0.6686434396,0.4985477888,0.2265269614,0.6666666667,0.580513756,,,,
37,183,54219,1,371830542191,1500000US371830542191,Block Group 1,G5030,S,1687803,0,35.9630856,-78.497644,60,53,2032,290,568,515,515,38,175060,-666666666,2658,392800,734,0,,,41,582,,0,113,5.561023622,51.056338028,90.669014085,6.6901408451,17.401984723,29.831973811,0,1,1,29.831973811,17.401984723,392800,175060,51.056338028,0,1,2,834,0.6607023569,0.3515567087,0.6756180014,0.6577956109,0.6666666667,0.3392976431,0.6484432913,0.6756180014,0.6577956109,0.6666666667,0.5798571052,,,,
37,183,53202,2,371830532022,1500000US371830532022,Block Group 2,G5030,S,4050368,413094,35.6453459,-78.7899742,11,27,2039,249,632,571,571,20,160179,-666666666,2230,438300,747,76,,,107,507,,6,38,1.8636586562,39.398734177,90.348101266,3.164556962,12.017652112,20.601689334,0,1,1,20.601689334,12.017652112,438300,160179,39.398734177,0,1,2,459,0.4516686114,0.3937175686,0.6112056167,0.5076022961,0.6666666667,0.5483313886,0.6062824314,0.6112056167,0.5076022961,0.6666666667,0.5796938025,,,,
37,183,52306,1,371830523061,1500000US371830523061,Block Group 1,G5030,S,931045,0,35.7509946,-78.7073043,0,15,1077,32,184,152,152,16,74773,1370,1388,222200,627,171,,,87,198,,0,15,1.3927576602,17.391304348,82.608695652,8.6956521739,5.045223274,8.6489541841,0,1,1,8.6489541841,5.045223274,222200,74773,17.391304348,0,1,2,65,0.1809808548,0.1934766494,0.2415258823,0.2240647118,0.6666666667,0.8190191452,0.8065233506,0.2415258823,0.2240647118,0.6666666667,0.579561556,,,,
37,183,50400,1,371830504001,1500000US371830504001,Block Group 1,G5030,S,1532292,0,35.7968576,-78.6353908,29,28,1110,70,297,273,273,34,136667,1464,1893,396600,565,23,,,36,392,,0,57,5.1351351351,23.569023569,91.919191919,11.447811448,6.5322215155,11.198094027,0,1,1,11.198094027,6.5322215155,396600,136667,23.569023569,0,1,2,264,0.2387099801,0.3550778354,0.5094339623,0.3036567223,0.6666666667,0.7612900199,0.6449221646,0.5094339623,0.3036567223,0.6666666667,0.579497848,,,,
37,183,54112,2,371830541122,1500000US371830541122,Block Group 2,G5030,S,7323388,0,35.8199845,-78.4773878,124,183,2765,352,669,455,455,124,65400,1175,1775,277200,986,0,,,268,597,,11,307,11.103074141,52.615844544,68.011958146,18.535127055,15.277049911,26.189228418,0,1,1,26.189228418,15.277049911,277200,65400,52.615844544,0,1,2,29,0.5782068807,0.2444403262,0.2009548667,0.6778878576,0.6666666667,0.4217931193,0.7555596738,0.2009548667,0.6778878576,0.6666666667,0.579460999,,,,
37,183,53427,2,371830534272,1500000US371830534272,Block Group 2,G5030,S,1487301,0,35.7368602,-78.9052167,178,0,2656,365,636,604,604,60,117793,1388,1932,384400,995,48,,,256,742,,0,178,6.7018072289,57.389937107,94.968553459,9.4339622642,10.302552881,17.661519224,0,0,1,17.661519224,10.302552881,384400,117793,57.389937107,0,1,1,565,0.3850840145,0.3437731653,0.4277378835,0.7393959339,0.3333333333,0.6149159855,0.6562268347,0.4277378835,0.7393959339,0.3333333333,0.5792638018,,,,
37,183,53518,1,371830535181,1500000US371830535181,Block Group 1,G5030,S,855652,17285,35.7569187,-78.805686,23,0,1840,79,505,236,236,7,112422,1449,1569,278700,798,75,,,65,333,,0,23,1.25,15.643564356,46.732673267,1.3861386139,5.0999952997,8.7428490852,0,1,1,8.7428490852,5.0999952997,278700,112422,15.643564356,0,1,2,394,0.1831072467,0.2458302446,0.4044895185,0.2015473175,0.6666666667,0.8168927533,0.7541697554,0.4044895185,0.2015473175,0.6666666667,0.579226254,,,,
37,183,53716,2,371830537162,1500000US371830537162,Block Group 2,G5030,S,1501748,0,35.8574037,-78.6484488,82,58,1308,86,316,134,134,70,75000,1339,1658,328100,541,17,,,15,424,,20,140,10.703363914,27.215189873,42.405063291,22.151898734,6.356659632,10.897130798,0,1,1,10.897130798,6.356659632,328100,75000,27.215189873,0,1,2,89,0.2318942128,0.2916048925,0.2425084514,0.3506329114,0.6666666667,0.7681057872,0.7083951075,0.2425084514,0.3506329114,0.6666666667,0.5789478746,,,,
37,183,51600,2,371830516002,1500000US371830516002,Block Group 2,G5030,S,691762,0,35.8107771,-78.653386,23,11,1064,121,296,266,266,22,119896,1057,3027,721900,585,54,,,6,390,,0,34,3.1954887218,40.878378378,89.864864865,7.4324324324,5.4018894546,9.2603819221,0,1,1,9.2603819221,5.4018894546,721900,119896,40.878378378,0,1,2,36,0.1948275602,0.6565048184,0.4368407156,0.5266656191,0.6666666667,0.8051724398,0.3434951816,0.4368407156,0.5266656191,0.6666666667,0.5786759559,,,,
37,183,53711,3,371830537113,1500000US371830537113,Block Group 3,G5030,S,903757,0,35.8797151,-78.7031104,68,0,1313,85,313,243,243,45,84038,1109,2466,416200,730,92,,,103,443,,0,68,5.1789794364,27.156549521,77.635782748,14.376996805,5.1250255472,8.785758081,0,1,1,8.785758081,5.1250255472,416200,84038,27.156549521,0,1,2,454,0.1840789858,0.3732394366,0.2816294199,0.3498774055,0.6666666667,0.8159210142,0.6267605634,0.2816294199,0.3498774055,0.6666666667,0.5782979929,,,,
37,183,52602,2,371830526022,1500000US371830526022,Block Group 2,G5030,S,1108310,0,35.8376337,-78.6316903,0,37,1449,46,406,377,377,14,93333,1669,1991,438300,1227,391,,,127,559,,0,37,2.5534851622,11.330049261,92.857142857,3.4482758621,6.780474759,11.623671015,1,1,1,11.623671015,6.780474759,438300,93333,11.330049261,1,1,3,197,0.2483478143,0.3937175686,0.3218628126,0.1459731928,1,0.7516521857,0.6062824314,0.3218628126,0.1459731928,1,0.5778491122,,,,
37,63,700,3,370630007003,1500000US370630007003,Block Group 3,G5030,S,1115008,0,35.9741972,-78.9199886,19,117,1254,176,261,212,212,59,113438,1580,1772,336000,489,0,,,72,240,,0,136,10.845295056,67.432950192,81.22605364,22.605363985,14.529151132,24.907116227,0,1,0,24.907116227,14.529151132,336000,113438,67.432950192,0,0,1,383,0.5491715119,0.2989251297,0.4088872729,0.8687873118,0.3333333333,0.4508284881,0.7010748703,0.4088872729,0.8687873118,0.3333333333,0.577674318,,,,
37,183,53428,2,371830534282,1500000US371830534282,Block Group 2,G5030,S,17598022,6424,35.700729,-78.923691,55,14,1179,134,293,271,271,0,181399,-666666666,1852,571400,546,108,,,39,251,,15,69,5.8524173028,45.733788396,92.491467577,0,12.734214233,21.830081542,0,1,1,21.830081542,12.734214233,571400,181399,45.733788396,0,1,2,562,0.4794874099,0.5170496664,0.7030563527,0.5892213668,0.6666666667,0.5205125901,0.4829503336,0.7030563527,0.5892213668,0.6666666667,0.5776625245,,,,
37,183,52102,2,371830521022,1500000US371830521022,Block Group 2,G5030,S,1304796,0,35.7537329,-78.5896214,0,6,1493,111,370,148,148,0,60893,1331,1236,170300,595,0,,,193,138,,4,6,0.4018754186,30,40,0,9.9386189851,17.037632546,0,1,1,17.037632546,9.9386189851,170300,60893,30,0,1,2,820,0.3709551576,0.1453854707,0.1814463245,0.3865116279,0.6666666667,0.6290448424,0.8546145293,0.1814463245,0.3865116279,0.6666666667,0.5762899892,,,,
37,183,53505,1,371830535051,1500000US371830535051,Block Group 1,G5030,S,1118119,0,35.7640503,-78.7640269,0,19,1202,61,399,294,294,7,95972,-666666666,1869,327100,521,26,,,114,288,,0,19,1.5806988353,15.288220551,73.684210526,1.7543859649,3.6504936947,6.257989191,0,1,1,6.257989191,3.6504936947,327100,95972,15.288220551,0,1,2,505,0.126833838,0.2906782802,0.3332857199,0.1969691671,0.6666666667,0.873166162,0.7093217198,0.3332857199,0.1969691671,0.6666666667,0.5760600815,,,,
37,183,54501,1,371830545011,1500000US371830545011,Block Group 1,G5030,S,775044,0,35.7348168,-78.6576473,16,77,1254,140,287,287,287,98,96202,1891,1861,347800,547,0,,,24,591,,65,93,7.4162679426,48.780487805,100,34.146341463,7.5907636291,13.01273765,0,1,0,13.01273765,7.5907636291,347800,96202,48.780487805,0,0,1,784,0.2798053281,0.3098591549,0.3342812745,0.6284741917,0.3333333333,0.7201946719,0.6901408451,0.3342812745,0.6284741917,0.3333333333,0.575290179,,,,
37,183,53715,1,371830537151,1500000US371830537151,Block Group 1,G5030,S,1502357,91486,35.8656518,-78.6634149,43,24,1832,156,589,523,523,23,55000,1137,1870,312800,870,96,,,153,608,,0,67,3.6572052402,26.485568761,88.794567063,3.9049235993,5.9076285296,10.127363194,0,1,1,10.127363194,5.9076285296,312800,55000,26.485568761,0,1,2,433,0.2144616617,0.2774277242,0.1559384834,0.3412326766,0.6666666667,0.7855383383,0.7225722758,0.1559384834,0.3412326766,0.6666666667,0.5751343905,,,,
37,183,53005,3,371830530053,1500000US371830530053,Block Group 3,G5030,S,1566456,0,35.7075851,-78.7864023,59,14,1346,114,467,427,427,30,171111,-666666666,2194,457800,490,0,,,79,425,,26,73,5.4234769688,24.411134904,91.434689507,6.4239828694,7.7344914934,13.259128274,1,0,1,13.259128274,7.7344914934,457800,171111,24.411134904,1,1,2,140,0.2853852163,0.4117865085,0.6585247612,0.3145062497,0.6666666667,0.7146147837,0.5882134915,0.6585247612,0.3145062497,0.6666666667,0.5741087661,,,,
37,63,2022,2,370630020222,1500000US370630020222,Block Group 2,G5030,S,1122552,42076,35.9215598,-78.9200288,25,122,1622,165,479,404,404,110,110809,-666666666,1571,266500,807,49,,,51,463,,12,147,9.0628853268,34.446764092,84.342379958,22.964509395,12.028494181,20.620275738,0,1,1,20.620275738,12.028494181,266500,110809,34.446764092,0,1,2,529,0.4520895286,0.2345255745,0.3975076506,0.4438024955,0.6666666667,0.5479104714,0.7654744255,0.3975076506,0.4438024955,0.6666666667,0.5741072252,,,,
37,183,53722,3,371830537223,1500000US371830537223,Block Group 3,G5030,S,815118,0,35.8994743,-78.6704646,0,0,995,76,298,298,298,0,129583,-666666666,1810,407700,427,0,,,86,309,,0,0,0,25.503355705,100,0,7.2823835917,12.484086157,0,1,1,12.484086157,7.2823835917,407700,129583,25.503355705,0,1,2,442,0.2678332159,0.365363232,0.4787708796,0.3285781177,0.6666666667,0.7321667841,0.634636768,0.4787708796,0.3285781177,0.6666666667,0.5733240003,,,,
37,183,53010,1,371830530101,1500000US371830530101,Block Group 1,G5030,S,12332855,183041,35.7423228,-78.7154778,88,36,2233,179,516,416,416,0,122500,1306,1322,248800,854,0,,,139,506,,0,124,5.553067622,34.689922481,80.620155039,0,6.2134083682,10.651557203,0,1,0,10.651557203,6.2134083682,248800,122500,34.689922481,0,0,1,251,0.2263328275,0.2181245367,0.4481121254,0.4469352803,0.3333333333,0.7736671725,0.7818754633,0.4481121254,0.4469352803,0.3333333333,0.5730035851,,,,
37,183,54217,3,371830542173,1500000US371830542173,Block Group 3,G5030,S,2076355,0,35.9346995,-78.5113627,48,339,2695,268,556,478,478,40,127018,-666666666,2357,358900,564,0,,,105,328,,0,387,14.359925788,48.201438849,85.971223022,7.1942446043,15.677463595,26.875651877,0,1,1,26.875651877,15.677463595,358900,127018,48.201438849,0,1,2,326,0.5937519776,0.3201445515,0.4676682812,0.6210138866,0.6666666667,0.4062480224,0.6798554485,0.4676682812,0.6210138866,0.6666666667,0.5728867284,,,,
37,183,54220,1,371830542201,1500000US371830542201,Block Group 1,G5030,S,3363562,0,35.9424727,-78.5227409,136,75,2408,290,606,484,484,42,125833,1223,2394,367600,866,0,,,171,523,,14,211,8.7624584718,47.854785479,79.867986799,6.9306930693,15.433886604,26.458091322,0,1,1,26.458091322,15.433886604,367600,125833,47.854785479,0,1,2,28,0.5842956876,0.3282060786,0.4625390106,0.6165477013,0.6666666667,0.4157043124,0.6717939214,0.4625390106,0.6165477013,0.6666666667,0.5720090221,,,,
37,183,53604,2,371830536042,1500000US371830536042,Block Group 2,G5030,S,1842612,36909,35.8116566,-78.8549843,51,15,2595,329,916,859,859,0,164792,1785,2774,750300,1013,22,,,30,667,,22,66,2.5433526012,35.917030568,93.777292576,0,5.9655978941,10.226739247,0,1,1,10.226739247,5.9655978941,750300,164792,35.917030568,0,1,2,330,0.2167121827,0.6828206079,0.6311729798,0.4627449985,0.6666666667,0.7832878173,0.3171793921,0.6311729798,0.4627449985,0.6666666667,0.5713947137,,,,
37,183,51600,1,371830516001,1500000US371830516001,Block Group 1,G5030,S,919753,0,35.8122153,-78.6657421,36,18,780,74,218,196,196,31,162321,950,3160,776800,345,21,,,38,353,,8,54,6.9230769231,33.944954128,89.908256881,14.220183486,4.7034847055,8.0631166381,0,1,1,8.0631166381,4.7034847055,776800,162321,33.944954128,0,1,2,542,0.1677136779,0.707375834,0.6204772602,0.437337316,0.6666666667,0.8322863221,0.292624166,0.6204772602,0.437337316,0.6666666667,0.5713118021,,,,
37,183,52404,3,371830524043,1500000US371830524043,Block Group 3,G5030,S,644235,0,35.7720036,-78.7006635,9,8,674,74,208,177,177,9,108750,-666666666,1819,353800,260,20,,,36,145,,0,17,2.5222551929,35.576923077,85.096153846,4.3269230769,4.067271967,6.9724662291,0,1,0,6.9724662291,4.067271967,353800,108750,35.576923077,0,0,1,130,0.1430142506,0.3154188288,0.3885952724,0.4583631485,0.3333333333,0.8569857494,0.6845811712,0.3885952724,0.4583631485,0.3333333333,0.5712796526,,,,
37,183,51400,2,371830514002,1500000US371830514002,Block Group 2,G5030,S,491585,0,35.7932369,-78.6729393,87,0,1054,93,156,126,126,71,70375,1086,2204,656000,421,54,,,50,90,,0,87,8.2542694497,59.615384615,80.769230769,45.512820513,4.5632232711,7.8226684647,0,1,0,7.8226684647,4.5632232711,656000,70375,59.615384615,0,0,1,540,0.1622683655,0.5954410675,0.2224891463,0.7680679785,0.3333333333,0.8377316345,0.4045589325,0.2224891463,0.7680679785,0.3333333333,0.5712772711,,,,
37,183,53205,2,371830532052,1500000US371830532052,Block Group 2,G5030,S,3255409,240125,35.6388491,-78.8134116,15,70,1972,232,552,434,434,54,95893,1436,2228,339900,951,145,,,208,512,,0,85,4.3103448276,42.028985507,78.623188406,9.7826086957,12.834753983,22.0024354,0,1,1,22.0024354,12.834753983,339900,95893,42.028985507,0,1,2,9,0.4833906236,0.3025389177,0.3329437685,0.5414897203,0.6666666667,0.5166093764,0.6974610823,0.3329437685,0.5414897203,0.6666666667,0.5706447008,,,,
37,183,53109,3,371830531093,1500000US371830531093,Block Group 3,G5030,S,7547590,178822,35.614561,-78.7643604,185,17,3323,368,865,748,748,86,101563,2271,1820,311400,992,0,,,161,594,,12,202,6.0788444177,42.543352601,86.473988439,9.9421965318,13.871228778,23.779249334,0,1,1,23.779249334,13.871228778,311400,101563,42.543352601,0,1,2,24,0.5236292611,0.276130467,0.3574863544,0.5481166823,0.6666666667,0.4763707389,0.723869533,0.3574863544,0.5481166823,0.6666666667,0.5699777307,,,,
37,183,53005,2,371830530052,1500000US371830530052,Block Group 2,G5030,S,2387411,0,35.7061879,-78.7730541,14,11,526,43,178,178,178,0,148542,-666666666,2090,428300,232,14,,,10,199,,0,25,4.752851711,24.157303371,100,0,7.6622287671,13.135249315,0,1,1,13.135249315,7.6622287671,428300,148542,24.157303371,0,1,2,812,0.28257979,0.3844514455,0.5608348808,0.3112359551,0.6666666667,0.71742021,0.6155485545,0.5608348808,0.3112359551,0.6666666667,0.5696905736,,,,
37,183,52603,1,371830526031,1500000US371830526031,Block Group 1,G5030,S,1986774,0,35.8301753,-78.6467584,107,95,2468,250,524,509,509,66,110690,1460,3922,846000,1254,144,,,148,883,,10,202,8.1847649919,47.709923664,97.13740458,12.595419847,5.8494617739,10.027648755,0,1,1,10.027648755,5.8494617739,846000,110690,47.709923664,0,1,2,97,0.2122034775,0.7714974055,0.3969925593,0.6146813421,0.6666666667,0.7877965225,0.2285025945,0.3969925593,0.6146813421,0.6666666667,0.5693525743,,,,
37,183,53716,3,371830537163,1500000US371830537163,Block Group 3,G5030,S,812068,0,35.8653796,-78.6442557,69,53,2521,151,621,406,406,71,68214,1163,1612,292500,1120,94,,,63,820,,21,122,4.8393494645,24.315619968,65.3784219,11.433172303,6.8261548082,11.701979671,0,1,1,11.701979671,6.8261548082,292500,68214,24.315619968,0,1,2,94,0.2501212322,0.2586174944,0.2131352612,0.3132756619,0.6666666667,0.7498787678,0.7413825056,0.2131352612,0.3132756619,0.6666666667,0.568711968,,,,
37,63,2022,1,370630020221,1500000US370630020221,Block Group 1,G5030,S,986941,0,35.9130166,-78.9234024,30,15,1354,101,255,167,167,42,45962,1072,1649,246800,736,0,,,155,259,,0,45,3.3234859675,39.607843137,65.490196078,16.470588235,11.850733394,20.31554296,0,1,1,20.31554296,11.850733394,246800,45962,39.607843137,0,1,2,528,0.4451883942,0.2162713121,0.1168175148,0.5102963976,0.6666666667,0.5548116058,0.7837286879,0.1168175148,0.5102963976,0.6666666667,0.5680378233,,,,
37,183,52507,1,371830525071,1500000US371830525071,Block Group 1,G5030,S,898682,0,35.8478965,-78.697282,13,22,952,42,253,211,211,16,77383,1292,1760,353500,499,54,,,65,320,,15,35,3.6764705882,16.600790514,83.399209486,6.3241106719,3.6750606305,6.3001039379,0,1,1,6.3001039379,3.6750606305,353500,77383,16.600790514,0,1,2,416,0.1277875901,0.3151408451,0.2528232631,0.2138799522,0.6666666667,0.8722124099,0.6848591549,0.2528232631,0.2138799522,0.6666666667,0.5671105811,,,,
37,183,52801,2,371830528012,1500000US371830528012,Block Group 2,G5030,S,2763570,91248,35.6854205,-78.6318857,48,14,1279,116,380,330,330,61,96250,-666666666,1344,243300,620,64,,,102,418,,0,62,4.8475371384,30.526315789,86.842105263,16.052631579,11.247439344,19.28132459,0,1,1,19.28132459,11.247439344,243300,96250,30.526315789,0,1,2,128,0.4217669557,0.213028169,0.3344890424,0.3932925337,0.6666666667,0.5782330443,0.786971831,0.3344890424,0.3932925337,0.6666666667,0.5670579983,,,,
37,183,53512,3,371830535123,1500000US371830535123,Block Group 3,G5030,S,1050775,0,35.8159818,-78.780268,30,26,1201,68,375,273,273,41,79647,1190,2595,489800,751,108,,,51,568,,0,56,4.6627810158,18.133333333,72.8,10.933333333,1.7339289074,2.9724495555,0,1,1,2.9724495555,1.7339289074,489800,79647,18.133333333,0,1,2,375,0.0524278262,0.4414381023,0.2626229835,0.2336248062,0.6666666667,0.9475721738,0.5585618977,0.2626229835,0.2336248062,0.6666666667,0.5666072562,,,,
37,183,54004,3,371830540043,1500000US371830540043,Block Group 3,G5030,S,618181,0,35.8575646,-78.6043195,35,47,1007,83,201,167,167,34,69605,1041,1156,149100,682,166,,,104,241,,0,82,8.142999007,41.293532338,83.084577114,16.915422886,8.6422467157,14.815280084,0,0,1,14.815280084,8.6422467157,149100,69605,41.293532338,0,1,1,444,0.3206266265,0.1257412898,0.2191562025,0.5320143469,0.3333333333,0.6793733735,0.8742587102,0.2191562025,0.5320143469,0.3333333333,0.566280959,,,,
37,183,53431,2,371830534312,1500000US371830534312,Block Group 2,G5030,S,7198639,0,35.6983822,-78.8156428,153,13,2042,203,414,333,333,45,126328,1589,2166,404600,609,66,,,140,395,,13,166,8.1292850147,49.033816425,80.434782609,10.869565217,8.9002166561,15.257514268,0,0,1,15.257514268,8.9002166561,404600,126328,49.033816425,0,1,1,555,0.3306416881,0.3624907339,0.4646816173,0.631738007,0.3333333333,0.6693583119,0.6375092661,0.4646816173,0.631738007,0.3333333333,0.5659107613,,,,
37,183,53719,2,371830537192,1500000US371830537192,Block Group 2,G5030,S,425956,0,35.9268925,-78.7420435,90,32,1092,194,327,272,272,107,122250,-666666666,1674,279900,380,0,,,60,384,,7,122,11.172161172,59.327217125,83.180428135,32.721712538,7.6814896264,13.168267931,0,0,0,13.168267931,7.6814896264,279900,122250,59.327217125,0,0,0,825,0.2833275465,0.2469421794,0.4470300008,0.764355309,0,0.7166724535,0.7530578206,0.4470300008,0.764355309,0,0.5655715048,,,,
37,183,53807,1,371830538071,1500000US371830538071,Block Group 1,G5030,S,3309257,0,35.9077552,-78.6674645,38,66,1954,204,568,468,468,61,106875,1520,2701,550000,850,85,,,92,619,,10,104,5.3224155578,35.915492958,82.394366197,10.73943662,7.8407332608,13.441257019,0,1,1,13.441257019,7.8407332608,550000,106875,35.915492958,0,1,2,193,0.289509797,0.4972201631,0.3804793379,0.4627251883,0.6666666667,0.710490203,0.5027798369,0.3804793379,0.4627251883,0.6666666667,0.5652410823,,,,
37,63,2020,4,370630020204,1500000US370630020204,Block Group 4,G5030,S,7496823,26420,35.8807672,-78.93259,120,91,3031,329,970,942,942,148,171907,-666666666,2761,492800,1160,58,,,13,943,,0,211,6.9613988783,33.917525773,97.113402062,15.257731959,11.191053627,19.18466336,0,1,1,19.18466336,11.191053627,492800,171907,33.917525773,0,1,2,621,0.419577916,0.4442179392,0.6619702459,0.4369839367,0.6666666667,0.580422084,0.5557820608,0.6619702459,0.4369839367,0.6666666667,0.5650382752,,,,
37,183,54106,2,371830541062,1500000US371830541062,Block Group 2,G5030,S,7204784,123000,35.7734909,-78.5561359,99,0,1957,161,529,498,498,0,61986,934,1075,177000,860,62,,,421,237,,16,99,5.0587634134,30.434782609,94.139886578,0,11.176979184,19.160535743,0,1,1,19.160535743,11.176979184,177000,61986,30.434782609,0,1,2,83,0.4190315097,0.1515937732,0.1861773732,0.3921132457,0.6666666667,0.5809684903,0.8484062268,0.1861773732,0.3921132457,0.6666666667,0.56490275,,,,
37,183,51000,2,371830510002,1500000US371830510002,Block Group 2,G5030,S,543404,0,35.7742911,-78.650124,56,34,1124,70,214,181,181,51,71205,1132,2313,496100,564,39,,,22,398,,0,90,8.0071174377,32.710280374,84.579439252,23.831775701,6.262395214,10.735534653,0,1,1,10.735534653,6.262395214,496100,71205,32.710280374,0,1,2,513,0.2282346238,0.4472757598,0.2260818,0.4214301239,0.6666666667,0.7717653762,0.5527242402,0.2260818,0.4214301239,0.6666666667,0.5647852364,,,,
37,183,52707,3,371830527073,1500000US371830527073,Block Group 3,G5030,S,1104802,0,35.8154595,-78.5728593,0,30,1937,205,448,306,306,14,73359,881,1190,178100,814,49,,,234,398,,0,30,1.5487867837,45.758928571,68.303571429,3.125,9.9133301452,16.994280249,0,1,0,16.994280249,9.9133301452,178100,73359,45.758928571,0,0,1,480,0.3699733793,0.1526130467,0.2354053855,0.5895452658,0.3333333333,0.6300266207,0.8473869533,0.2354053855,0.5895452658,0.3333333333,0.5645775675,,,,
37,183,52102,3,371830521023,1500000US371830521023,Block Group 3,G5030,S,2260879,2896,35.7536988,-78.6059773,66,94,3274,150,593,294,294,26,46663,1126,1228,160500,858,83,,,660,123,,12,160,4.8869883934,25.295109612,49.57841484,4.3844856661,9.1483726344,15.682924516,0,1,1,15.682924516,9.1483726344,160500,46663,25.295109612,0,1,2,782,0.3402757463,0.1363046701,0.1198517922,0.3258951331,0.6666666667,0.6597242537,0.8636953299,0.1198517922,0.3258951331,0.6666666667,0.5644624252,,,,
37,63,2008,2,370630020082,1500000US370630020082,Block Group 2,G5030,S,873558,2853,35.9280049,-78.956957,10,12,769,76,202,202,202,16,143875,-666666666,1996,347900,348,0,,,44,147,,0,22,2.8608582575,37.623762376,100,7.9207920792,14.019232802,24.032970518,0,1,1,24.032970518,14.019232802,347900,143875,37.623762376,0,1,2,265,0.5293751609,0.3099518162,0.5406337787,0.4847340548,0.6666666667,0.4706248391,0.6900481838,0.5406337787,0.4847340548,0.6666666667,0.5642460714,,,,
37,183,53808,3,371830538083,1500000US371830538083,Block Group 3,G5030,S,9111848,465774,35.9304317,-78.6131624,0,14,1986,254,716,716,716,8,156591,-666666666,2224,504300,780,24,,,72,721,,12,14,0.7049345418,35.474860335,100,1.1173184358,10.947807905,18.767670695,0,1,1,18.767670695,10.947807905,504300,156591,35.474860335,0,1,2,523,0.4101344868,0.4548739807,0.5956749644,0.4570482006,0.6666666667,0.5898655132,0.5451260193,0.5956749644,0.4570482006,0.6666666667,0.5636544621,,,,
37,183,50100,1,371830501001,1500000US371830501001,Block Group 1,G5030,S,600954,0,35.7810109,-78.6343483,31,25,1203,45,145,134,134,22,97917,1238,2600,504600,664,78,,,80,311,,0,56,4.6550290939,31.034482759,92.413793103,15.172413793,6.8887139149,11.809223854,0,1,1,11.809223854,6.8887139149,504600,97917,31.034482759,0,1,2,435,0.2525499389,0.4551519644,0.3417046492,0.3998396151,0.6666666667,0.7474500611,0.5448480356,0.3417046492,0.3998396151,0.6666666667,0.5632958244,,,,
37,183,53729,2,371830537292,1500000US371830537292,Block Group 2,G5030,S,1459610,0,35.8764803,-78.6556552,115,15,2454,114,555,361,361,47,67460,1352,1321,260100,975,62,,,244,323,,9,130,5.2974735126,20.540540541,65.045045045,8.4684684685,6.729257548,11.535870082,0,1,1,11.535870082,6.729257548,260100,67460,20.540540541,0,1,2,61,0.2463594295,0.2285952557,0.2098715735,0.2646385921,0.6666666667,0.7536405705,0.7714047443,0.2098715735,0.2646385921,0.6666666667,0.5631712302,,,,
37,63,200,3,370630002003,1500000US370630002003,Block Group 3,G5030,S,667162,0,36.0098641,-78.8953973,19,5,652,70,143,130,130,6,138929,-666666666,1854,453900,281,63,,,23,128,,0,24,3.6809815951,48.951048951,90.909090909,4.1958041958,15.696384388,26.908087522,0,1,1,26.908087522,15.696384388,453900,138929,48.951048951,0,1,2,272,0.5944865318,0.4081727205,0.5192250256,0.6306716539,0.6666666667,0.4055134682,0.5918272795,0.5192250256,0.6306716539,0.6666666667,0.5626675723,,,,
37,183,54116,3,371830541163,1500000US371830541163,Block Group 3,G5030,S,830555,0,35.8422594,-78.5459415,114,54,2581,114,500,249,249,0,62866,1260,1388,41400,730,0,,,392,236,,0,168,6.5091049981,22.8,49.8,0,11.569480471,19.833395092,0,1,1,19.833395092,11.569480471,41400,62866,22.8,0,1,2,811,0.4342694268,0.0259451446,0.1899864518,0.2937488372,0.6666666667,0.5657305732,0.9740548554,0.1899864518,0.2937488372,0.6666666667,0.5620128022,,,,
37,183,53518,3,371830535183,1500000US371830535183,Block Group 3,G5030,S,711196,34324,35.7692542,-78.8006009,38,0,767,61,205,168,168,15,85625,1682,1336,237300,350,19,,,49,230,,0,38,4.9543676662,29.756097561,81.951219512,7.3170731707,4.2908800923,7.355794444,0,0,1,7.355794444,4.2908800923,237300,85625,29.756097561,0,1,1,80,0.1516952976,0.2074684952,0.2884987469,0.3833692569,0.3333333333,0.8483047024,0.7925315048,0.2884987469,0.3833692569,0.3333333333,0.5619413322,,,,
37,183,53009,4,371830530094,1500000US371830530094,Block Group 4,G5030,S,2108576,27252,35.6631369,-78.6665326,66,259,2138,393,586,566,566,66,148367,-666666666,1891,301600,659,0,,,44,465,,0,325,15.201122544,67.064846416,96.587030717,11.262798635,11.392573105,19.530125323,0,0,0,19.530125323,11.392573105,301600,148367,67.064846416,0,0,0,422,0.4274014244,0.2670496664,0.5600773936,0.8640447655,0,0.5725985756,0.7329503336,0.5600773936,0.8640447655,0,0.5617586413,,,,
37,183,50600,3,371830506003,1500000US371830506003,Block Group 3,G5030,S,422734,0,35.7833944,-78.6290339,126,79,1357,170,365,311,311,137,156905,1315,2206,550200,551,51,,,43,394,,0,205,15.106853353,46.575342466,85.205479452,37.534246575,7.1163280262,12.199419473,0,1,0,12.199419473,7.1163280262,550200,156905,46.575342466,0,0,1,300,0.2613865085,0.4974054855,0.5970341129,0.6000637146,0.3333333333,0.7386134915,0.5025945145,0.5970341129,0.6000637146,0.3333333333,0.5615582824,,,,
37,183,53106,2,371830531062,1500000US371830531062,Block Group 2,G5030,S,5235100,20945,35.5898134,-78.8339868,36,19,2415,310,641,525,525,40,108750,1426,1653,340900,778,0,,,173,436,,17,55,2.2774327122,48.361934477,81.903276131,6.24024961,16.436394516,28.176676312,0,1,1,28.176676312,16.436394516,340900,108750,48.361934477,0,1,2,734,0.6232156427,0.30346553,0.3885952724,0.6230816675,0.6666666667,0.3767843573,0.69653447,0.3885952724,0.6230816675,0.6666666667,0.5614662608,,,,
37,63,2007,5,370630020075,1500000US370630020075,Block Group 5,G5030,S,1943794,10590,35.9452657,-78.9360324,48,0,1508,138,325,255,255,24,55750,1122,1318,254800,797,0,,,46,572,,16,48,3.1830238727,42.461538462,78.461538462,7.3846153846,13.824149209,23.698541502,0,1,1,23.698541502,13.824149209,254800,55750,42.461538462,0,1,2,681,0.5218015103,0.2236842105,0.1591848572,0.5470626118,0.6666666667,0.4781984897,0.7763157895,0.1591848572,0.5470626118,0.6666666667,0.5608302523,,,,
37,183,52505,1,371830525051,1500000US371830525051,Block Group 1,G5030,S,1930017,0,35.8474163,-78.6680655,44,102,2859,139,706,517,517,38,75903,1292,2211,371200,1422,131,,,190,825,,0,146,5.1066806576,19.688385269,73.229461756,5.3824362606,5.0644868949,8.6819775342,0,1,1,8.6819775342,5.0644868949,371200,75903,19.688385269,0,1,2,451,0.1817287184,0.3315418829,0.2464170854,0.2536596614,0.6666666667,0.8182712816,0.6684581171,0.2464170854,0.2536596614,0.6666666667,0.559649401,,,,
37,183,50800,1,371830508001,1500000US371830508001,Block Group 1,G5030,S,327232,0,35.7704965,-78.6260196,78,5,1066,49,195,84,84,12,32270,952,1830,231700,453,42,,,226,59,,4,83,7.7861163227,25.128205128,43.076923077,6.1538461538,7.5968421785,13.02315802,0,1,1,13.02315802,7.5968421785,231700,32270,25.128205128,0,1,2,171,0.2800413132,0.2022794663,0.0575517147,0.3237447823,0.6666666667,0.7199586868,0.7977205337,0.0575517147,0.3237447823,0.6666666667,0.5595584788,,,,
37,183,53724,2,371830537242,1500000US371830537242,Block Group 2,G5030,S,1059407,0,35.8897061,-78.734901,170,89,1745,215,407,344,344,66,98542,1797,1573,275900,706,0,,,205,551,,0,259,14.842406877,52.825552826,84.520884521,16.216216216,5.1709459323,8.864478741,0,0,0,8.864478741,5.1709459323,275900,98542,52.825552826,0,0,0,809,0.1858617342,0.2432357302,0.3444099607,0.6805896806,0,0.8141382658,0.7567642698,0.3444099607,0.6805896806,0,0.5594758366,,,,
37,183,53111,1,371830531111,1500000US371830531111,Block Group 1,G5030,S,4125021,0,35.649445,-78.7312181,188,184,2492,348,633,633,633,145,127738,-666666666,2250,409600,777,15,,,99,688,,16,372,14.92776886,54.976303318,100,22.906793049,11.503473816,19.720240827,0,1,0,19.720240827,11.503473816,409600,127738,54.976303318,0,0,1,135,0.4317068774,0.3671237954,0.4707848,0.7082993497,0.3333333333,0.5682931226,0.6328762046,0.4707848,0.7082993497,0.3333333333,0.5594685057,,,,
37,183,54213,1,371830542131,1500000US371830542131,Block Group 1,G5030,S,1386047,6816,35.9452589,-78.5700139,42,74,1021,104,251,187,187,25,87256,1566,2137,345100,759,367,,,45,186,,0,116,11.361410382,41.434262948,74.501992032,9.9601593625,13.356637163,22.897092279,0,1,1,22.897092279,13.356637163,345100,87256,41.434262948,0,1,2,38,0.503651481,0.3073573017,0.2955585278,0.5338274808,0.6666666667,0.496348519,0.6926426983,0.2955585278,0.5338274808,0.6666666667,0.5589617257,,,,
37,63,2025,1,370630020251,1500000US370630020251,Block Group 1,G5030,S,2214532,4569,35.9388214,-78.9200153,76,50,2536,243,765,515,515,85,103000,1754,1495,262100,986,66,,,122,726,,0,126,4.9684542587,31.764705882,67.320261438,11.111111111,12.481920741,21.397578414,0,1,1,21.397578414,12.481920741,262100,103000,31.764705882,0,1,2,533,0.4696927227,0.2304484804,0.3637064066,0.409247606,0.6666666667,0.5303072773,0.7695515196,0.3637064066,0.409247606,0.6666666667,0.5585029987,,,,
37,183,52705,1,371830527051,1500000US371830527051,Block Group 1,G5030,S,1760298,37299,35.8312373,-78.5910003,72,0,1831,75,332,205,205,0,57279,1324,1261,184000,724,43,,,138,342,,0,72,3.932277444,22.590361446,61.746987952,0,8.904548825,15.264940843,0,1,1,15.264940843,8.904548825,184000,57279,22.590361446,0,1,2,174,0.3308098741,0.1580800593,0.1658031312,0.2910479126,0.6666666667,0.6691901259,0.8419199407,0.1658031312,0.2910479126,0.6666666667,0.5583571442,,,,
37,183,54020,2,371830540202,1500000US371830540202,Block Group 2,G5030,S,5993366,0,35.9094343,-78.5686344,27,42,3372,286,911,568,568,27,126780,1418,1716,336300,1390,52,,,303,979,,0,69,2.0462633452,31.394072448,62.349066959,2.9637760703,12.030433455,20.623600208,0,1,1,20.623600208,12.030433455,336300,126780,31.394072448,0,1,2,806,0.4521648162,0.2992031134,0.4666380986,0.4044724683,0.6666666667,0.5478351838,0.7007968866,0.4666380986,0.4044724683,0.6666666667,0.5582334335,,,,
37,183,54119,1,371830541191,1500000US371830541191,Block Group 1,G5030,S,2131257,99963,35.8138195,-78.5362073,53,0,3009,220,759,378,378,27,73712,1558,1277,192600,1480,169,,,450,580,,0,53,1.7613825191,28.985507246,49.802371542,3.557312253,11.646687379,19.965749793,0,1,1,19.965749793,11.646687379,192600,73712,28.985507246,0,1,2,64,0.4372667991,0.1660489251,0.2369333455,0.3734411864,0.6666666667,0.5627332009,0.8339510749,0.2369333455,0.3734411864,0.6666666667,0.5578604797,,,,
37,183,54012,3,371830540123,1500000US371830540123,Block Group 3,G5030,S,1412998,0,35.8706056,-78.6024467,30,11,643,50,205,194,194,12,117206,-666666666,1719,354600,294,0,,,64,155,,0,41,6.3763608087,24.390243902,94.634146341,5.8536585366,9.0778469237,15.562023298,0,1,1,15.562023298,9.0778469237,354600,117206,24.390243902,0,1,2,154,0.3375377554,0.3161601186,0.4251970549,0.3142370959,0.6666666667,0.6624622446,0.6838398814,0.4251970549,0.3142370959,0.6666666667,0.5567958502,,,,
37,183,54212,1,371830542121,1500000US371830542121,Block Group 1,G5030,S,1502424,0,35.9719216,-78.5474077,40,47,2093,173,641,322,322,36,107389,1709,2370,393800,767,0,,,92,808,,0,87,4.1567128524,26.989079563,50.23400936,5.616224649,15.636541642,26.805499957,1,1,1,26.805499957,15.636541642,393800,107389,26.989079563,1,1,3,223,0.5921632813,0.352483321,0.3827041861,0.3477197693,1,0.4078367187,0.647516679,0.3827041861,0.3477197693,1,0.5566628764,,,,
37,183,52407,3,371830524073,1500000US371830524073,Block Group 3,G5030,S,1413269,0,35.7900948,-78.7037763,10,45,1352,26,272,145,145,20,42059,887,1839,234800,780,86,,,94,323,,0,55,4.0680473373,9.5588235294,53.308823529,7.3529411765,3.1089626658,5.3296502842,0,1,1,5.3296502842,3.1089626658,234800,42059,9.5588235294,0,1,2,742,0.1058102001,0.2051519644,0.0999233856,0.1231532148,0.6666666667,0.8941897999,0.7948480356,0.0999233856,0.1231532148,0.6666666667,0.5566310327,,,,
37,63,2037,2,370630020372,1500000US370630020372,Block Group 2,G5030,S,5587901,19781,35.8759021,-78.8446003,20,73,2207,76,493,322,322,39,80635,1349,1614,225500,1758,365,,,69,831,,0,93,4.2138649751,15.415821501,65.314401623,7.9107505071,6.9604810529,11.932253233,0,1,1,11.932253233,6.9604810529,225500,80635,15.415821501,0,1,2,570,0.2553361251,0.19653447,0.2668995399,0.1986131421,0.6666666667,0.7446638749,0.80346553,0.2668995399,0.1986131421,0.6666666667,0.5565356476,,,,
37,183,54216,2,371830542162,1500000US371830542162,Block Group 2,G5030,S,1384417,0,35.9402324,-78.4971814,0,78,1735,242,537,496,496,21,106719,-666666666,2011,300000,631,0,,,26,353,,0,78,4.4956772334,45.065176909,92.364990689,3.9106145251,16.554995494,28.379992275,0,1,1,28.379992275,16.554995494,300000,106719,45.065176909,0,1,2,750,0.62782004,0.2655670867,0.3798040922,0.580607163,0.6666666667,0.37217996,0.7344329133,0.3798040922,0.580607163,0.6666666667,0.5563971059,,,,
37,183,50700,1,371830507001,1500000US371830507001,Block Group 1,G5030,S,521978,0,35.7766066,-78.6288392,79,0,1151,70,246,114,114,48,45293,865,1595,358900,535,18,,,114,243,,1,79,6.8635968723,28.455284553,46.341463415,19.512195122,7.2865417128,12.491214365,0,1,1,12.491214365,7.2865417128,358900,45293,28.455284553,0,1,2,302,0.267994645,0.3201445515,0.1139217494,0.3666099452,0.6666666667,0.732005355,0.6798554485,0.1139217494,0.3666099452,0.6666666667,0.555350423,,,,
37,183,50500,2,371830505002,1500000US371830505002,Block Group 2,G5030,S,1121565,0,35.796642,-78.6198695,42,43,1727,121,443,352,352,70,82273,1151,2258,422800,1070,114,,,180,730,,15,85,4.9218297626,27.313769752,79.458239278,15.801354402,7.3912745108,12.670756304,0,1,1,12.670756304,7.3912745108,422800,82273,27.313769752,0,1,2,296,0.2720606436,0.3793550778,0.2739896203,0.351902987,0.6666666667,0.7279393564,0.6206449222,0.2739896203,0.351902987,0.6666666667,0.5548218657,,,,
37,183,53004,1,371830530041,1500000US371830530041,Block Group 1,G5030,S,1641962,66316,35.7352704,-78.771838,9,0,1348,103,420,371,371,9,95357,1444,2525,495400,621,47,,,44,517,,0,9,0.6676557864,24.523809524,88.333333333,2.1428571429,5.6751610607,9.7288475327,0,1,1,9.7288475327,5.6751610607,495400,95357,24.523809524,0,1,2,458,0.2054366721,0.4466271312,0.3306236933,0.3159579181,0.6666666667,0.7945633279,0.5533728688,0.3306236933,0.3159579181,0.6666666667,0.5547005879,,,,
37,183,53417,2,371830534172,1500000US371830534172,Block Group 2,G5030,S,7502358,0,35.7045237,-78.8723613,43,114,2522,257,710,475,475,69,89286,1366,2194,441300,961,25,,,44,583,,40,157,6.2252180809,36.197183099,66.901408451,9.7183098592,10.31678205,17.685912087,0,1,1,17.685912087,10.31678205,441300,89286,36.197183099,0,1,2,220,0.3856364278,0.3964974055,0.3043453795,0.4663544055,0.6666666667,0.6143635722,0.6035025945,0.3043453795,0.4663544055,0.6666666667,0.5546478846,,,,
37,183,54114,3,371830541143,1500000US371830541143,Block Group 3,G5030,S,5867049,0,35.7618711,-78.5182941,41,193,3166,259,780,481,481,9,115607,723,1630,284100,843,0,,,351,281,,0,234,7.3910296905,33.205128205,61.666666667,1.1538461538,13.500700622,23.144058209,0,1,1,23.144058209,13.500700622,284100,115607,33.205128205,0,1,2,325,0.5092443979,0.2508339511,0.4182757859,0.4278056052,0.6666666667,0.4907556021,0.7491660489,0.4182757859,0.4278056052,0.6666666667,0.5546344236,,,,
37,63,2015,4,370630020154,1500000US370630020154,Block Group 4,G5030,S,703486,2104,35.9650746,-78.9410792,82,0,1004,140,231,217,217,25,75469,1679,1418,235300,483,65,,,104,324,,0,82,8.1673306773,60.606060606,93.939393939,10.822510823,14.898021474,25.539465384,0,0,1,25.539465384,14.898021474,235300,75469,60.606060606,0,1,1,680,0.5634920145,0.2056152706,0.2445385171,0.7808315715,0.3333333333,0.4365079855,0.7943847294,0.2445385171,0.7808315715,0.3333333333,0.5543323535,,,,
37,183,51900,3,371830519003,1500000US371830519003,Block Group 3,G5030,S,1576877,0,35.7953653,-78.5992529,40,65,1170,69,264,205,205,0,53919,993,1692,279300,589,87,,,83,305,,0,105,8.9743589744,26.136363636,77.651515152,0,8.5473049614,14.652522791,0,1,1,14.652522791,8.5473049614,279300,53919,26.136363636,0,1,2,117,0.3169407416,0.246386212,0.1512593766,0.3367336152,0.6666666667,0.6830592584,0.753613788,0.1512593766,0.3367336152,0.6666666667,0.554130247,,,,
37,183,53204,1,371830532041,1500000US371830532041,Block Group 1,G5030,S,2294747,0,35.6481424,-78.836768,19,30,2914,271,788,594,594,28,76776,1386,1514,267400,1266,131,,,140,620,,0,49,1.6815374056,34.390862944,75.38071066,3.5532994924,12.548976638,21.51253138,0,1,1,21.51253138,12.548976638,267400,76776,34.390862944,0,1,2,461,0.4722960064,0.2353595256,0.2501958646,0.4430822807,0.6666666667,0.5277039936,0.7646404744,0.2501958646,0.4430822807,0.6666666667,0.5539775832,,,,
37,183,53110,1,371830531101,1500000US371830531101,Block Group 1,G5030,S,11464842,14869,35.6473885,-78.6786283,61,122,2549,210,734,578,578,35,124592,-666666666,1572,291300,937,100,,,331,426,,0,183,7.1792859945,28.610354223,78.746594005,4.7683923706,12.342946039,21.159336067,0,1,1,21.159336067,12.342946039,291300,124592,28.610354223,0,1,2,489,0.4642973646,0.2575055597,0.4571673441,0.3686078195,0.6666666667,0.5357026354,0.7424944403,0.4571673441,0.3686078195,0.6666666667,0.5536265695,,,,
37,183,53423,2,371830534232,1500000US371830534232,Block Group 2,G5030,S,412433,0,35.7678482,-78.8255128,25,13,768,80,240,199,199,21,76673,1638,1503,273500,357,0,,,27,216,,0,38,4.9479166667,33.333333333,82.916666667,8.75,5.3980243785,9.2537560774,0,1,0,9.2537560774,5.3980243785,273500,76673,33.333333333,0,0,1,177,0.1946775079,0.2410118606,0.2497500292,0.4294573643,0.3333333333,0.8053224921,0.7589881394,0.2497500292,0.4294573643,0.3333333333,0.5521342616,,,,
37,183,51400,3,371830514003,1500000US371830514003,Block Group 3,G5030,S,607150,0,35.7970781,-78.6799461,0,13,656,28,115,96,96,12,65612,1138,1927,520400,502,141,,,0,257,,0,13,1.9817073171,24.347826087,83.47826087,10.434782609,4.1048402394,7.0368689818,0,1,1,7.0368689818,4.1048402394,520400,65612,24.347826087,0,1,2,190,0.1444727483,0.4697924388,0.2018725084,0.3136905966,0.6666666667,0.8555272517,0.5302075612,0.2018725084,0.3136905966,0.6666666667,0.5518665585,,,,
37,183,54019,2,371830540192,1500000US371830540192,Block Group 2,G5030,S,2482478,0,35.9208165,-78.5861619,21,57,2754,316,786,683,683,23,86708,1387,2692,452000,1219,162,,,450,601,,0,78,2.8322440087,40.203562341,86.8956743,2.9262086514,11.683079496,20.02813628,0,1,1,20.02813628,11.683079496,452000,86708,40.203562341,0,1,2,218,0.4386796354,0.4064121572,0.2931865107,0.5179714776,0.6666666667,0.5613203646,0.5935878428,0.2931865107,0.5179714776,0.6666666667,0.5511925135,,,,
37,183,52102,1,371830521021,1500000US371830521021,Block Group 1,G5030,S,761289,0,35.7438848,-78.6100925,145,172,2303,96,521,275,275,25,49857,1150,1083,120700,660,38,,,350,163,,24,317,13.764654798,18.426103647,52.783109405,4.7984644914,9.2584640835,15.871652715,0,1,1,15.871652715,9.2584640835,120700,49857,18.426103647,0,1,2,494,0.3445497816,0.0994255004,0.1336770161,0.2373967772,0.6666666667,0.6554502184,0.9005744996,0.1336770161,0.2373967772,0.6666666667,0.5500276838,,,,
37,183,54016,2,371830540162,1500000US371830540162,Block Group 2,G5030,S,3936828,43495,35.8911196,-78.5846903,86,21,2313,308,636,586,586,72,107327,1162,1953,336200,1019,26,,,89,767,,0,107,4.626026805,48.427672956,92.13836478,11.320754717,10.819356218,18.547467802,0,0,1,18.547467802,10.819356218,336200,107327,48.427672956,0,1,1,475,0.4051476594,0.2991104522,0.3824358192,0.6239286237,0.3333333333,0.5948523406,0.7008895478,0.3824358192,0.6239286237,0.3333333333,0.5497833992,,,,
37,183,54215,2,371830542152,1500000US371830542152,Block Group 2,G5030,S,13699046,14383,35.8981364,-78.4521092,291,102,3503,484,1011,819,819,136,98895,1385,1992,333500,1196,16,,,315,597,,0,393,11.218955181,47.873392681,81.008902077,13.452027695,17.212329865,29.506851198,0,1,1,29.506851198,17.212329865,333500,98895,47.873392681,0,1,2,754,0.6533394638,0.296608599,0.3459379207,0.6167874313,0.6666666667,0.3466605362,0.703391401,0.3459379207,0.6167874313,0.6666666667,0.5494673975,,,,
37,183,54206,3,371830542063,1500000US371830542063,Block Group 3,G5030,S,3559794,0,35.9728812,-78.5271433,61,36,2116,269,650,612,612,67,103819,1102,1683,269100,764,11,,,151,607,,0,97,4.584120983,41.384615385,94.153846154,10.307692308,16.522285825,28.323918557,1,1,0,28.323918557,16.522285825,269100,103819,41.384615385,1,0,2,247,0.6265501659,0.2369347665,0.3672514468,0.5331878354,0.6666666667,0.3734498341,0.7630652335,0.3672514468,0.5331878354,0.6666666667,0.5493309421,,,,
37,183,54106,3,371830541063,1500000US371830541063,Block Group 3,G5030,S,1594124,0,35.7843315,-78.5413172,38,0,2169,120,460,272,272,0,88932,1339,1451,214900,938,85,,,186,426,,51,38,1.7519594283,26.086956522,59.130434783,0,11.884510563,20.373446679,0,1,1,20.373446679,11.884510563,214900,88932,26.086956522,0,1,2,456,0.4464997114,0.1867123795,0.3028130911,0.3360970677,0.6666666667,0.5535002886,0.8132876205,0.3028130911,0.3360970677,0.6666666667,0.5486715056,,,,
37,183,53112,3,371830531123,1500000US371830531123,Block Group 3,G5030,S,5141621,0,35.5699507,-78.7795126,143,108,2486,329,677,557,557,125,89293,-666666666,1726,338900,947,0,,,174,457,,59,251,10.096540628,48.596750369,82.274741507,18.463810931,17.023019895,29.18231982,0,1,1,29.18231982,17.023019895,338900,89293,48.596750369,0,1,2,241,0.6459899602,0.3016123054,0.304375679,0.6261069699,0.6666666667,0.3540100398,0.6983876946,0.304375679,0.6261069699,0.6666666667,0.5484776926,,,,
37,183,53512,2,371830535122,1500000US371830535122,Block Group 2,G5030,S,5214341,715736,35.8349789,-78.7828365,43,48,2567,123,730,534,534,48,94191,1427,1709,581000,1455,158,,,35,607,,0,91,3.5449941566,16.849315068,73.150684932,6.5753424658,2.132483363,3.6556857651,0,1,1,3.6556857651,2.132483363,581000,94191,16.849315068,0,1,2,506,0.067900743,0.5259451446,0.3255766642,0.2170818732,0.6666666667,0.932099257,0.4740548554,0.3255766642,0.2170818732,0.6666666667,0.5479972534,,,,
37,63,1810,3,370630018103,1500000US370630018103,Block Group 3,G5030,S,709111,5344,35.9718416,-78.8428618,0,149,1703,263,385,325,325,33,55379,1440,988,158800,679,31,,,375,263,,0,149,8.7492660012,68.311688312,84.415584416,8.5714285714,11.919059048,20.432672654,0,0,0,20.432672654,11.919059048,158800,55379,68.311688312,0,0,0,659,0.4478409731,0.1347294292,0.1575789843,0.8801087285,0,0.5521590269,0.8652705708,0.1575789843,0.8801087285,0,0.5468789514,,,,
37,183,54108,2,371830541082,1500000US371830541082,Block Group 2,G5030,S,12428843,0,35.7871455,-78.4623181,134,134,2679,283,683,486,486,81,72361,1285,1572,228900,1057,77,,,290,362,,36,268,10.003732736,41.434846266,71.156661786,11.859443631,16.242878522,27.84493461,0,1,1,27.84493461,16.242878522,228900,72361,41.434846266,0,1,2,478,0.6157028504,0.1996849518,0.2310855441,0.5338349961,0.6666666667,0.3842971496,0.8003150482,0.2310855441,0.5338349961,0.6666666667,0.5460379338,,,,
37,183,53808,4,371830538084,1500000US371830538084,Block Group 4,G5030,S,4202528,0,35.9079836,-78.6099585,13,10,710,78,244,234,234,6,114605,-666666666,2009,485600,285,27,,,12,256,,7,23,3.2394366197,31.967213115,95.901639344,2.4590163934,10.088255355,17.294152038,0,1,1,17.294152038,10.088255355,485600,114605,31.967213115,0,1,2,426,0.3767644292,0.4375463306,0.4139386305,0.4118566527,0.6666666667,0.6232355708,0.5624536694,0.4139386305,0.4118566527,0.6666666667,0.5459909861,,,,
37,183,53434,2,371830534342,1500000US371830534342,Block Group 2,G5030,S,410537,0,35.734122,-78.8672541,0,15,847,130,225,191,191,0,143922,-666666666,1893,361900,289,0,,,82,213,,23,15,1.7709563164,57.777777778,84.888888889,0,8.6853274942,14.889132847,0,0,0,14.889132847,8.6853274942,361900,143922,57.777777778,0,0,0,561,0.322299134,0.3229243884,0.5408372182,0.7443927649,0,0.677700866,0.6770756116,0.5408372182,0.7443927649,0,0.5450222519,,,,
37,183,54106,1,371830541061,1500000US371830541061,Block Group 1,G5030,S,730394,55145,35.7818216,-78.5467,10,0,2345,118,442,187,187,0,67986,-666666666,1383,222500,526,0,,,94,327,,0,10,0.4264392324,26.696832579,42.307692308,0,11.549048821,19.798369408,0,1,1,19.798369408,11.549048821,222500,67986,26.696832579,0,1,2,786,0.4334762173,0.1937546331,0.2121483636,0.3439545407,0.6666666667,0.5665237827,0.8062453669,0.2121483636,0.3439545407,0.6666666667,0.5434168239,,,,
37,63,1705,2,370630017052,1500000US370630017052,Block Group 2,G5030,S,1860855,0,36.0332876,-78.9195918,64,89,1402,76,348,168,168,0,60237,1306,823,154200,639,19,,,121,256,,23,153,10.912981455,21.83908046,48.275862069,0,17.784147052,30.487109232,1,1,1,30.487109232,17.784147052,154200,60237,21.83908046,1,1,3,348,0.6755388889,0.1304670126,0.1786068295,0.281368618,1,0.3244611111,0.8695329874,0.1786068295,0.281368618,1,0.5432247127,,,,
37,183,50700,3,371830507003,1500000US371830507003,Block Group 3,G5030,S,1086130,0,35.7720383,-78.6160527,18,67,1671,50,289,142,142,0,50833,775,1346,202600,672,32,,,297,142,,45,85,5.0867743866,17.301038062,49.134948097,0,8.0705361958,13.835204907,0,1,1,13.835204907,8.0705361958,202600,50833,17.301038062,0,1,2,493,0.2984313425,0.1753150482,0.1379016305,0.2229017462,0.6666666667,0.7015686575,0.8246849518,0.1379016305,0.2229017462,0.6666666667,0.5431780877,,,,
37,63,1809,5,370630018095,1500000US370630018095,Block Group 5,G5030,S,1859494,5312,35.9341083,-78.8470241,59,0,1959,106,481,330,330,65,82068,1362,1346,261400,917,0,,,547,313,,0,59,3.011740684,22.037422037,68.607068607,13.513513514,9.9929105575,17.130703813,0,1,1,17.130703813,9.9929105575,261400,82068,22.037422037,0,1,2,628,0.3730628971,0.2297998517,0.2731022781,0.2839239956,0.6666666667,0.6269371029,0.7702001483,0.2731022781,0.2839239956,0.6666666667,0.5423988654,,,,
37,183,52705,2,371830527052,1500000US371830527052,Block Group 2,G5030,S,506633,0,35.8332509,-78.5961227,0,0,485,20,132,97,97,0,77500,-666666666,1373,201000,218,0,,,94,90,,0,0,0,15.151515152,73.484848485,0,8.691239374,14.899267498,0,1,1,14.899267498,8.691239374,201000,77500,15.151515152,0,1,2,164,0.3225286485,0.1738324685,0.2533296974,0.1952078929,0.6666666667,0.6774713515,0.8261675315,0.2533296974,0.1952078929,0.6666666667,0.5420696205,,,,
37,183,53507,2,371830535072,1500000US371830535072,Block Group 2,G5030,S,1028139,0,35.7808767,-78.7952165,0,20,1745,24,359,121,121,0,32224,947,1246,219400,915,0,,,201,361,,0,20,1.1461318052,6.6852367688,33.704735376,0,3.5168554149,6.0288949969,0,1,1,6.0288949969,3.5168554149,219400,32224,6.6852367688,0,1,2,118,0.1216456537,0.1908821349,0.0573526038,0.0861307249,0.6666666667,0.8783543463,0.8091178651,0.0573526038,0.0861307249,0.6666666667,0.5420134345,,,,
37,183,53719,4,371830537194,1500000US371830537194,Block Group 4,G5030,S,443110,0,35.9267348,-78.7508323,87,41,1027,149,285,285,285,37,152813,-666666666,1995,349100,338,7,,,45,361,,0,128,12.463485881,52.280701754,100,12.98245614,7.8467542803,13.451578766,0,0,0,13.451578766,7.8467542803,349100,152813,52.280701754,0,0,0,316,0.2897435486,0.3110637509,0.5793218974,0.6735699714,0,0.7102564514,0.6889362491,0.5793218974,0.6735699714,0,0.5416760453,,,,
37,183,54402,2,371830544022,1500000US371830544022,Block Group 2,G5030,S,11714647,0,35.768709,-78.3820083,228,77,3027,366,728,571,571,55,86250,1420,1420,197200,1164,80,,,298,251,,0,305,10.075982821,50.274725275,78.434065934,7.5549450549,20.888751672,35.80928858,0,1,1,35.80928858,20.888751672,197200,86250,50.274725275,0,1,2,76,0.7960676858,0.1703113417,0.2912040584,0.6477255303,0.6666666667,0.2039323142,0.8296886583,0.2912040584,0.6477255303,0.6666666667,0.5413059319,,,,
37,183,54007,1,371830540071,1500000US371830540071,Block Group 1,G5030,S,2171356,0,35.8855437,-78.6348841,3,10,2212,79,549,354,354,14,65793,1185,1314,200700,1219,97,,,229,538,,21,13,0.5877034358,14.389799636,64.480874317,2.5500910747,8.0337302829,13.772109056,0,1,1,13.772109056,8.0337302829,200700,65793,14.389799636,0,1,2,147,0.2970024416,0.1735544848,0.2026559666,0.1853941627,0.6666666667,0.7029975584,0.8264455152,0.2026559666,0.1853941627,0.6666666667,0.5409859633,,,,
37,183,51600,4,371830516004,1500000US371830516004,Block Group 4,G5030,S,986786,0,35.803748,-78.6583447,23,13,1466,129,337,286,286,10,115342,1403,3655,882400,726,0,,,19,429,,0,36,2.4556616644,38.278931751,84.866468843,2.9673590504,5.178542014,8.8775005954,0,1,1,8.8775005954,5.178542014,882400,115342,38.278931751,0,1,2,519,0.1861566337,0.8052260934,0.4171287339,0.4931750742,0.6666666667,0.8138433663,0.1947739066,0.4171287339,0.4931750742,0.6666666667,0.5407555982,,,,
37,183,53405,3,371830534053,1500000US371830534053,Block Group 3,G5030,S,2752604,0,35.7264564,-78.7870078,31,20,1003,69,332,323,323,51,97206,1473,2312,466700,629,59,,,85,212,,16,51,5.0847457627,20.78313253,97.289156627,15.361445783,6.5016877958,11.145750507,0,1,1,11.145750507,6.5016877958,466700,97206,20.78313253,0,1,2,328,0.2375245819,0.420033358,0.3386270869,0.2677640796,0.6666666667,0.7624754181,0.579966642,0.3386270869,0.2677640796,0.6666666667,0.5407492448,,,,
37,183,53006,2,371830530062,1500000US371830530062,Block Group 2,G5030,S,2929060,0,35.6918778,-78.753904,7,19,914,77,354,354,354,26,141006,-666666666,2263,479800,435,20,,,56,407,,0,26,2.8446389497,21.751412429,100,7.3446327684,8.5363371635,14.633720852,0,1,1,14.633720852,8.5363371635,479800,141006,21.751412429,0,1,2,240,0.3165149432,0.4321719792,0.5282153168,0.2802391276,0.6666666667,0.6834850568,0.5678280208,0.5282153168,0.2802391276,0.6666666667,0.5406515153,,,,
37,183,54224,1,371830542241,1500000US371830542241,Block Group 1,G5030,S,1727869,153734,35.9727758,-78.4909098,136,135,1847,183,349,310,310,76,74550,1424,1717,347700,517,0,,,161,327,,0,271,14.672441798,52.435530086,88.8252149,21.776504298,18.316137321,31.39909255,0,1,1,31.39909255,18.316137321,347700,74550,52.435530086,0,1,2,551,0.6961921298,0.3097664937,0.2405606271,0.6755647365,0.6666666667,0.3038078702,0.6902335063,0.2405606271,0.6755647365,0.6666666667,0.540279249,,,,
37,183,52408,2,371830524082,1500000US371830524082,Block Group 2,G5030,S,448920,0,35.7772764,-78.6911583,162,99,2621,86,356,118,118,27,36027,1111,1107,146100,782,27,,,225,153,,0,261,9.9580312858,24.157303371,33.146067416,7.5842696629,4.2065115634,7.2111626802,0,1,0,7.2111626802,4.2065115634,146100,36027,24.157303371,0,0,1,99,0.1484198926,0.1229614529,0.0738138832,0.3112359551,0.3333333333,0.8515801074,0.8770385471,0.0738138832,0.3112359551,0.3333333333,0.54015978,,,,
37,183,51400,5,371830514005,1500000US371830514005,Block Group 5,G5030,S,740894,0,35.7973018,-78.6642753,68,42,1502,150,337,281,281,39,97383,828,2939,609900,569,24,,,61,423,,0,110,7.3235685752,44.510385757,83.382789318,11.572700297,4.9447206693,8.4766640046,0,1,0,8.4766640046,4.9447206693,609900,97383,44.510385757,0,0,1,515,0.1770790832,0.5527242402,0.3393932311,0.5734593886,0.3333333333,0.8229209168,0.4472757598,0.3393932311,0.5734593886,0.3333333333,0.5391562181,,,,
37,183,53105,2,371830531052,1500000US371830531052,Block Group 2,G5030,S,5174602,49188,35.6085296,-78.782674,44,53,2664,257,760,607,607,27,85750,1083,1339,264500,995,0,,,327,388,,15,97,3.6411411411,33.815789474,79.868421053,3.5526315789,14.397012595,24.68059302,0,1,1,24.68059302,14.397012595,264500,85750,33.815789474,0,1,2,248,0.5440415515,0.2326723499,0.2890398092,0.4356731946,0.6666666667,0.4559584485,0.7673276501,0.2890398092,0.4356731946,0.6666666667,0.5386107551,,,,
37,183,54219,2,371830542192,1500000US371830542192,Block Group 2,G5030,S,2466393,48487,35.9565607,-78.5130281,57,186,2295,291,694,462,462,158,103299,1211,2204,341400,923,0,,,162,376,,0,243,10.588235294,41.930835735,66.570605187,22.766570605,16.438936749,28.181034426,0,1,1,28.181034426,16.438936749,341400,103299,41.930835735,0,1,2,740,0.6233143388,0.3039288362,0.3650006276,0.540225186,0.6666666667,0.3766856612,0.6960711638,0.3650006276,0.540225186,0.6666666667,0.5382753407,,,,
37,183,53202,1,371830532021,1500000US371830532021,Block Group 1,G5030,S,3052687,3459,35.6511794,-78.8077312,19,68,3653,304,901,614,614,21,104200,-666666666,2647,445800,1021,61,,,101,540,,0,87,2.381604161,33.740288568,68.146503885,2.3307436182,11.803847224,20.235166669,0,1,1,20.235166669,11.803847224,445800,104200,33.740288568,0,1,2,139,0.4433681515,0.4006671609,0.3689006047,0.434700462,0.6666666667,0.5566318485,0.5993328391,0.3689006047,0.434700462,0.6666666667,0.5379230392,,,,
37,183,53114,2,371830531142,1500000US371830531142,Block Group 2,G5030,S,1148334,43181,35.5873154,-78.7619493,59,47,1114,108,293,221,221,30,75341,1689,1448,234100,396,10,,,114,223,,0,106,9.5152603232,36.860068259,75.42662116,10.23890785,15.645517465,26.820887082,1,1,0,26.820887082,15.645517465,234100,75341,36.860068259,1,0,2,237,0.592511746,0.2045033358,0.2439844693,0.4748948329,0.6666666667,0.407488254,0.7954966642,0.2439844693,0.4748948329,0.6666666667,0.5374268848,,,,
37,183,54016,1,371830540161,1500000US371830540161,Block Group 1,G5030,S,647331,0,35.896908,-78.5760398,81,0,1180,82,333,263,263,101,97095,1471,1817,306000,608,51,,,48,356,,13,81,6.8644067797,24.624624625,78.978978979,30.33033033,11.227760859,19.247590045,0,1,1,19.247590045,11.227760859,306000,97095,24.624624625,0,1,2,113,0.4210029859,0.2711267606,0.3381466236,0.3172567917,0.6666666667,0.5789970141,0.7288732394,0.3381466236,0.3172567917,0.6666666667,0.536986095,,,,
37,183,53614,1,371830536141,1500000US371830536141,Block Group 1,G5030,S,1384386,0,35.9123761,-78.8041683,68,0,828,150,267,267,267,70,123946,2239,3545,403300,369,66,,,0,268,,0,68,8.2125603865,56.179775281,100,26.217228464,7.3438877784,12.589521906,0,0,0,12.589521906,7.3438877784,403300,123946,56.179775281,0,0,0,774,0.2702209678,0.3612861379,0.4543711341,0.7238045466,0,0.7297790322,0.6387138621,0.4543711341,0.7238045466,0,0.5365757805,,,,
37,63,1002,5,370630010025,1500000US370630010025,Block Group 5,G5030,S,1039558,0,36.0022219,-78.8704699,40,88,1193,157,283,191,191,0,28831,914,-666666666,151800,463,73,,,202,143,,0,128,10.729253982,55.477031802,67.491166078,0,14.546616254,24.937056436,0,1,0,24.937056436,14.546616254,151800,28831,55.477031802,0,0,1,585,0.5498495532,0.1282431431,0.0426660087,0.7147505958,0.3333333333,0.4501504468,0.8717568569,0.0426660087,0.7147505958,0.3333333333,0.5365098996,,,,
37,183,54114,1,371830541141,1500000US371830541141,Block Group 1,G5030,S,4156144,0,35.7858975,-78.5270106,53,94,3500,277,1077,906,906,100,95313,695,1600,252300,1493,118,,,548,489,,0,147,4.2,25.719591458,84.122562674,9.2850510678,12.657472245,21.698523849,0,1,1,21.698523849,12.657472245,252300,95313,25.719591458,0,1,2,413,0.476508087,0.2213676798,0.3304332394,0.3313640388,0.6666666667,0.523491913,0.7786323202,0.3304332394,0.3313640388,0.6666666667,0.5358171093,,,,
37,183,52410,1,371830524101,1500000US371830524101,Block Group 1,G5030,S,970570,25536,35.7766536,-78.7260279,24,93,1355,61,292,203,203,39,59865,1389,1585,232000,711,123,,,117,262,,0,117,8.6346863469,20.890410959,69.520547945,13.356164384,2.9993781436,5.1417911034,0,0,1,5.1417911034,2.9993781436,232000,59865,20.890410959,0,1,1,39,0.101555845,0.20255745,0.1769966281,0.2691462249,0.3333333333,0.898444155,0.79744255,0.1769966281,0.2691462249,0.3333333333,0.5357524345,,,,
37,183,51600,5,371830516005,1500000US371830516005,Block Group 5,G5030,S,669737,0,35.8062487,-78.6683726,0,12,661,92,202,186,186,0,148906,-666666666,3813,789600,225,0,,,0,221,,0,12,1.8154311649,45.544554455,92.079207921,0,4.595837113,7.878577908,0,1,0,7.878577908,4.595837113,789600,148906,45.544554455,0,0,1,41,0.1635345194,0.7192364715,0.5624104542,0.5867833295,0.3333333333,0.8364654806,0.2807635285,0.5624104542,0.5867833295,0.3333333333,0.5348726203,,,,
37,183,52707,2,371830527072,1500000US371830527072,Block Group 2,G5030,S,2190255,0,35.8251377,-78.579089,176,244,2361,186,480,332,332,104,49545,880,1224,179900,895,43,,,506,395,,11,420,17.789072427,38.75,69.166666667,21.666666667,9.5853102757,16.431960473,0,1,0,16.431960473,9.5853102757,179900,49545,38.75,0,0,1,181,0.3572387979,0.1542809489,0.1323265246,0.499244186,0.3333333333,0.6427612021,0.8457190511,0.1323265246,0.499244186,0.3333333333,0.5345444764,,,,
37,183,50500,1,371830505001,1500000US371830505001,Block Group 1,G5030,S,1015811,0,35.790042,-78.6267099,19,105,1409,116,333,324,324,39,132917,1333,2619,442900,784,27,,,7,355,,0,124,8.8005677786,34.834834835,97.297297297,11.711711712,7.1128289983,12.19342114,0,1,0,12.19342114,7.1128289983,442900,132917,34.834834835,0,0,1,297,0.2612506672,0.3979799852,0.4932020933,0.4488022907,0.3333333333,0.7387493328,0.6020200148,0.4932020933,0.4488022907,0.3333333333,0.5332787848,,,,
37,183,53113,3,371830531133,1500000US371830531133,Block Group 3,G5030,S,4896213,24169,35.5659877,-78.8298022,20,0,554,71,182,182,182,0,74250,-666666666,1621,190300,221,0,,,92,134,,21,20,3.6101083032,39.010989011,100,0,17.651147512,30.259110021,0,1,1,30.259110021,17.651147512,190300,74250,39.010989011,0,1,2,314,0.6703755021,0.1639177168,0.2392620776,0.5026066956,0.6666666667,0.3296244979,0.8360822832,0.2392620776,0.5026066956,0.6666666667,0.5325337961,,,,
37,183,54204,1,371830542041,1500000US371830542041,Block Group 1,G5030,S,3907126,29904,35.998333,-78.5035363,301,38,3034,344,789,595,595,115,94737,1234,1703,265900,982,14,,,149,586,,0,339,11.17336849,43.599493029,75.411913815,14.575411914,18.681034357,32.024630326,0,1,1,32.024630326,18.681034357,265900,94737,43.599493029,0,1,2,282,0.7103583784,0.2339696071,0.3279400243,0.5617237009,0.6666666667,0.2896416216,0.7660303929,0.3279400243,0.5617237009,0.6666666667,0.532174745,,,,
37,183,51800,3,371830518003,1500000US371830518003,Block Group 3,G5030,S,1306434,0,35.8122457,-78.6287242,60,26,1888,57,452,365,365,23,98942,1246,2050,360800,949,0,,,213,654,,0,86,4.5550847458,12.610619469,80.752212389,5.0884955752,6.7803842042,11.623515779,0,1,1,11.623515779,6.7803842042,360800,98942,12.610619469,0,1,2,545,0.2483442988,0.3219051149,0.3461413601,0.162471702,0.6666666667,0.7516557012,0.6780948851,0.3461413601,0.162471702,0.6666666667,0.5320982972,,,,
37,183,53808,2,371830538082,1500000US371830538082,Block Group 2,G5030,S,2962138,14796,35.899115,-78.6385677,119,9,1403,120,445,424,424,60,160000,-666666666,2805,667200,589,41,,,40,478,,22,128,9.1233071989,26.966292135,95.280898876,13.483146067,8.541921971,14.643294807,0,1,1,14.643294807,8.541921971,667200,160000,26.966292135,0,1,2,168,0.3167317599,0.6058191253,0.6104308154,0.3474261824,0.6666666667,0.6832682401,0.3941808747,0.6104308154,0.3474261824,0.6666666667,0.5308861954,,,,
37,183,54121,1,371830541211,1500000US371830541211,Block Group 1,G5030,S,2970143,0,35.8772864,-78.5136164,105,75,4353,326,1223,771,771,66,88304,1400,1232,214300,1569,0,,,567,1028,,0,180,4.1350792557,26.655764513,63.041700736,5.3965658217,13.900712434,23.829792744,0,1,1,23.829792744,13.900712434,214300,88304,26.655764513,0,1,2,52,0.5247738931,0.1861564122,0.3000947941,0.3434254312,0.6666666667,0.4752261069,0.8138435878,0.3000947941,0.3434254312,0.6666666667,0.5307744148,,,,
37,183,54213,3,371830542133,1500000US371830542133,Block Group 3,G5030,S,1216086,0,35.9549401,-78.5520961,10,21,1027,177,312,300,300,22,146875,-666666666,2993,474600,350,12,,,18,273,,0,31,3.0185004869,56.730769231,96.153846154,7.0512820513,14.655233814,25.123257967,0,0,1,25.123257967,14.655233814,474600,146875,56.730769231,0,1,1,830,0.5540663684,0.4273535953,0.5536192739,0.7309033989,0.3333333333,0.4459336316,0.5726464047,0.5536192739,0.7309033989,0.3333333333,0.5307671326,,,,
37,63,2020,3,370630020203,1500000US370630020203,Block Group 3,G5030,S,923238,4689,35.8881139,-78.9266214,87,61,2173,325,536,476,476,47,171197,-666666666,2652,428400,587,0,,,26,211,,0,148,6.8108605614,60.634328358,88.805970149,8.7686567164,11.134111889,19.087048953,0,0,0,19.087048953,11.134111889,428400,171197,60.634328358,0,0,0,586,0.4173672902,0.3845441067,0.658897012,0.7811957654,0,0.5826327098,0.6154558933,0.658897012,0.7811957654,0,0.5299379986,,,,
37,63,1806,3,370630018063,1500000US370630018063,Block Group 3,G5030,S,3969901,58033,36.0155625,-78.8284403,80,45,1640,267,371,329,329,29,63824,1292,1675,186400,466,0,,,184,134,,0,125,7.6219512195,71.967654987,88.679245283,7.8167115903,14.761170237,25.304863263,0,0,0,25.304863263,14.761170237,186400,63824,71.967654987,0,0,0,603,0.5581790948,0.1603039288,0.1941331533,0.9272111828,0,0.4418209052,0.8396960712,0.1941331533,0.9272111828,0,0.5296105516,,,,
37,63,1705,4,370630017054,1500000US370630017054,Block Group 4,G5030,S,1188623,18275,36.0435053,-78.9235639,47,62,1133,139,355,291,291,27,99795,1297,1535,225600,421,0,,,137,140,,0,109,9.6204766108,39.154929577,81.971830986,7.6056338028,18.510168516,31.731717455,0,1,1,31.731717455,18.510168516,225600,99795,39.154929577,0,1,2,606,0.7037249236,0.1966271312,0.3498335692,0.5044611857,0.6666666667,0.2962750764,0.8033728688,0.3498335692,0.5044611857,0.6666666667,0.5291753295,,,,
37,183,53721,1,371830537211,1500000US371830537211,Block Group 1,G5030,S,5014475,0,35.9181495,-78.693855,0,0,633,76,204,204,204,0,207778,-666666666,3750,644700,234,0,,,19,130,,0,0,0,37.254901961,100,0,7.8332585307,13.428443195,0,1,0,13.428443195,7.8332585307,644700,207778,37.254901961,0,0,1,474,0.2892196087,0.5849703484,0.817237812,0.4799817601,0.3333333333,0.7107803913,0.4150296516,0.817237812,0.4799817601,0.3333333333,0.5290869161,,,,
37,183,54017,1,371830540171,1500000US371830540171,Block Group 1,G5030,S,2919332,112605,35.8817127,-78.5900885,57,168,2684,258,646,470,470,48,76250,1218,1566,271800,1372,228,,,382,458,,21,225,8.3830104322,39.938080495,72.755417957,7.4303405573,10.023677565,17.183447255,0,0,1,17.183447255,10.023677565,271800,76250,39.938080495,0,1,1,492,0.3742573521,0.2394366197,0.2479190744,0.5145510836,0.3333333333,0.6257426479,0.7605633803,0.2479190744,0.5145510836,0.3333333333,0.528644683,,,,
37,183,54006,2,371830540062,1500000US371830540062,Block Group 2,G5030,S,748186,0,35.8696194,-78.6340327,0,19,972,98,308,242,242,22,82008,-666666666,1388,279500,470,59,,,94,253,,11,19,1.9547325103,31.818181818,78.571428571,7.1428571429,7.4691559789,12.804267392,0,0,1,12.804267392,7.4691559789,279500,82008,31.818181818,0,1,1,101,0.275084204,0.2465715345,0.2728425682,0.4099365751,0.3333333333,0.724915796,0.7534284655,0.2728425682,0.4099365751,0.3333333333,0.5283497094,,,,
37,183,53109,2,371830531092,1500000US371830531092,Block Group 2,G5030,S,10784135,49929,35.6030497,-78.7432243,37,223,5943,427,1250,991,991,68,87780,1679,1892,324500,2043,100,,,589,1289,,0,260,4.3748948343,34.16,79.28,5.44,14.570774952,24.978471347,0,1,1,24.978471347,14.570774952,324500,87780,34.16,0,1,2,436,0.5507874565,0.2882690882,0.297826661,0.440107907,0.6666666667,0.4492125435,0.7117309118,0.297826661,0.440107907,0.6666666667,0.5277922944,,,,
37,183,53519,2,371830535192,1500000US371830535192,Block Group 2,G5030,S,1208875,0,35.7669426,-78.7890343,41,85,2500,88,442,203,203,8,61392,1035,1316,209600,1249,222,,,428,423,,7,126,5.04,19.909502262,45.92760181,1.8099547511,4.0286464424,6.9062510441,1,0,0,6.9062510441,4.0286464424,209600,61392,19.909502262,1,0,1,185,0.1415147077,0.1818013343,0.1836062452,0.256508471,0.3333333333,0.8584852923,0.8181986657,0.1836062452,0.256508471,0.3333333333,0.5274154651,,,,
37,63,1808,3,370630018083,1500000US370630018083,Block Group 3,G5030,S,1682986,5529,35.9697296,-78.7925883,82,213,2024,176,445,423,423,43,114338,-666666666,1716,317300,660,0,,,77,669,,0,295,14.575098814,39.550561798,95.056179775,9.6629213483,10.855553466,18.609520227,0,1,0,18.609520227,10.855553466,317300,114338,39.550561798,0,0,1,635,0.4065529303,0.2815974796,0.4127829215,0.5095584008,0.3333333333,0.5934470697,0.7184025204,0.4127829215,0.5095584008,0.3333333333,0.5273768305,,,,
37,183,53714,1,371830537141,1500000US371830537141,Block Group 1,G5030,S,1114321,0,35.8812416,-78.686075,55,35,1936,252,559,511,511,18,109019,1738,1968,312100,731,0,,,60,606,,0,90,4.6487603306,45.080500894,91.413237925,3.2200357782,5.7523546371,9.8611793779,0,0,0,9.8611793779,5.7523546371,312100,109019,45.080500894,0,0,0,195,0.2084335268,0.2767790956,0.3897596385,0.5808045929,0,0.7915664732,0.7232209044,0.3897596385,0.5808045929,0,0.5267129112,,,,
37,63,700,2,370630007002,1500000US370630007002,Block Group 2,G5030,S,1323747,0,35.9817935,-78.9129619,27,5,1226,138,373,308,308,27,126757,1446,2147,465300,492,40,,,47,234,,0,32,2.6101141925,36.997319035,82.573726542,7.2386058981,14.677316931,25.161114739,0,1,1,25.161114739,14.677316931,465300,126757,36.997319035,0,1,2,382,0.5549236922,0.4187361008,0.4665385431,0.4766631336,0.6666666667,0.4450763078,0.5812638992,0.4665385431,0.4766631336,0.6666666667,0.5266748278,,,,
37,183,54203,1,371830542031,1500000US371830542031,Block Group 1,G5030,S,5251335,0,35.9875012,-78.5482151,0,52,1958,212,511,487,487,27,92266,-666666666,1892,375300,751,0,,,353,487,,0,52,2.6557711951,41.487279843,95.30332681,5.2837573386,16.363186999,28.051177713,1,0,1,28.051177713,16.363186999,375300,92266,41.487279843,1,1,2,403,0.6203735372,0.3353409933,0.3172443048,0.5345105357,0.6666666667,0.3796264628,0.6646590067,0.3172443048,0.5345105357,0.6666666667,0.5265238148,,,,
37,63,401,3,370630004013,1500000US370630004013,Block Group 3,G5030,S,1492556,43208,36.0194679,-78.9392616,57,56,879,132,204,179,179,64,100721,897,1966,376200,412,17,,,72,105,,0,113,12.855517634,64.705882353,87.745098039,31.37254902,17.692350479,30.329743679,0,1,0,30.329743679,17.692350479,376200,100721,64.705882353,0,0,1,292,0.671975108,0.3361749444,0.3538417588,0.8336525308,0.3333333333,0.328024892,0.6638250556,0.3538417588,0.8336525308,0.3333333333,0.5252352093,,,,
37,63,2024,1,370630020241,1500000US370630020241,Block Group 1,G5030,S,586893,0,35.9250081,-78.941546,75,45,1233,107,263,194,194,51,104276,1155,1157,207000,634,0,,,72,283,,23,120,9.7323600973,40.684410646,73.764258555,19.391634981,13.157935012,22.55646002,0,0,1,22.55646002,13.157935012,207000,104276,40.684410646,0,1,1,5,0.4959373486,0.1793921423,0.3692295706,0.524166593,0.3333333333,0.5040626514,0.8206078577,0.3692295706,0.524166593,0.3333333333,0.5247685063,,,,
37,183,50800,2,371830508002,1500000US371830508002,Block Group 2,G5030,S,961233,0,35.7619999,-78.6292916,43,41,733,25,151,30,30,3,33750,888,1086,271400,377,100,,,108,165,,0,84,11.459754434,16.556291391,19.867549669,1.9867549669,7.6936797243,13.189165242,0,1,1,13.189165242,7.6936797243,271400,33750,16.556291391,0,1,2,304,0.2838007977,0.2390659748,0.0639578924,0.2133066379,0.6666666667,0.7161992023,0.7609340252,0.0639578924,0.2133066379,0.6666666667,0.5242923877,,,,
37,183,53713,1,371830537131,1500000US371830537131,Block Group 1,G5030,S,787955,202357,35.8818822,-78.6969081,3,0,1571,27,293,108,108,0,53514,1175,2333,319400,1092,202,,,112,386,,0,3,0.1909611712,9.2150170648,36.860068259,0,5.2375325974,8.9786273099,0,1,1,8.9786273099,5.2375325974,319400,53514,9.2150170648,0,1,2,405,0.1884468011,0.2835433655,0.1495063348,0.1187237082,0.6666666667,0.8115531989,0.7164566345,0.1495063348,0.1187237082,0.6666666667,0.5241445205,,,,
37,183,54004,1,371830540041,1500000US371830540041,Block Group 1,G5030,S,848217,0,35.8654789,-78.6132519,0,0,1496,42,363,331,331,0,81507,1833,1583,262900,833,0,,,273,535,,0,0,0,11.570247934,91.184573003,0,8.3796106889,14.365046895,0,1,1,14.365046895,8.3796106889,262900,81507,11.570247934,0,1,2,183,0.3104304153,0.2311897702,0.2706739905,0.1490678455,0.6666666667,0.6895695847,0.7688102298,0.2706739905,0.1490678455,0.6666666667,0.5238221359,,,,
37,183,54119,2,371830541192,1500000US371830541192,Block Group 2,G5030,S,2363224,0,35.8235764,-78.5622564,172,0,5272,329,1028,597,597,88,93931,1444,1290,180900,1693,0,,,1106,777,,19,172,3.2625189681,32.003891051,58.073929961,8.560311284,10.522436472,18.038462523,0,1,0,18.038462523,10.522436472,180900,93931,32.003891051,0,0,1,53,0.3936204654,0.1552075612,0.3244512546,0.412329201,0.3333333333,0.6063795346,0.8447924388,0.3244512546,0.412329201,0.3333333333,0.5227474638,,,,
37,63,2024,5,370630020245,1500000US370630020245,Block Group 5,G5030,S,744213,0,35.9363914,-78.9363908,69,24,1301,152,368,198,198,77,126544,-666666666,1866,268900,455,0,,,26,192,,0,93,7.1483474251,41.304347826,53.804347826,20.923913043,13.394486902,22.961977546,0,0,1,22.961977546,13.394486902,268900,126544,41.304347826,0,1,1,687,0.505120906,0.236749444,0.465616573,0.5321536906,0.3333333333,0.494879094,0.763250556,0.465616573,0.5321536906,0.3333333333,0.5226366313,,,,
37,183,53808,1,371830538081,1500000US371830538081,Block Group 1,G5030,S,3922392,70409,35.912494,-78.6350538,25,21,975,86,311,303,303,22,141845,-666666666,2639,646600,359,0,,,49,242,,0,46,4.7179487179,27.652733119,97.427652733,7.0739549839,9.2084806238,15.785966784,0,1,1,15.785966784,9.2084806238,646600,141845,27.652733119,0,1,2,167,0.3426092942,0.5867309118,0.531846927,0.3562700965,0.6666666667,0.6573907058,0.4132690882,0.531846927,0.3562700965,0.6666666667,0.5225870442,,,,
37,183,53113,4,371830531134,1500000US371830531134,Block Group 4,G5030,S,1503803,0,35.5710783,-78.8107435,32,15,1905,190,466,377,377,13,67045,1668,1652,283200,688,44,,,148,610,,0,47,2.467191601,40.772532189,80.901287554,2.7896995708,17.210212129,29.503220793,0,1,1,29.503220793,17.210212129,283200,67045,40.772532189,0,1,2,724,0.6532572478,0.25,0.2080752466,0.5253019263,0.6666666667,0.3467427522,0.75,0.2080752466,0.5253019263,0.6666666667,0.5221520276,,,,
37,63,2020,1,370630020201,1500000US370630020201,Block Group 1,G5030,S,7053910,190334,35.8836714,-78.959859,139,70,2528,287,732,658,658,49,162067,1793,2193,361000,982,41,,,75,364,,0,209,8.2674050633,39.207650273,89.890710383,6.693989071,12.606906773,21.611840182,0,0,1,21.611840182,12.606906773,361000,162067,39.207650273,0,1,1,2,0.4745450044,0.3220904374,0.6193778216,0.5051404245,0.3333333333,0.5254549956,0.6779095626,0.6193778216,0.5051404245,0.3333333333,0.5218352164,,,,
37,63,2024,2,370630020242,1500000US370630020242,Block Group 2,G5030,S,1095006,0,35.9324609,-78.9271389,35,67,1065,152,364,334,334,104,137396,-666666666,2048,340900,440,0,,,35,313,,0,102,9.5774647887,41.758241758,91.758241758,28.571428571,12.820031811,21.97719739,0,0,1,21.97719739,12.820031811,340900,137396,41.758241758,0,1,1,688,0.4828190707,0.30346553,0.5125894376,0.5380015334,0.3333333333,0.5171809293,0.69653447,0.5125894376,0.5380015334,0.3333333333,0.5210281201,,,,
37,183,52810,1,371830528101,1500000US371830528101,Block Group 1,G5030,S,2055183,0,35.7279992,-78.5245691,62,78,879,121,297,297,297,81,159898,-666666666,2080,315600,321,0,,,44,391,,0,140,15.927189989,40.740740741,100,27.272727273,14.002705152,24.004637403,0,0,1,24.004637403,14.002705152,315600,159898,40.740740741,0,1,1,824,0.5287335147,0.2800222387,0.6099893086,0.5248923342,0.3333333333,0.4712664853,0.7199777613,0.6099893086,0.5248923342,0.3333333333,0.5207008547,,,,
37,63,2007,1,370630020071,1500000US370630020071,Block Group 1,G5030,S,937527,7622,35.9249289,-78.9514163,70,0,900,56,184,162,162,31,74564,1255,-666666666,315100,465,0,,,20,292,,0,70,7.7777777778,30.434782609,88.043478261,16.847826087,13.661643319,23.419959976,0,1,1,23.419959976,13.661643319,315100,74564,30.434782609,0,1,2,693,0.5154926105,0.2795589325,0.2406212261,0.3921132457,0.6666666667,0.4845073895,0.7204410675,0.2406212261,0.3921132457,0.6666666667,0.5206388282,,,,
37,183,54502,4,371830545024,1500000US371830545024,Block Group 4,G5030,S,1279472,0,35.7600684,-78.6544455,66,76,1271,28,199,160,160,0,31507,1159,-666666666,302700,637,0,,,27,98,,0,142,11.172305271,14.070351759,80.40201005,0,6.5670951828,11.257877456,0,1,1,11.257877456,6.5670951828,302700,31507,14.070351759,0,1,2,783,0.2400638662,0.26806894,0.0542490705,0.1812784855,0.6666666667,0.7599361338,0.73193106,0.0542490705,0.1812784855,0.6666666667,0.5204481072,,,,
37,183,54001,1,371830540011,1500000US371830540011,Block Group 1,G5030,S,1269805,0,35.8592374,-78.6328153,14,98,2294,196,682,326,326,14,93021,1348,1723,308400,1047,108,,,258,614,,0,112,4.8823016565,28.739002933,47.80058651,2.0527859238,7.2019594551,12.346216209,0,1,0,12.346216209,7.2019594551,308400,93021,28.739002933,0,0,1,93,0.2647109425,0.2733506301,0.3205123211,0.3702652936,0.3333333333,0.7352890575,0.7266493699,0.3205123211,0.3702652936,0.3333333333,0.5204363605,,,,
37,183,53720,3,371830537203,1500000US371830537203,Block Group 3,G5030,S,4240683,0,35.9325307,-78.7304655,99,38,2144,314,619,579,579,42,171250,-666666666,2554,466100,752,68,,,46,744,,0,137,6.3899253731,50.726978998,93.537964459,6.7851373183,8.1288281335,13.935133943,0,0,0,13.935133943,8.1288281335,466100,171250,50.726978998,0,0,0,85,0.3006943866,0.4194773907,0.6591264225,0.653552241,0,0.6993056134,0.5805226093,0.6591264225,0.653552241,0,0.5202316277,,,,
37,183,52811,2,371830528112,1500000US371830528112,Block Group 2,G5030,S,534047,0,35.7586078,-78.5562641,0,151,1351,170,309,309,309,0,88909,-666666666,1202,171200,525,0,,,252,28,,0,151,11.176905996,55.01618123,100,0,11.539635308,19.782231957,0,0,0,19.782231957,11.539635308,171200,88909,55.01618123,0,0,0,741,0.4331107603,0.1462194218,0.3027135356,0.7088131256,0,0.5668892397,0.8537805782,0.3027135356,0.7088131256,0,0.5199530605,,,,
37,183,52001,2,371830520012,1500000US371830520012,Block Group 2,G5030,S,2525653,0,35.7778937,-78.5943914,41,38,1618,77,285,201,201,22,39583,957,-666666666,417500,562,23,,,399,98,,21,79,4.8825710754,27.01754386,70.526315789,7.7192982456,9.0868317777,15.577425905,0,1,1,15.577425905,9.0868317777,417500,39583,27.01754386,0,1,2,165,0.3378865707,0.3744440326,0.0892060235,0.3480864953,0.6666666667,0.6621134293,0.6255559674,0.0892060235,0.3480864953,0.6666666667,0.5199151103,,,,
37,183,54022,1,371830540221,1500000US371830540221,Block Group 1,G5030,S,806898,0,35.8855404,-78.5564171,0,85,1093,76,190,101,101,0,46558,1547,-666666666,155900,413,0,,,4,116,,0,85,7.7767612077,40,53.157894737,0,11.855618175,20.323916871,0,0,1,20.323916871,11.855618175,155900,46558,40,0,1,1,37,0.445378034,0.1320422535,0.1193972999,0.5153488372,0.3333333333,0.554621966,0.8679577465,0.1193972999,0.5153488372,0.3333333333,0.5196906467,,,,
37,183,51400,1,371830514001,1500000US371830514001,Block Group 1,G5030,S,551023,0,35.7998762,-78.6712774,0,0,844,60,164,115,115,0,112649,1202,3057,637300,419,12,,,0,216,,0,0,0,36.585365854,70.12195122,0,4.5196517736,7.747974469,0,1,0,7.747974469,4.5196517736,637300,112649,36.585365854,0,0,1,514,0.1605768071,0.5781134173,0.4054720877,0.4713556438,0.3333333333,0.8394231929,0.4218865827,0.4054720877,0.4713556438,0.3333333333,0.5192859011,,,,
37,63,2026,1,370630020261,1500000US370630020261,Block Group 1,G5030,S,1458717,80965,35.9448085,-78.9112401,271,102,3462,205,855,298,298,39,41372,1254,1213,179100,1253,146,,,321,252,,19,373,10.774119006,23.976608187,34.85380117,4.5614035088,12.805068984,21.951546829,0,1,1,21.951546829,12.805068984,179100,41372,23.976608187,0,1,2,6,0.4822381749,0.153539659,0.0969497072,0.3089079287,0.6666666667,0.5177618251,0.846460341,0.0969497072,0.3089079287,0.6666666667,0.5189878107,,,,
37,183,53716,1,371830537161,1500000US371830537161,Block Group 1,G5030,S,876614,62880,35.8612181,-78.6572987,16,75,1009,15,234,98,98,0,51450,1211,1354,256100,521,0,,,56,162,,0,91,9.0188305253,6.4102564103,41.88034188,0,6.1079561487,10.470781969,0,1,1,10.470781969,6.1079561487,256100,51450,6.4102564103,0,1,2,88,0.222238899,0.2248888065,0.1405723141,0.0825879547,0.6666666667,0.777761101,0.7751111935,0.1405723141,0.0825879547,0.6666666667,0.5175000673,,,,
37,183,53109,1,371830531091,1500000US371830531091,Block Group 1,G5030,S,15494375,212280,35.5784238,-78.7137778,8,165,2346,317,533,464,464,60,65769,944,1870,302800,712,0,,,195,470,,0,173,7.3742540494,59.47467167,87.054409006,11.257035647,16.706198082,28.639196711,0,0,1,28.639196711,16.706198082,302800,65769,59.47467167,0,1,1,823,0.6336901163,0.2681616012,0.2025520827,0.7662550722,0.3333333333,0.3663098837,0.7318383988,0.2025520827,0.7662550722,0.3333333333,0.5164307937,,,,
37,183,54223,1,371830542231,1500000US371830542231,Block Group 1,G5030,S,1153084,0,35.9850759,-78.4944266,49,62,1494,147,335,310,310,36,71136,905,1426,311900,627,77,,,125,341,,0,111,7.4297188755,43.880597015,92.537313433,10.746268657,18.466950195,31.657628905,0,1,1,31.657628905,18.466950195,311900,71136,43.880597015,0,1,2,552,0.7020470764,0.2765937732,0.2257831336,0.5653453662,0.6666666667,0.2979529236,0.7234062268,0.2257831336,0.5653453662,0.6666666667,0.5164174645,,,,
37,183,53113,1,371830531131,1500000US371830531131,Block Group 1,G5030,S,2270642,0,35.5605347,-78.8145805,23,76,889,99,317,230,230,0,82784,-666666666,915,145900,350,33,,,128,48,,0,99,11.136107987,31.230283912,72.555205047,0,17.965787603,30.798493034,0,1,1,30.798493034,17.965787603,145900,82784,31.230283912,0,1,2,821,0.6825906458,0.1227761305,0.2762014829,0.4023622625,0.6666666667,0.3174093542,0.8772238695,0.2762014829,0.4023622625,0.6666666667,0.5163411597,,,,
37,183,54115,3,371830541153,1500000US371830541153,Block Group 3,G5030,S,2961525,0,35.7918255,-78.502518,94,80,3881,73,1125,560,560,22,56402,1180,1473,223800,1917,106,,,560,461,,10,174,4.483380572,6.4888888889,49.777777778,1.9555555556,13.962273776,23.935326474,1,1,1,23.935326474,13.962273776,223800,56402,6.4888888889,1,1,3,402,0.5271638639,0.1949592291,0.1620070381,0.0836010336,1,0.4728361361,0.8050407709,0.1620070381,0.0836010336,1,0.5163181504,,,,
37,183,52801,3,371830528013,1500000US371830528013,Block Group 3,G5030,S,1463699,0,35.6914551,-78.6231964,67,59,2204,186,515,448,448,16,63750,1325,1214,190700,880,104,,,302,465,,8,126,5.7168784029,36.116504854,86.990291262,3.1067961165,11.117611989,19.058763409,0,1,0,19.058763409,11.117611989,190700,63750,36.116504854,0,0,1,122,0.4167267213,0.1642883617,0.1938128444,0.4653149695,0.3333333333,0.5832732787,0.8357116383,0.1938128444,0.4653149695,0.3333333333,0.5153373408,,,,
37,183,54011,2,371830540112,1500000US371830540112,Block Group 2,G5030,S,1272649,0,35.8898282,-78.620786,149,9,1413,137,460,387,387,73,122554,1788,1852,339300,607,36,,,30,420,,0,158,11.181882519,29.782608696,84.130434783,15.869565217,8.8471110752,15.166476129,0,1,0,15.166476129,8.8471110752,339300,122554,29.782608696,0,0,1,148,0.3285799918,0.3019829503,0.4483458643,0.383710819,0.3333333333,0.6714200082,0.6980170497,0.4483458643,0.383710819,0.3333333333,0.5148873698,,,,
37,183,54023,3,371830540233,1500000US371830540233,Block Group 3,G5030,S,1963827,0,35.8851775,-78.542695,45,0,1811,104,477,373,373,47,73967,1495,1597,255900,798,78,,,164,368,,0,45,2.4848150193,21.80293501,78.19706499,9.8532494759,12.553686235,21.520604974,0,1,1,21.520604974,12.553686235,255900,73967,21.80293501,0,1,2,73,0.4724788452,0.2247034841,0.2380371125,0.2809029301,0.6666666667,0.5275211548,0.7752965159,0.2380371125,0.2809029301,0.6666666667,0.514302369,,,,
37,183,53723,2,371830537232,1500000US371830537232,Block Group 2,G5030,S,1230115,32761,35.8872077,-78.652556,0,15,1534,21,389,346,346,0,65250,1359,1423,222800,818,43,,,145,452,,0,15,0.9778357236,5.3984575835,88.946015424,0,7.3876803964,12.664594965,1,1,0,12.664594965,7.3876803964,222800,65250,5.3984575835,1,0,2,400,0.2719211108,0.1940326168,0.200305592,0.069552221,0.6666666667,0.7280788892,0.8059673832,0.200305592,0.069552221,0.6666666667,0.5139651467,,,,
37,183,52704,2,371830527042,1500000US371830527042,Block Group 2,G5030,S,637396,0,35.8441867,-78.5932285,69,82,1795,101,402,146,146,15,48024,1128,965,86000,887,166,,,242,154,,0,151,8.4122562674,25.124378109,36.31840796,3.7313432836,8.9861034666,15.4047488,0,1,0,15.4047488,8.9861034666,86000,48024,25.124378109,0,0,1,100,0.3339760367,0.0672720534,0.1257428785,0.3236954761,0.3333333333,0.6660239633,0.9327279466,0.1257428785,0.3236954761,0.3333333333,0.5132164037,,,,
37,183,54501,2,371830545012,1500000US371830545012,Block Group 2,G5030,S,1528507,12646,35.7462233,-78.6690789,25,136,1582,106,356,221,221,40,30865,976,1316,250700,917,74,,,381,244,,0,161,10.17699115,29.775280899,62.078651685,11.235955056,6.6340511178,11.372659059,0,1,0,11.372659059,6.6340511178,250700,30865,29.775280899,0,0,1,725,0.2426632691,0.2198851001,0.0514701745,0.3836164097,0.3333333333,0.7573367309,0.7801148999,0.0514701745,0.3836164097,0.3333333333,0.5130749492,,,,
37,63,2023,3,370630020233,1500000US370630020233,Block Group 3,G5030,S,605902,0,35.9150771,-78.9365426,16,18,828,69,159,148,148,0,78864,1330,1750,290600,360,0,,,54,233,,0,34,4.1062801932,43.396226415,93.081761006,0,12.542390441,21.501240755,0,0,1,21.501240755,12.542390441,290600,78864,43.396226415,0,1,1,686,0.4720403132,0.2568569311,0.2592337692,0.5591048706,0.3333333333,0.5279596868,0.7431430689,0.2592337692,0.5591048706,0.3333333333,0.5129847967,,,,
37,183,53430,2,371830534302,1500000US371830534302,Block Group 2,G5030,S,833298,0,35.7464921,-78.8579313,0,27,942,78,281,281,281,0,146307,-666666666,2496,429600,360,0,,,134,320,,0,27,2.8662420382,27.758007117,100,0,7.7400099329,13.268588456,0,0,1,13.268588456,7.7400099329,429600,146307,27.758007117,0,1,1,550,0.2855994564,0.3856560415,0.5511606868,0.3576264173,0.3333333333,0.7144005436,0.6143439585,0.5511606868,0.3576264173,0.3333333333,0.5126582673,,,,
37,63,2024,4,370630020244,1500000US370630020244,Block Group 4,G5030,S,869270,0,35.9428981,-78.9297449,14,46,875,72,174,147,147,57,74143,1653,1272,203200,529,63,,,14,431,,0,60,6.8571428571,41.379310345,84.482758621,32.75862069,13.393574372,22.960413209,0,0,1,22.960413209,13.393574372,203200,74143,41.379310345,0,1,1,650,0.5050854792,0.1758710156,0.2387989283,0.5331194868,0.3333333333,0.4949145208,0.8241289844,0.2387989283,0.5331194868,0.3333333333,0.5123808583,,,,
37,63,2030,1,370630020301,1500000US370630020301,Block Group 1,G5030,S,2336426,19013,35.980203,-78.9597425,12,35,1347,150,389,310,310,33,77446,1625,1991,367300,737,50,,,81,304,,70,47,3.4892353378,38.560411311,79.69151671,8.4832904884,16.358487537,28.043121492,0,1,1,28.043121492,16.358487537,367300,77446,38.560411311,0,1,2,638,0.6201910919,0.3279280949,0.2530959585,0.4968015783,0.6666666667,0.3798089081,0.6720719051,0.2530959585,0.4968015783,0.6666666667,0.5122099318,,,,
37,183,53720,1,371830537201,1500000US371830537201,Block Group 1,G5030,S,2791184,0,35.9406386,-78.7095766,0,16,1308,135,428,410,410,6,137241,-666666666,1973,417400,491,0,,,143,476,,0,16,1.2232415902,31.542056075,95.794392523,1.4018691589,8.9030318069,15.26234024,0,1,0,15.26234024,8.9030318069,417400,137241,31.542056075,0,0,1,419,0.3307509796,0.3743513714,0.5119185203,0.406379048,0.3333333333,0.6692490204,0.6256486286,0.5119185203,0.406379048,0.3333333333,0.5118952615,,,,
37,183,53724,3,371830537243,1500000US371830537243,Block Group 3,G5030,S,3909783,0,35.8966743,-78.7474971,49,15,1533,188,451,344,344,55,95469,1768,2209,311200,658,72,,,62,445,,10,64,4.1748206132,41.685144124,76.274944568,12.195121951,5.5880063881,9.5794395224,0,0,0,9.5794395224,5.5880063881,311200,95469,41.685144124,0,0,0,788,0.2020531019,0.2759451446,0.3311084852,0.5370597638,0,0.7979468981,0.7240548554,0.3311084852,0.5370597638,0,0.5116734851,,,,
37,183,52811,3,371830528113,1500000US371830528113,Block Group 3,G5030,S,4847024,24586,35.7623153,-78.568295,0,207,4510,120,853,243,243,0,34934,-666666666,1084,142500,1237,0,,,760,263,,0,207,4.5898004435,14.067995311,28.487690504,0,10.701256112,18.345010478,0,1,1,18.345010478,10.701256112,142500,34934,14.067995311,0,1,2,225,0.4005627072,0.1196256486,0.0690828345,0.1812481256,0.6666666667,0.5994372928,0.8803743514,0.0690828345,0.1812481256,0.6666666667,0.5114878417,,,,
37,183,53901,2,371830539012,1500000US371830539012,Block Group 2,G5030,S,5668498,224833,35.998296,-78.5604699,0,61,1247,179,330,330,330,15,201089,-666666666,3203,590700,367,0,,,140,261,,24,61,4.8917401764,54.242424242,100,4.5454545455,16.08930699,27.581669125,0,1,0,27.581669125,16.08930699,590700,201089,54.242424242,0,0,1,709,0.6097408055,0.5349332839,0.7882844862,0.6988442565,0.3333333333,0.3902591945,0.4650667161,0.7882844862,0.6988442565,0.3333333333,0.5107843213,,,,
37,183,54008,1,371830540081,1500000US371830540081,Block Group 1,G5030,S,761936,0,35.8533339,-78.5644621,65,151,1910,219,406,351,351,114,69167,1518,1419,204000,576,0,,,146,643,,30,216,11.308900524,53.9408867,86.45320197,28.078817734,10.702728891,18.347535242,0,0,0,18.347535242,10.702728891,204000,69167,53.9408867,0,0,0,110,0.4006198843,0.1766123054,0.2172603202,0.694959331,0,0.5993801157,0.8233876946,0.2172603202,0.694959331,0,0.5099884326,,,,
37,183,53111,2,371830531112,1500000US371830531112,Block Group 2,G5030,S,6985893,65799,35.6653432,-78.7221596,39,84,2175,177,628,500,500,35,114544,1260,1796,245500,917,0,,,182,388,,21,123,5.6551724138,28.184713376,79.617834395,5.5732484076,10.39012639,17.81164524,0,0,1,17.81164524,10.39012639,245500,114544,28.184713376,0,1,1,136,0.3884838451,0.2150667161,0.4136745921,0.3631239816,0.3333333333,0.6115161549,0.7849332839,0.4136745921,0.3631239816,0.3333333333,0.5086808168,,,,
37,63,500,2,370630005002,1500000US370630005002,Block Group 2,G5030,S,639534,0,36.0002984,-78.9186406,13,34,1033,84,199,182,182,30,57200,980,1924,431700,424,46,,,62,194,,7,47,4.5498547919,42.211055276,91.457286432,15.075376884,15.881093922,27.224732437,0,1,1,27.224732437,15.881093922,431700,57200,42.211055276,0,1,2,270,0.6016574346,0.3876019274,0.1654611799,0.5438354564,0.6666666667,0.3983425654,0.6123980726,0.1654611799,0.5438354564,0.6666666667,0.5079035713,,,,
37,183,54224,3,371830542243,1500000US371830542243,Block Group 3,G5030,S,1592993,0,35.9705645,-78.5055774,79,63,1715,152,417,319,319,67,61761,943,1572,265400,684,65,,,206,378,,0,142,8.2798833819,36.450839329,76.498800959,16.067146283,17.354718698,29.750946339,0,1,1,29.750946339,17.354718698,265400,61761,36.450839329,0,1,2,564,0.6588673673,0.233506301,0.1852034611,0.4696224416,0.6666666667,0.3411326327,0.766493699,0.1852034611,0.4696224416,0.6666666667,0.5078411878,,,,
37,63,2031,2,370630020312,1500000US370630020312,Block Group 2,G5030,S,617456,0,35.9640578,-78.9621247,0,88,895,119,269,159,159,119,67250,1317,1305,140600,494,14,,,31,129,,0,88,9.8324022346,44.237918216,59.107806691,44.237918216,15.721026061,26.95033039,0,1,0,26.95033039,15.721026061,140600,67250,44.237918216,0,0,1,684,0.5954431854,0.1178650852,0.2089625888,0.5699489928,0.3333333333,0.4045568146,0.8821349148,0.2089625888,0.5699489928,0.3333333333,0.5076163603,,,,
37,63,1604,3,370630016043,1500000US370630016043,Block Group 3,G5030,S,1700870,24423,36.0724192,-78.9531989,67,0,674,113,179,166,166,49,111204,-666666666,1767,295300,264,0,,,16,140,,0,67,9.940652819,63.12849162,92.737430168,27.374301676,21.095860424,36.164332155,0,1,0,36.164332155,21.095860424,295300,111204,63.12849162,0,0,1,664,0.8041081843,0.2612120089,0.3992174075,0.8133298688,0.3333333333,0.1958918157,0.7387879911,0.3992174075,0.8133298688,0.3333333333,0.5066514268,,,,
37,183,54118,1,371830541181,1500000US371830541181,Block Group 1,G5030,S,2224881,0,35.8010213,-78.5476737,0,0,2255,71,562,317,317,0,75649,-666666666,1169,203700,1089,0,,,245,346,,0,0,0,12.633451957,56.40569395,0,11.37338834,19.497237154,0,1,1,19.497237154,11.37338834,203700,75649,12.633451957,0,1,2,48,0.4266566221,0.1763343217,0.2453176469,0.1627658694,0.6666666667,0.5733433779,0.8236656783,0.2453176469,0.1627658694,0.6666666667,0.5066255455,,,,
37,183,54221,2,371830542212,1500000US371830542212,Block Group 2,G5030,S,1839833,0,35.9625315,-78.4797801,129,105,1436,96,301,169,169,0,125022,-666666666,1848,296200,427,0,,,52,231,,0,234,16.295264624,31.893687708,56.146179402,0,18.203582946,31.206142194,0,1,1,31.206142194,18.203582946,296200,125022,31.893687708,0,1,2,701,0.6918224773,0.26204596,0.4590285984,0.4109093719,0.6666666667,0.3081775227,0.73795404,0.4590285984,0.4109093719,0.6666666667,0.5065987248,,,,
37,183,52814,2,371830528142,1500000US371830528142,Block Group 2,G5030,S,3308958,36199,35.6946068,-78.5989699,24,116,1265,106,286,255,255,32,62330,867,1140,212500,485,0,,,123,259,,67,140,11.067193676,37.062937063,89.160839161,11.188811189,11.88123106,20.367824674,0,1,0,20.367824674,11.88123106,212500,62330,37.062937063,0,0,1,751,0.4463723926,0.18448851,0.1876663767,0.477508538,0.3333333333,0.5536276074,0.81551149,0.1876663767,0.477508538,0.3333333333,0.5063196387,,,,
37,183,51502,1,371830515021,1500000US371830515021,Block Group 1,G5030,S,1058169,0,35.8096844,-78.6888068,39,16,752,31,156,111,111,0,79757,1650,3917,757800,501,126,,,7,204,,0,55,7.3138297872,19.871794872,71.153846154,0,3.4270587299,5.8749578227,0,1,1,5.8749578227,3.4270587299,757800,79757,19.871794872,0,1,2,541,0.1181595137,0.6897702001,0.2630991183,0.2560226595,0.6666666667,0.8818404863,0.3102297999,0.2630991183,0.2560226595,0.6666666667,0.5061549916,,,,
37,183,52602,1,371830526021,1500000US371830526021,Block Group 1,G5030,S,1456146,0,35.8492562,-78.6339197,70,34,1638,114,488,419,419,37,123203,1356,1890,381300,828,123,,,81,522,,0,104,6.3492063492,23.360655738,85.860655738,7.5819672131,6.8849310814,11.802738997,0,1,0,11.802738997,6.8849310814,381300,123203,23.360655738,0,0,1,379,0.2524030795,0.3409006672,0.4511550598,0.3009721693,0.3333333333,0.7475969205,0.6590993328,0.4511550598,0.3009721693,0.3333333333,0.5057443117,,,,
37,63,2034,2,370630020342,1500000US370630020342,Block Group 2,G5030,S,3396115,46007,35.930353,-78.9679762,138,15,2494,180,725,627,627,82,116398,-666666666,1915,343100,928,0,,,133,614,,0,153,6.134723336,24.827586207,86.482758621,11.310344828,14.677105052,25.160751518,0,1,1,25.160751518,14.677105052,343100,116398,24.827586207,0,1,2,652,0.5549154665,0.3055040771,0.4216996282,0.3198716921,0.6666666667,0.4450845335,0.6944959229,0.4216996282,0.3198716921,0.6666666667,0.5056415371,,,,
37,63,2021,1,370630020211,1500000US370630020211,Block Group 1,G5030,S,1703371,1498,35.9062851,-78.9302504,165,41,1923,161,425,306,306,101,105735,1555,1649,334000,690,0,,,43,381,,0,206,10.712428497,37.882352941,72,23.764705882,11.84182239,20.300266954,0,0,1,20.300266954,11.84182239,334000,105735,37.882352941,0,1,1,526,0.4448424459,0.2970719051,0.3755448497,0.4880656635,0.3333333333,0.5551575541,0.7029280949,0.3755448497,0.4880656635,0.3333333333,0.505612575,,,,
37,183,53209,1,371830532091,1500000US371830532091,Block Group 1,G5030,S,6724366,47429,35.5989585,-78.8481108,59,58,980,173,266,266,266,10,183708,-666666666,2250,414800,332,53,,,24,287,,0,117,11.93877551,65.037593985,100,3.7593984962,16.090585754,27.583861293,0,0,0,27.583861293,16.090585754,414800,183708,65.037593985,0,0,0,822,0.6097904504,0.3719421794,0.7130508555,0.8379262109,0,0.3902095496,0.6280578206,0.7130508555,0.8379262109,0,0.5039505898,,,,
37,63,401,2,370630004012,1500000US370630004012,Block Group 2,G5030,S,684878,0,36.0194977,-78.9275448,57,19,776,102,207,183,183,59,163472,-666666666,1692,397100,302,14,,,39,114,,0,76,9.793814433,49.275362319,88.405797101,28.502415459,17.244568841,29.562118014,0,1,0,29.562118014,17.244568841,397100,163472,49.275362319,0,0,1,291,0.6545910644,0.3555411416,0.6254593619,0.6348500169,0.3333333333,0.3454089356,0.6444588584,0.6254593619,0.6348500169,0.3333333333,0.5031691126,,,,
37,183,53111,3,371830531113,1500000US371830531113,Block Group 3,G5030,S,5205535,4509,35.6436271,-78.7189961,68,75,1447,92,444,264,264,31,75288,1080,1598,318400,616,93,,,136,279,,0,143,9.8825155494,20.720720721,59.459459459,6.981981982,12.215401988,20.940689122,0,1,1,20.940689122,12.215401988,318400,75288,20.720720721,0,1,2,334,0.459345774,0.2826167532,0.2437550589,0.2669599832,0.6666666667,0.540654226,0.7173832468,0.2437550589,0.2669599832,0.6666666667,0.5030890409,,,,
37,183,53723,1,371830537231,1500000US371830537231,Block Group 1,G5030,S,1305408,20991,35.8944491,-78.6591183,30,79,2001,89,566,446,446,42,78333,1372,2019,488600,1077,183,,,84,426,,25,109,5.4472763618,15.724381625,78.798586572,7.4204946996,7.521027175,12.893189443,1,0,1,12.893189443,7.521027175,488600,78333,15.724381625,1,1,2,187,0.2770979783,0.4403261675,0.2569353366,0.2025885447,0.6666666667,0.7229020217,0.5596738325,0.2569353366,0.2025885447,0.6666666667,0.5023342751,,,,
37,63,2034,1,370630020341,1500000US370630020341,Block Group 1,G5030,S,3890255,9671,35.9289919,-78.9821618,29,106,2307,116,527,356,356,51,99278,1672,2846,248400,1038,26,,,240,433,,0,135,5.8517555267,22.011385199,67.552182163,9.6774193548,15.202248532,26.060997484,0,1,1,26.060997484,15.202248532,248400,99278,22.011385199,0,1,2,649,0.5753028973,0.2177538918,0.3475957356,0.2835885442,0.6666666667,0.4246971027,0.7822461082,0.3475957356,0.2835885442,0.6666666667,0.5016135403,,,,
37,63,2025,4,370630020254,1500000US370630020254,Block Group 4,G5030,S,1058327,0,35.9337535,-78.9029834,85,74,1299,38,263,67,67,9,57193,1407,1096,194300,441,0,,,135,316,,0,159,12.240184758,14.448669202,25.475285171,3.4220532319,11.85723716,20.326692274,0,1,1,20.326692274,11.85723716,194300,57193,14.448669202,0,1,2,588,0.4454408872,0.167624166,0.1654308804,0.1861526218,0.6666666667,0.5545591128,0.832375834,0.1654308804,0.1861526218,0.6666666667,0.5015295218,,,,
37,183,52603,2,371830526032,1500000US371830526032,Block Group 2,G5030,S,1117880,0,35.8272214,-78.6336457,0,16,866,31,185,159,159,16,80156,1294,3031,566500,616,103,,,16,401,,0,16,1.8475750577,16.756756757,85.945945946,8.6486486486,6.5482373456,11.225549735,0,1,1,11.225549735,6.5482373456,566500,80156,16.756756757,0,1,2,95,0.2393317561,0.5125092661,0.2648261891,0.2158893777,0.6666666667,0.7606682439,0.4874907339,0.2648261891,0.2158893777,0.6666666667,0.5014535044,,,,
37,63,1802,3,370630018023,1500000US370630018023,Block Group 3,G5030,S,2477159,4636,35.9843745,-78.8534425,0,127,2277,82,539,326,326,0,40962,1218,1193,122800,730,0,,,603,181,,26,127,5.5775142732,15.213358071,60.482374768,0,12.799351212,21.941744934,1,1,0,21.941744934,12.799351212,122800,40962,15.213358071,1,0,2,367,0.4820161962,0.1013713862,0.0951750228,0.1960046598,0.6666666667,0.5179838038,0.8986286138,0.0951750228,0.1960046598,0.6666666667,0.5010736743,,,,
37,183,53005,1,371830530051,1500000US371830530051,Block Group 1,G5030,S,1438852,0,35.7237003,-78.7631139,0,0,706,16,219,190,190,0,107206,-666666666,2133,479000,326,0,,,25,176,,8,0,0,7.3059360731,86.757990868,0,6.3853282535,10.946277006,0,1,1,10.946277006,6.3853282535,479000,107206,7.3059360731,0,1,2,482,0.233007203,0.4314306894,0.3819120709,0.0941276415,0.6666666667,0.766992797,0.5685693106,0.3819120709,0.0941276415,0.6666666667,0.5005185122,,,,
37,63,1808,4,370630018084,1500000US370630018084,Block Group 4,G5030,S,9000132,48051,35.9519275,-78.8092077,88,160,3907,309,1214,1034,1034,104,145264,1524,2107,341500,1645,108,,,169,1187,,0,248,6.3475812644,25.453047776,85.172981878,8.5667215815,9.9458343326,17.050001713,0,1,0,17.050001713,9.9458343326,341500,145264,25.453047776,0,0,1,631,0.371235276,0.3040214974,0.546646063,0.3279299644,0.3333333333,0.628764724,0.6959785026,0.546646063,0.3279299644,0.3333333333,0.4997006456,,,,
37,183,53430,1,371830534301,1500000US371830534301,Block Group 1,G5030,S,2669767,7082,35.754319,-78.8658026,10,59,1566,33,441,285,285,11,66479,1317,2229,315700,721,53,,,232,283,,0,69,4.4061302682,7.4829931973,64.62585034,2.4943310658,7.8530600292,13.462388621,0,1,1,13.462388621,7.8530600292,315700,66479,7.4829931973,0,1,2,560,0.2899883541,0.2801148999,0.2056253165,0.0964087961,0.6666666667,0.7100116459,0.7198851001,0.2056253165,0.0964087961,0.6666666667,0.4994779955,,,,
37,183,53714,3,371830537143,1500000US371830537143,Block Group 3,G5030,S,596475,0,35.8803143,-78.6814448,24,18,748,34,197,196,196,34,87000,1313,1484,278200,491,119,,,85,210,,0,42,5.614973262,17.258883249,99.492385787,17.258883249,5.8677598313,10.059016854,1,0,0,10.059016854,5.8677598313,278200,87000,17.258883249,1,0,1,202,0.2129138555,0.2453669385,0.2944504322,0.2223586353,0.3333333333,0.7870861445,0.7546330615,0.2944504322,0.2223586353,0.3333333333,0.4993995171,,,,
37,183,52002,2,371830520022,1500000US371830520022,Block Group 2,G5030,S,2271126,0,35.7650674,-78.5914785,24,99,2881,37,665,365,365,10,53224,1194,1130,164900,1018,0,,,425,510,,38,123,4.2693509198,5.5639097744,54.887218045,1.5037593985,9.5311720413,16.339152071,0,1,1,16.339152071,9.5311720413,164900,53224,5.5639097744,0,1,2,720,0.3551370113,0.1403817643,0.1482510702,0.0716838608,0.6666666667,0.6448629887,0.8596182357,0.1482510702,0.0716838608,0.6666666667,0.4992187999,,,,
37,183,51900,2,371830519002,1500000US371830519002,Block Group 2,G5030,S,981907,0,35.7941614,-78.6080313,53,71,1232,14,300,149,149,14,34844,961,992,188600,735,96,,,111,129,,16,124,10.064935065,4.6666666667,49.666666667,4.6666666667,8.0761944068,13.844904697,0,1,1,13.844904697,8.0761944068,188600,34844,4.6666666667,0,1,2,512,0.2986510089,0.1623424759,0.0686932696,0.060124031,0.6666666667,0.7013489911,0.8376575241,0.0686932696,0.060124031,0.6666666667,0.4981024206,,,,
37,183,54023,2,371830540232,1500000US371830540232,Block Group 2,G5030,S,2364337,0,35.9009137,-78.5497836,390,32,3153,127,785,155,155,23,39783,1294,1015,161600,1621,253,,,420,467,,0,422,13.384078655,16.178343949,19.74522293,2.9299363057,12.652119598,21.689347883,0,1,1,21.689347883,12.652119598,161600,39783,16.178343949,0,1,2,66,0.4763002834,0.1373239437,0.0900717232,0.2084372686,0.6666666667,0.5236997166,0.8626760563,0.0900717232,0.2084372686,0.6666666667,0.4979099632,,,,
37,183,53713,2,371830537132,1500000US371830537132,Block Group 2,G5030,S,595500,0,35.8811493,-78.692666,0,10,1416,50,454,273,273,11,39401,1108,1905,444200,1053,201,,,268,350,,0,10,0.7062146893,11.013215859,60.13215859,2.422907489,5.526218685,9.4735177457,0,1,1,9.4735177457,5.526218685,444200,39401,11.013215859,0,1,2,200,0.1996543431,0.3991845812,0.0884182368,0.1418911997,0.6666666667,0.8003456569,0.6008154188,0.0884182368,0.1418911997,0.6666666667,0.4978974549,,,,
37,183,52814,3,371830528143,1500000US371830528143,Block Group 3,G5030,S,4275364,0,35.6750597,-78.594436,55,18,1808,230,529,457,457,56,68807,-666666666,1898,328300,623,0,,,207,739,,30,73,4.0376106195,43.47826087,86.389413989,10.586011342,13.030286318,22.337633687,0,1,0,22.337633687,13.030286318,328300,68807,43.47826087,0,0,1,212,0.4909816955,0.291790215,0.2157020608,0.5601617796,0.3333333333,0.5090183045,0.708209785,0.2157020608,0.5601617796,0.3333333333,0.4971738508,,,,
37,183,52404,2,371830524042,1500000US371830524042,Block Group 2,G5030,S,453540,0,35.772218,-78.6949575,0,0,967,0,119,89,89,0,40000,1207,-666666666,326500,451,33,,,78,154,,8,0,0,0,74.789915966,0,4.2791670966,7.3357150227,0,1,1,7.3357150227,4.2791670966,326500,40000,0,0,1,2,131,0.1512405687,0.2901223128,0.0910110074,0,0.6666666667,0.8487594313,0.7098776872,0.0910110074,0,0.6666666667,0.4965998293,,,,
37,183,52002,1,371830520021,1500000US371830520021,Block Group 1,G5030,S,1596837,0,35.769449,-78.6062017,73,69,3014,0,603,103,103,0,44815,1078,945,109400,969,73,,,633,174,,12,142,4.7113470471,0,17.081260365,0,8.6507637096,14.829880645,0,1,1,14.829880645,8.6507637096,109400,44815,0,0,1,2,508,0.3209572783,0.0889547813,0.1118527272,0,0.6666666667,0.6790427217,0.9110452187,0.1118527272,0,0.6666666667,0.4964883302,,,,
37,183,52101,4,371830521014,1500000US371830521014,Block Group 4,G5030,S,1708865,2635,35.7545937,-78.6244242,0,0,955,0,229,28,28,0,43232,1309,1273,129800,456,78,,,188,105,,0,0,0,0,12.227074236,0,8.2839518203,14.201060263,0,1,1,14.201060263,8.2839518203,129800,43232,0,0,1,2,146,0.3067166901,0.1078576723,0.1050007142,0,0.6666666667,0.6932833099,0.8921423277,0.1050007142,0,0.6666666667,0.4955826978,,,,
37,63,1304,2,370630013042,1500000US370630013042,Block Group 2,G5030,S,907608,0,35.9645703,-78.9067879,97,37,1188,30,180,30,30,0,33602,705,900,123900,668,37,,,193,132,,10,134,11.279461279,16.666666667,16.666666667,0,13.542827233,23.216275256,0,1,1,23.216275256,13.542827233,123900,33602,16.666666667,0,1,2,689,0.5108798621,0.1023906597,0.0633172746,0.2147286822,0.6666666667,0.4891201379,0.8976093403,0.0633172746,0.2147286822,0.6666666667,0.4951491339,,,,
37,183,53421,2,371830534212,1500000US371830534212,Block Group 2,G5030,S,3977231,0,35.6836422,-78.7977277,75,104,2576,213,792,713,713,76,119286,984,2086,354300,972,114,,,139,679,,0,179,6.948757764,26.893939394,90.025252525,9.595959596,9.4971406279,16.280812505,0,0,1,16.280812505,9.4971406279,354300,119286,26.893939394,0,1,1,735,0.3538158236,0.3158821349,0.4342003316,0.3464940099,0.3333333333,0.6461841764,0.6841178651,0.4342003316,0.3464940099,0.3333333333,0.4950798194,,,,
37,183,52816,2,371830528162,1500000US371830528162,Block Group 2,G5030,S,1388778,0,35.7417684,-78.5839398,413,15,4042,248,1035,523,523,14,105924,1384,1411,216000,1041,0,,,438,729,,10,428,10.588817417,23.961352657,50.531400966,1.3526570048,10.599158011,18.169985162,0,1,0,18.169985162,10.599158011,216000,105924,23.961352657,0,0,1,44,0.3965989943,0.1877316531,0.3763629359,0.3087113807,0.3333333333,0.6034010057,0.8122683469,0.3763629359,0.3087113807,0.3333333333,0.4947847262,,,,
37,63,1100,3,370630011003,1500000US370630011003,Block Group 3,G5030,S,382809,0,35.9947513,-78.8926859,154,8,1203,41,188,41,41,26,27964,516,1103,140800,475,44,,,332,53,,14,162,13.466334165,21.808510638,21.808510638,13.829787234,14.734341581,25.258871281,1,1,0,25.258871281,14.734341581,140800,27964,21.808510638,1,0,2,672,0.5571375369,0.1180504077,0.0389132006,0.280974765,0.6666666667,0.4428624631,0.8819495923,0.0389132006,0.280974765,0.6666666667,0.4945738789,,,,
37,183,54119,3,371830541193,1500000US371830541193,Block Group 3,G5030,S,2136236,0,35.8297187,-78.5469286,0,0,590,22,181,161,161,0,106133,-666666666,1274,329800,181,0,,,58,185,,0,0,0,12.154696133,88.950276243,0,11.409819384,19.559690372,0,1,1,19.559690372,11.409819384,329800,106133,12.154696133,0,1,2,75,0.4280709697,0.2931801334,0.3772675921,0.156597713,0.6666666667,0.5719290303,0.7068198666,0.3772675921,0.156597713,0.6666666667,0.4945557517,,,,
37,183,54118,2,371830541182,1500000US371830541182,Block Group 2,G5030,S,2292122,6376,35.8087744,-78.5600613,84,81,2278,151,632,563,563,83,111700,1688,1564,218500,856,0,,,99,531,,0,165,7.2431957858,23.892405063,89.082278481,13.132911392,10.812985756,18.536547009,0,1,0,18.536547009,10.812985756,218500,111700,23.892405063,0,0,1,50,0.4049003415,0.1900481838,0.4013643427,0.3078230792,0.3333333333,0.5950996585,0.8099518162,0.4013643427,0.3078230792,0.3333333333,0.4945241486,,,,
37,183,53423,1,371830534231,1500000US371830534231,Block Group 1,G5030,S,1179955,37438,35.769796,-78.8103968,19,35,1265,114,336,292,292,36,111979,1063,1807,341900,619,38,,,62,439,,0,54,4.2687747036,33.928571429,86.904761905,10.714285714,4.9570477336,8.4977961147,0,0,0,8.4977961147,4.9570477336,341900,111979,33.928571429,0,0,0,176,0.1775576518,0.3043921423,0.4025719937,0.4371262458,0,0.8224423482,0.6956078577,0.4025719937,0.4371262458,0,0.4942709194,,,,
37,183,52815,1,371830528151,1500000US371830528151,Block Group 1,G5030,S,4219511,11033,35.7216569,-78.6121001,189,148,3302,185,643,403,403,115,56990,815,1390,216900,1501,59,,,409,507,,0,337,10.205935796,28.771384137,62.67496112,17.884914463,10.082951823,17.285060268,0,1,0,17.285060268,10.082951823,216900,56990,28.771384137,0,0,1,68,0.3765585324,0.1885656042,0.1645521952,0.370682484,0.3333333333,0.6234414676,0.8114343958,0.1645521952,0.370682484,0.3333333333,0.4939397533,,,,
37,63,1301,1,370630013011,1500000US370630013011,Block Group 1,G5030,S,408110,0,35.9798042,-78.8960638,71,15,1191,80,220,89,89,0,41927,799,771,109700,532,105,,,188,149,,0,86,7.220822838,36.363636364,40.454545455,0,13.993020406,23.988034983,0,1,0,23.988034983,13.993020406,109700,41927,36.363636364,0,0,1,698,0.5283575278,0.089232765,0.0993520238,0.4684989429,0.3333333333,0.4716424722,0.910767235,0.0993520238,0.4684989429,0.3333333333,0.4937906698,,,,
37,183,54216,3,371830542163,1500000US371830542163,Block Group 3,G5030,S,5843437,79689,35.9229879,-78.4877196,47,40,2348,241,722,576,576,60,100350,866,2020,419200,841,0,,,220,745,,0,87,3.7052810903,33.379501385,79.778393352,8.3102493075,16.634708034,28.516642344,0,1,1,28.516642344,16.634708034,419200,100350,33.379501385,0,1,2,721,0.6309146874,0.3760192735,0.3522358858,0.4300521806,0.6666666667,0.3690853126,0.6239807265,0.3522358858,0.4300521806,0.6666666667,0.4931374405,,,,
37,63,1710,2,370630017102,1500000US370630017102,Block Group 2,G5030,S,1605624,9630,36.0636766,-78.915941,104,35,2125,158,489,357,357,46,74297,888,1244,196900,752,0,,,195,319,,3,139,6.5411764706,32.310838446,73.006134969,9.4069529652,19.391689219,33.242895803,0,1,1,33.242895803,19.391689219,196900,74297,32.310838446,0,1,2,353,0.7379478418,0.170033358,0.239465517,0.4162838256,0.6666666667,0.2620521582,0.829966642,0.239465517,0.4162838256,0.6666666667,0.4928572094,,,,
37,183,53006,3,371830530063,1500000US371830530063,Block Group 3,G5030,S,3854890,59046,35.6979982,-78.7450663,0,6,886,67,275,256,256,6,148750,-666666666,2230,476800,365,4,,,69,258,,0,6,0.6772009029,24.363636364,93.090909091,2.1818181818,8.0044694078,13.721947556,0,1,0,13.721947556,8.0044694078,476800,148750,24.363636364,0,0,1,789,0.2958664586,0.4293921423,0.5617352084,0.3138942918,0.3333333333,0.7041335414,0.5706078577,0.5617352084,0.3138942918,0.3333333333,0.4914687173,,,,
37,183,54018,1,371830540181,1500000US371830540181,Block Group 1,G5030,S,4099839,0,35.8562293,-78.5905679,65,18,1455,105,298,194,194,69,56051,1119,1475,379700,796,54,,,131,424,,0,83,5.704467354,35.234899329,65.100671141,23.154362416,9.3454548438,16.020779732,1,0,0,16.020779732,9.3454548438,379700,56051,35.234899329,1,0,1,438,0.3479269884,0.3394180875,0.1604877352,0.45395661,0.3333333333,0.6520730116,0.6605819125,0.1604877352,0.45395661,0.3333333333,0.4913392281,,,,
37,183,54221,1,371830542211,1500000US371830542211,Block Group 1,G5030,S,22011239,232200,35.9630049,-78.4488276,18,0,3025,368,1016,1014,1014,16,121133,-666666666,1932,365600,1118,0,,,406,539,,0,18,0.5950413223,36.220472441,99.803149606,1.5748031496,19.713807234,33.795098115,0,1,1,33.795098115,19.713807234,365600,121133,36.220472441,0,1,2,739,0.7504532979,0.326352854,0.4421950681,0.4666544589,0.6666666667,0.2495467021,0.673647146,0.4421950681,0.4666544589,0.6666666667,0.4913325596,,,,
37,183,53010,2,371830530102,1500000US371830530102,Block Group 2,G5030,S,5103395,714802,35.7025749,-78.7046903,45,0,1124,70,269,258,258,25,118864,-666666666,2153,429800,500,0,,,69,309,,0,45,4.0035587189,26.022304833,95.910780669,9.2936802974,8.1335698039,13.943262521,0,1,0,13.943262521,8.1335698039,429800,118864,26.022304833,0,0,1,762,0.3008784705,0.385841364,0.4323737052,0.3352641134,0.3333333333,0.6991215295,0.614158636,0.4323737052,0.3352641134,0.3333333333,0.4913321751,,,,
37,63,2035,2,370630020352,1500000US370630020352,Block Group 2,G5030,S,4261440,15886,35.9230482,-78.8856086,0,99,946,46,188,111,111,0,62574,1153,1236,143500,426,0,,,86,193,,0,99,10.465116279,24.468085106,59.042553191,0,10.581473829,18.139669421,0,0,1,18.139669421,10.581473829,143500,62574,24.468085106,0,1,1,669,0.3959124486,0.1205522609,0.1887225303,0.3152399802,0.3333333333,0.6040875514,0.8794477391,0.1887225303,0.3152399802,0.3333333333,0.4912603504,,,,
37,183,50900,1,371830509001,1500000US371830509001,Block Group 1,G5030,S,555468,0,35.7711345,-78.6404223,18,7,1418,17,175,70,70,10,55741,701,2050,427800,258,10,,,164,66,,0,25,1.7630465444,9.7142857143,40,5.7142857143,6.8469920815,11.737700711,0,1,1,11.737700711,6.8469920815,427800,55741,9.7142857143,0,1,2,305,0.2509301892,0.3839881394,0.1591459007,0.1251561462,0.6666666667,0.7490698108,0.6160118606,0.1591459007,0.1251561462,0.6666666667,0.4910067848,,,,
37,63,1808,2,370630018082,1500000US370630018082,Block Group 2,G5030,S,4429008,16941,35.9626638,-78.8290804,130,51,3051,312,1076,890,890,85,114851,1413,2091,321300,1429,54,,,221,1137,,19,181,5.9324811537,28.996282528,82.713754647,7.8996282528,11.057359409,18.955473273,0,1,0,18.955473273,11.057359409,321300,114851,28.996282528,0,0,1,4,0.4143875601,0.2853039288,0.4150034412,0.3735800121,0.3333333333,0.5856124399,0.7146960712,0.4150034412,0.3735800121,0.3333333333,0.490904338,,,,
37,183,54214,1,371830542141,1500000US371830542141,Block Group 1,G5030,S,15339165,281274,35.9152592,-78.4248452,29,45,931,130,225,225,225,0,127589,-666666666,2288,414800,289,14,,,96,158,,6,74,7.9484425349,57.777777778,100,0,19.399356464,33.256039653,0,1,0,33.256039653,19.399356464,414800,127589,57.777777778,0,0,1,22,0.7382455041,0.3719421794,0.4701398538,0.7443927649,0.3333333333,0.2617544959,0.6280578206,0.4701398538,0.7443927649,0.3333333333,0.4908290314,,,,
37,183,52801,1,371830528011,1500000US371830528011,Block Group 1,G5030,S,1760302,429504,35.6786548,-78.6435238,15,19,929,71,310,241,241,15,124750,-666666666,1535,237100,352,0,,,93,268,,0,34,3.6598493003,22.903225806,77.741935484,4.8387096774,11.117300843,19.058230016,0,1,0,19.058230016,11.117300843,237100,124750,22.903225806,0,0,1,509,0.4167146418,0.2072831727,0.4578512468,0.2950787697,0.3333333333,0.5832853582,0.7927168273,0.4578512468,0.2950787697,0.3333333333,0.4905861888,,,,
37,63,2007,4,370630020074,1500000US370630020074,Block Group 4,G5030,S,1427007,21423,35.9623246,-78.9273657,14,39,1299,79,428,351,351,44,76419,1547,1483,246700,644,15,,,183,239,,0,53,4.0800615858,18.457943925,82.009345794,10.280373832,14.211840018,24.363154316,0,1,1,24.363154316,14.211840018,246700,76419,18.457943925,0,1,2,601,0.5368526721,0.2161786509,0.2486505906,0.2378069985,0.6666666667,0.4631473279,0.7838213491,0.2486505906,0.2378069985,0.6666666667,0.4902012438,,,,
37,183,53902,3,371830539023,1500000US371830539023,Block Group 3,G5030,S,14228831,42155,36.027143,-78.587712,176,0,2752,388,633,558,558,86,209440,-666666666,2446,439000,1059,50,,,124,672,,13,176,6.3953488372,61.295418641,88.151658768,13.586097946,17.065065586,29.254398148,0,0,0,29.254398148,17.065065586,439000,209440,61.295418641,0,0,0,323,0.6476222829,0.3943661972,0.8244317764,0.7897130681,0,0.3523777171,0.6056338028,0.8244317764,0.7897130681,0,0.4890926345,,,,
37,183,52101,1,371830521011,1500000US371830521011,Block Group 1,G5030,S,3565581,11906,35.7345649,-78.6218239,266,81,5136,289,1266,523,523,94,48799,1201,1226,167100,1807,34,,,841,379,,11,347,6.7562305296,22.827804107,41.31121643,7.4249605055,9.2038240545,15.777984093,0,1,0,15.777984093,9.2038240545,167100,48799,22.827804107,0,0,1,407,0.3424285141,0.1424203113,0.1290974648,0.2941070576,0.3333333333,0.6575714859,0.8575796887,0.1290974648,0.2941070576,0.3333333333,0.4890119867,,,,
37,63,2300,1,370630023001,1500000US370630023001,Block Group 1,G5030,S,1241975,0,35.9872849,-78.901429,33,57,2005,57,330,144,144,31,53827,1223,1455,163600,915,109,,,304,294,,18,90,4.4887780549,17.272727273,43.636363636,9.3939393939,14.587069782,25.006405341,0,1,1,25.006405341,14.587069782,163600,53827,17.272727273,0,1,2,697,0.551420064,0.1391771683,0.1508611548,0.2225369979,0.6666666667,0.448579936,0.8608228317,0.1508611548,0.2225369979,0.6666666667,0.4883632486,,,,
37,63,1806,1,370630018061,1500000US370630018061,Block Group 1,G5030,S,3377611,93260,36.0054078,-78.809788,0,146,2782,420,799,565,565,114,94205,1662,1385,210800,984,20,,,55,552,,0,146,5.248023005,52.565707134,70.71339174,14.267834793,13.567275423,23.25818644,0,0,0,23.25818644,13.567275423,210800,94205,52.565707134,0,0,0,3,0.5118290042,0.1829132691,0.3256372632,0.6772419012,0,0.4881709958,0.8170867309,0.3256372632,0.6772419012,0,0.4873342968,,,,
37,183,52304,1,371830523041,1500000US371830523041,Block Group 1,G5030,S,1045039,0,35.7525488,-78.6746972,216,127,2275,77,618,217,217,77,72564,1313,1343,217100,860,71,,,167,462,,0,343,15.076923077,12.459546926,35.113268608,12.459546926,6.043865806,10.36091281,0,1,0,10.36091281,6.043865806,217100,72564,12.459546926,0,0,1,728,0.2197507458,0.1887509266,0.2319642293,0.1605253255,0.3333333333,0.7802492542,0.8112490734,0.2319642293,0.1605253255,0.3333333333,0.4873065492,,,,
37,63,900,2,370630009002,1500000US370630009002,Block Group 2,G5030,S,506850,0,36.0000173,-78.8894002,24,47,941,49,209,90,90,49,64338,840,1871,282900,522,79,,,118,95,,14,71,7.5451647184,23.444976077,43.062200957,23.444976077,14.942123825,25.615069414,1,1,0,25.615069414,14.942123825,282900,64338,23.444976077,1,0,2,262,0.5652041821,0.2497220163,0.1963580014,0.302058529,0.6666666667,0.4347958179,0.7502779837,0.1963580014,0.302058529,0.6666666667,0.4872383169,,,,
37,183,53804,2,371830538042,1500000US371830538042,Block Group 2,G5030,S,15157854,1592838,35.9952539,-78.6789219,15,9,965,118,301,282,282,10,135050,-666666666,2492,468000,478,145,,,32,206,,0,24,2.4870466321,39.202657807,93.687707641,3.3222591362,13.032380265,22.341223311,0,1,0,22.341223311,13.032380265,468000,135050,39.202657807,0,0,1,716,0.4910629879,0.421237954,0.5024347804,0.5050761029,0.3333333333,0.5089370121,0.578762046,0.5024347804,0.5050761029,0.3333333333,0.4861658326,,,,
37,63,1708,4,370630017084,1500000US370630017084,Block Group 4,G5030,S,3576599,163228,36.0686265,-78.8813769,0,8,1246,148,300,243,243,0,67841,1712,1423,177400,504,21,,,208,156,,42,8,0.6420545746,49.333333333,81,0,18.974415947,32.527570194,0,1,0,32.527570194,18.974415947,177400,67841,49.333333333,0,0,1,568,0.721748212,0.1519644181,0.2115207313,0.6355968992,0.3333333333,0.278251788,0.8480355819,0.2115207313,0.6355968992,0.3333333333,0.485888028,,,,
37,183,53004,2,371830530042,1500000US371830530042,Block Group 2,G5030,S,1186769,274822,35.7371235,-78.7635198,0,0,1314,79,367,286,286,0,104288,1417,2523,483100,681,76,,,45,302,,0,0,0,21.525885559,77.929155313,0,5.5386693782,9.4948617912,0,1,0,9.4948617912,5.5386693782,483100,104288,21.525885559,0,0,1,485,0.2001377113,0.4352297999,0.3692815126,0.2773335023,0.3333333333,0.7998622887,0.5647702001,0.3692815126,0.2773335023,0.3333333333,0.4858478057,,,,
37,183,52811,4,371830528114,1500000US371830528114,Block Group 4,G5030,S,4524352,14801,35.7419736,-78.5569264,0,98,2709,125,1056,676,676,61,50290,1346,1120,217100,1139,0,,,642,302,,0,98,3.6175710594,11.837121212,64.015151515,5.7765151515,11.88935346,20.381748788,0,1,1,20.381748788,11.88935346,217100,50290,11.837121212,0,1,2,230,0.4466877252,0.1887509266,0.1355512559,0.1525061663,0.6666666667,0.5533122748,0.8112490734,0.1355512559,0.1525061663,0.6666666667,0.4855928839,,,,
37,183,54004,4,371830540044,1500000US371830540044,Block Group 4,G5030,S,276427,0,35.8524594,-78.6105662,117,158,1183,95,236,95,95,63,38245,1088,938,158800,538,120,,,109,124,,0,275,23.245984784,40.254237288,40.254237288,26.694915254,8.1970657134,14.052112652,0,0,0,14.052112652,8.1970657134,158800,38245,40.254237288,0,0,0,106,0.3033435463,0.1347294292,0.0834144927,0.5186243595,0,0.6966564537,0.8652705708,0.0834144927,0.5186243595,0,0.4852157667,,,,
37,183,53728,2,371830537282,1500000US371830537282,Block Group 2,G5030,S,1026687,0,35.8625999,-78.7201777,33,31,1575,70,252,84,84,35,73033,981,1580,263000,972,85,,,82,636,,0,64,4.0634920635,27.777777778,33.333333333,13.888888889,3.629441152,6.2218991176,0,0,0,6.2218991176,3.629441152,263000,73033,27.777777778,0,0,0,752,0.1260165238,0.2312824314,0.233994295,0.357881137,0,0.8739834762,0.7687175686,0.233994295,0.357881137,0,0.4851090965,,,,
37,183,53803,1,371830538031,1500000US371830538031,Block Group 1,G5030,S,7569793,25193,35.9541983,-78.6961945,80,188,2804,389,860,734,734,100,211126,-666666666,2803,544700,943,45,,,95,786,,0,268,9.5577746077,45.23255814,85.348837209,11.627906977,10.249255202,17.570151775,0,0,0,17.570151775,10.249255202,544700,211126,45.23255814,0,0,0,479,0.3830148605,0.4923091179,0.8317296247,0.582763656,0,0.6169851395,0.5076908821,0.8317296247,0.582763656,0,0.4846483378,,,,
37,63,102,3,370630001023,1500000US370630001023,Block Group 3,G5030,S,707011,0,36.0236744,-78.9016361,5,4,603,39,164,140,140,4,56042,1178,1088,192900,277,0,,,46,138,,0,9,1.4925373134,23.780487805,85.365853659,2.4390243902,16.692060099,28.61496017,0,1,1,28.61496017,16.692060099,192900,56042,23.780487805,0,1,2,667,0.6331412432,0.1663269088,0.1604487787,0.3063811685,0.6666666667,0.3668587568,0.8336730912,0.1604487787,0.3063811685,0.6666666667,0.4844228107,,,,
37,183,52810,4,371830528104,1500000US371830528104,Block Group 4,G5030,S,1621294,0,35.7403299,-78.5351647,93,145,2224,202,643,430,430,94,71329,1805,1512,191800,657,0,,,376,160,,0,238,10.701438849,31.415241058,66.874027994,14.618973561,13.107895213,22.470677508,0,0,1,22.470677508,13.107895213,191800,71329,31.415241058,0,1,1,758,0.4939946739,0.1653076353,0.2266185338,0.4047451987,0.3333333333,0.5060053261,0.8346923647,0.2266185338,0.4047451987,0.3333333333,0.4839546242,,,,
37,63,1802,2,370630018022,1500000US370630018022,Block Group 2,G5030,S,3872861,57281,35.998605,-78.8498063,94,205,3025,120,829,399,399,0,50250,833,1041,173300,987,96,,,507,66,,19,299,9.8842975207,14.475271411,48.130277443,0,13.79091571,23.641569788,0,1,1,23.641569788,13.79091571,173300,50250,14.475271411,0,1,2,366,0.5205112997,0.1481653076,0.135378116,0.1864953573,0.6666666667,0.4794887003,0.8518346924,0.135378116,0.1864953573,0.6666666667,0.4837340978,,,,
37,183,54018,2,371830540182,1500000US371830540182,Block Group 2,G5030,S,1249623,0,35.8718522,-78.5872247,141,124,2443,149,631,252,252,56,52056,1297,1299,183600,1178,107,,,161,419,,0,265,10.84731887,23.613312203,39.936608558,8.8748019017,9.894061544,16.961248361,1,0,0,16.961248361,9.894061544,183600,52056,23.613312203,1,0,1,204,0.3692253222,0.1577094144,0.1431953841,0.3042273247,0.3333333333,0.6307746778,0.8422905856,0.1431953841,0.3042273247,0.3333333333,0.4831948228,,,,
37,183,54220,3,371830542203,1500000US371830542203,Block Group 3,G5030,S,5544069,0,35.931201,-78.5523569,49,17,2145,106,561,226,226,17,33448,869,1852,223600,1328,200,,,134,270,,39,66,3.0769230769,18.89483066,40.285204991,3.0303030303,13.62823486,23.362688331,0,1,1,23.362688331,13.62823486,223600,33448,18.89483066,0,1,2,26,0.5141956075,0.1947739066,0.0626506859,0.2434357252,0.6666666667,0.4858043925,0.8052260934,0.0626506859,0.2434357252,0.6666666667,0.48295365,,,,
37,183,53509,1,371830535091,1500000US371830535091,Block Group 1,G5030,S,2645997,40508,35.7448793,-78.7913233,84,43,1602,148,513,465,465,31,183667,-666666666,2801,473100,568,0,,,73,443,,8,127,7.9275905119,28.849902534,90.643274854,6.0428849903,5.2527865326,9.0047769131,0,0,0,9.0047769131,5.2527865326,473100,183667,28.849902534,0,0,0,116,0.1890389984,0.4259636768,0.7128733871,0.3716940931,0,0.8109610016,0.5740363232,0.7128733871,0.3716940931,0,0.481758377,,,,
37,183,53007,3,371830530073,1500000US371830530073,Block Group 3,G5030,S,5530065,414160,35.713812,-78.7532203,8,10,974,59,325,292,292,6,125083,-666666666,2154,408500,421,0,,,26,323,,9,18,1.8480492813,18.153846154,89.846153846,1.8461538462,7.1976812632,12.338882165,0,1,0,12.338882165,7.1976812632,408500,125083,18.153846154,0,0,1,252,0.264544852,0.3661045219,0.4592926368,0.2338890877,0.3333333333,0.735455148,0.6338954781,0.4592926368,0.2338890877,0.3333333333,0.4817110849,,,,
37,183,53803,2,371830538032,1500000US371830538032,Block Group 2,G5030,S,4311877,49098,35.9477005,-78.6824222,61,11,1204,153,344,323,323,59,212000,-666666666,2581,569300,484,62,,,22,425,,0,72,5.9800664452,44.476744186,93.895348837,17.151162791,9.8743203445,16.927406305,0,0,0,16.927406305,9.8743203445,569300,212000,44.476744186,0,0,0,468,0.3684589177,0.5151037806,0.8355127323,0.57302596,0,0.6315410823,0.4848962194,0.8355127323,0.57302596,0,0.4816722777,,,,
37,183,53206,2,371830532062,1500000US371830532062,Block Group 2,G5030,S,7747130,99379,35.6222055,-78.8310701,110,67,1931,245,601,451,451,70,106450,1235,2019,385300,722,48,,,104,312,,0,177,9.1662351113,40.765391015,75.041597338,11.647254576,14.36906304,24.632679498,0,0,1,24.632679498,14.36906304,385300,106450,40.765391015,0,1,1,14,0.5429564773,0.3446071164,0.3786397261,0.5252099214,0.3333333333,0.4570435227,0.6553928836,0.3786397261,0.5252099214,0.3333333333,0.481172577,,,,
37,63,2009,1,370630020091,1500000US370630020091,Block Group 1,G5030,S,3366346,8163,35.9638292,-78.8832107,183,235,2487,47,507,102,102,44,44485,1066,1086,138800,750,20,,,462,251,,58,418,16.807398472,9.2702169625,20.118343195,8.6785009862,12.733527975,21.828905099,0,1,1,21.828905099,12.733527975,138800,44485,9.2702169625,0,1,2,369,0.4794607676,0.1161971831,0.1104243227,0.1194348883,0.6666666667,0.5205392324,0.8838028169,0.1104243227,0.1194348883,0.6666666667,0.4811298592,,,,
37,183,54218,1,371830542181,1500000US371830542181,Block Group 1,G5030,S,1915220,0,35.8968436,-78.5182741,184,107,3350,346,1021,700,700,76,95800,1160,1493,255000,1446,0,,,172,673,,0,291,8.6865671642,33.88834476,68.560235064,7.4436826641,14.128560787,24.220389921,0,1,0,24.220389921,14.128560787,255000,95800,33.88834476,0,0,1,703,0.5336195566,0.223869533,0.3325412181,0.4366079767,0.3333333333,0.4663804434,0.776130467,0.3325412181,0.4366079767,0.3333333333,0.4808939869,,,,
37,63,2019,2,370630020192,1500000US370630020192,Block Group 2,G5030,S,12090293,469229,35.8698828,-78.9828585,26,40,1737,160,387,376,376,29,78158,1458,1695,332900,951,91,,,0,533,,0,66,3.7996545769,41.343669251,97.157622739,7.4935400517,14.347092697,24.595016053,0,0,1,24.595016053,14.347092697,332900,78158,41.343669251,0,1,1,498,0.5421035317,0.2960526316,0.2561778493,0.5326602969,0.3333333333,0.4578964683,0.7039473684,0.2561778493,0.5326602969,0.3333333333,0.4807131166,,,,
37,183,54402,3,371830544023,1500000US371830544023,Block Group 3,G5030,S,22058997,36300,35.7662827,-78.4151932,186,91,4044,296,1032,920,920,98,108190,1190,1641,300000,1492,92,,,526,934,,14,277,6.8496538081,28.682170543,89.147286822,9.496124031,19.103229233,32.748392971,0,1,1,32.748392971,19.103229233,300000,108190,28.682170543,0,1,2,510,0.7267490776,0.2655670867,0.3861713133,0.3695330809,0.6666666667,0.2732509224,0.7344329133,0.3861713133,0.3695330809,0.6666666667,0.4795330482,,,,
37,63,2009,3,370630020093,1500000US370630020093,Block Group 3,G5030,S,2308858,0,35.9558169,-78.9181572,0,0,1062,47,383,205,205,0,31875,1235,1018,128900,651,88,,,219,149,,8,0,0,12.27154047,53.524804178,0,13.529967133,23.194229371,0,1,1,23.194229371,13.529967133,128900,31875,12.27154047,0,1,2,371,0.5103805997,0.1070237213,0.0558419579,0.1581031028,0.6666666667,0.4896194003,0.8929762787,0.0558419579,0.1581031028,0.6666666667,0.4794434106,,,,
37,183,52701,2,371830527012,1500000US371830527012,Block Group 2,G5030,S,2878115,0,35.8358509,-78.6114216,34,102,1729,56,364,137,137,33,65046,1129,1263,197300,983,132,,,152,287,,0,136,7.8658183921,15.384615385,37.637362637,9.0659340659,7.8711887351,13.493466403,0,0,1,13.493466403,7.8711887351,197300,65046,15.384615385,0,1,1,396,0.2906921575,0.170404003,0.1994225783,0.1982110912,0.3333333333,0.7093078425,0.829595997,0.1994225783,0.1982110912,0.3333333333,0.4794078573,,,,
37,63,1712,4,370630017124,1500000US370630017124,Block Group 4,G5030,S,2275919,52564,36.0635544,-78.9500189,61,76,1539,238,440,440,440,64,117335,2107,2036,336000,519,0,,,109,566,,0,137,8.9018843405,54.090909091,100,14.545454545,20.458493458,35.071703072,0,1,0,35.071703072,20.458493458,336000,117335,54.090909091,0,0,1,610,0.779363947,0.2989251297,0.4257554312,0.6968921776,0.3333333333,0.220636053,0.7010748703,0.4257554312,0.6968921776,0.3333333333,0.4788392415,,,,
37,183,52815,2,371830528152,1500000US371830528152,Block Group 2,G5030,S,6827796,0,35.7121786,-78.5957829,243,157,2286,156,547,357,357,0,45088,1162,1468,208100,828,152,,,149,213,,0,400,17.497812773,28.519195612,65.265082267,0,11.197500981,19.195715968,0,1,0,19.195715968,11.197500981,208100,45088,28.519195612,0,0,1,49,0.4198282191,0.1804114159,0.1130344072,0.3674333574,0.3333333333,0.5801717809,0.8195885841,0.1130344072,0.3674333574,0.3333333333,0.4787891088,,,,
37,63,102,2,370630001022,1500000US370630001022,Block Group 2,G5030,S,726961,0,36.0233379,-78.8957019,0,32,759,40,181,146,146,40,65469,1263,1303,228400,452,61,,,21,361,,9,32,4.2160737813,22.099447514,80.662983425,22.099447514,16.504180422,28.292880723,0,1,1,28.292880723,16.504180422,228400,65469,22.099447514,0,1,2,500,0.6258472673,0.1992216457,0.2012535331,0.2847231145,0.6666666667,0.3741527327,0.8007783543,0.2012535331,0.2847231145,0.6666666667,0.4783333193,,,,
37,183,54115,2,371830541152,1500000US371830541152,Block Group 2,G5030,S,8404779,0,35.7661022,-78.4857408,0,0,1176,40,231,208,208,0,54678,763,1226,191900,550,15,,,159,239,,0,0,0,17.316017316,90.043290043,0,15.198748694,26.054997761,0,1,1,26.054997761,15.198748694,191900,54678,17.316017316,0,1,2,814,0.5751670245,0.1654002965,0.1545447069,0.2230947347,0.6666666667,0.4248329755,0.8345997035,0.1545447069,0.2230947347,0.6666666667,0.4776896723,,,,
37,183,53009,3,371830530093,1500000US371830530093,Block Group 3,G5030,S,5306895,0,35.6864197,-78.6888315,0,0,868,0,221,205,205,0,48867,-666666666,1692,176100,440,0,,,381,220,,0,0,0,0,92.760180995,0,9.5369042708,16.34897875,1,0,1,16.34897875,9.5369042708,176100,48867,0,1,1,2,77,0.3553595513,0.1507598221,0.1293918027,0,0.6666666667,0.6446404487,0.8492401779,0.1293918027,0,0.6666666667,0.4772806614,,,,
37,63,600,2,370630006002,1500000US370630006002,Block Group 2,G5030,S,2354192,0,35.9904337,-78.9320927,55,0,1447,81,246,153,153,0,30083,745,1638,376000,745,0,,,319,122,,0,55,3.800967519,32.926829268,62.195121951,0,15.819654009,27.119406872,1,1,0,27.119406872,15.819654009,376000,30083,32.926829268,1,0,2,380,0.5992721779,0.3359896219,0.0480852887,0.4242200794,0.6666666667,0.4007278221,0.6640103781,0.0480852887,0.4242200794,0.6666666667,0.4771809132,,,,
37,63,1900,1,370630019001,1500000US370630019001,Block Group 1,G5030,S,3413998,29937,35.9274387,-78.7646606,67,57,2016,205,614,493,493,82,94784,1732,1522,239000,969,48,,,162,645,,0,124,6.1507936508,33.38762215,80.293159609,13.35504886,7.757314231,13.298252967,0,0,0,13.298252967,7.757314231,239000,94784,33.38762215,0,0,0,257,0.2862712541,0.2090437361,0.3281434638,0.4301568063,0,0.7137287459,0.7909562639,0.3281434638,0.4301568063,0,0.4769769872,,,,
37,63,1709,6,370630017096,1500000US370630017096,Block Group 6,G5030,S,3305338,5953,36.0549357,-78.8762135,122,0,1474,167,326,191,191,78,22731,1043,1354,210600,564,49,,,217,312,,0,122,8.276797829,51.226993865,58.588957055,23.926380368,17.884948978,30.659912534,0,1,0,30.659912534,17.884948978,210600,22731,51.226993865,0,0,1,611,0.6794522809,0.1827279466,0.0162621685,0.6599942931,0.3333333333,0.3205477191,0.8172720534,0.0162621685,0.6599942931,0.3333333333,0.4768827972,,,,
37,183,53209,2,371830532092,1500000US371830532092,Block Group 2,G5030,S,53272814,10847607,35.6062556,-78.9377949,0,40,1244,95,375,232,232,0,86285,-666666666,1854,308800,565,54,,,141,191,,0,40,3.2154340836,25.333333333,61.866666667,0,17.150812042,29.401392073,0,1,1,29.401392073,17.150812042,308800,86285,25.333333333,0,1,2,311,0.6509511825,0.273721275,0.2913555558,0.3263875969,0.6666666667,0.3490488175,0.726278725,0.2913555558,0.3263875969,0.6666666667,0.4765837375,,,,
37,63,2038,2,370630020382,1500000US370630020382,Block Group 2,G5030,S,10845455,55347,35.911628,-78.831622,34,33,2318,137,614,554,554,39,84042,1378,1630,365100,1123,68,,,378,696,,0,67,2.8904227783,22.312703583,90.228013029,6.3517915309,8.1467523741,13.965861213,0,0,1,13.965861213,8.1467523741,365100,84042,22.312703583,0,1,1,571,0.3013902521,0.3258895478,0.2816467339,0.2874706462,0.3333333333,0.6986097479,0.6741104522,0.2816467339,0.2874706462,0.3333333333,0.476173529,,,,
37,63,2029,2,370630020292,1500000US370630020292,Block Group 2,G5030,S,1745500,7408,35.9705955,-78.9932438,0,76,1524,252,392,333,333,0,137228,-666666666,1747,386300,526,0,,,19,352,,0,76,4.9868766404,64.285714286,84.948979592,0,17.186837783,29.463150484,0,0,0,29.463150484,17.186837783,386300,137228,64.285714286,0,0,0,579,0.6523497951,0.3455337287,0.5118622499,0.8282392027,0,0.3476502049,0.6544662713,0.5118622499,0.8282392027,0,0.4760518311,,,,
37,183,50900,3,371830509003,1500000US371830509003,Block Group 3,G5030,S,418983,0,35.7682765,-78.632233,26,40,525,6,112,62,62,0,27934,814,1719,343800,329,112,,,96,64,,15,66,12.571428571,5.3571428571,55.357142857,0,7.3466855426,12.594318073,0,1,1,12.594318073,7.3466855426,343800,27934,5.3571428571,0,1,2,447,0.2703295843,0.3061527057,0.0387833457,0.0690199336,0.6666666667,0.7296704157,0.6938472943,0.0387833457,0.0690199336,0.6666666667,0.4756537141,,,,
37,63,1706,3,370630017063,1500000US370630017063,Block Group 3,G5030,S,2207320,0,36.020292,-78.9775272,38,15,699,104,179,179,179,27,74706,1241,2533,398100,304,0,,,27,345,,0,53,7.582260372,58.100558659,100,15.083798883,19.04700754,32.652012925,0,1,0,32.652012925,19.04700754,398100,74706,58.100558659,0,0,1,584,0.7245664057,0.3564677539,0.2412358729,0.7485513837,0.3333333333,0.2754335943,0.6435322461,0.2412358729,0.7485513837,0.3333333333,0.4754929477,,,,
37,63,2023,1,370630020231,1500000US370630020231,Block Group 1,G5030,S,925118,1893,35.920897,-78.945433,25,7,1219,96,290,220,220,19,79306,1171,1638,284300,593,11,,,26,362,,0,32,2.6251025431,33.103448276,75.862068966,6.5517241379,13.177371689,22.589780039,0,0,1,22.589780039,13.177371689,284300,79306,33.103448276,0,1,1,530,0.4966919308,0.2510192735,0.2611469655,0.4264955894,0.3333333333,0.5033080692,0.7489807265,0.2611469655,0.4264955894,0.3333333333,0.4750284232,,,,
37,63,600,3,370630006003,1500000US370630006003,Block Group 3,G5030,S,1768643,0,35.979055,-78.9276211,151,151,3274,271,640,502,502,179,64976,1127,1352,314600,1621,56,,,203,583,,80,302,9.2241905925,42.34375,78.4375,27.96875,15.063333325,25.822857129,0,1,0,25.822857129,15.063333325,314600,64976,42.34375,0,0,1,501,0.569909849,0.2790956264,0.1991195834,0.5455450581,0.3333333333,0.430090151,0.7209043736,0.1991195834,0.5455450581,0.3333333333,0.474668302,,,,
37,183,53804,1,371830538041,1500000US371830538041,Block Group 1,G5030,S,13700704,1621394,35.9664001,-78.6552776,36,46,2476,244,740,645,645,31,173750,1731,2665,585700,956,108,,,145,770,,0,82,3.3117932149,32.972972973,87.162162162,4.1891891892,11.62927616,19.935901988,0,1,0,19.935901988,11.62927616,585700,173750,32.972972973,0,0,1,437,0.4365908504,0.5303002224,0.6699476685,0.424814582,0.3333333333,0.5634091496,0.4696997776,0.6699476685,0.424814582,0.3333333333,0.4746573219,,,,
37,183,54213,2,371830542132,1500000US371830542132,Block Group 2,G5030,S,923902,0,35.9487827,-78.5623912,0,12,1540,147,489,467,467,14,205795,758,2775,489500,573,0,,,144,429,,0,12,0.7792207792,30.061349693,95.501022495,2.8629856851,13.941151273,23.899116467,0,0,1,23.899116467,13.941151273,489500,205795,30.061349693,0,1,1,211,0.5263438336,0.4411601186,0.8086543997,0.3873020402,0.3333333333,0.4736561664,0.5588398814,0.8086543997,0.3873020402,0.3333333333,0.4745396346,,,,
37,183,53805,1,371830538051,1500000US371830538051,Block Group 1,G5030,S,6139736,1148610,35.9564397,-78.6334615,4,4,1102,120,354,354,354,4,168750,-666666666,2397,586600,440,45,,,54,331,,0,8,0.7259528131,33.898305085,100,1.1299435028,11.734902688,20.116976036,0,1,0,20.116976036,11.734902688,586600,168750,33.898305085,0,0,1,472,0.440691546,0.5311341735,0.6483051765,0.4367363027,0.3333333333,0.559308454,0.4688658265,0.6483051765,0.4367363027,0.3333333333,0.4742815388,,,,
37,63,2013,1,370630020131,1500000US370630020131,Block Group 1,G5030,S,1535814,109003,35.8937259,-78.9037713,43,27,835,90,218,190,190,0,75625,-666666666,1448,217600,344,0,,,58,176,,0,70,8.3832335329,41.28440367,87.155963303,0,10.242435615,17.558461054,0,0,0,17.558461054,10.242435615,217600,75625,41.28440367,0,0,0,356,0.3827501065,0.1892142328,0.2452137629,0.5318967357,0,0.6172498935,0.8107857672,0.2452137629,0.5318967357,0,0.473965187,,,,
37,183,54501,4,371830545014,1500000US371830545014,Block Group 4,G5030,S,875550,13832,35.742801,-78.6522589,0,134,2432,102,573,226,226,0,41529,842,1505,239400,976,58,,,247,370,,0,134,5.5098684211,17.80104712,39.441535777,0,7.4235308259,12.726052844,0,1,0,12.726052844,7.4235308259,239400,41529,17.80104712,0,0,1,771,0.2733129173,0.209414381,0.0976292814,0.2293437234,0.3333333333,0.7266870827,0.790585619,0.0976292814,0.2293437234,0.3333333333,0.4735544201,,,,
37,63,2013,3,370630020133,1500000US370630020133,Block Group 3,G5030,S,1364935,6129,35.8973087,-78.916092,20,91,1796,186,464,425,425,28,104934,1405,1382,229600,718,15,,,137,455,,9,111,6.1804008909,40.086206897,91.594827586,6.0344827586,11.025275171,18.900471721,0,0,0,18.900471721,11.025275171,229600,104934,40.086206897,0,0,0,273,0.4131419668,0.2003335804,0.3720777225,0.5164595028,0,0.5868580332,0.7996664196,0.3720777225,0.5164595028,0,0.4729704402,,,,
37,183,51600,3,371830516003,1500000US371830516003,Block Group 3,G5030,S,683675,0,35.8015851,-78.6502524,11,120,1023,154,285,285,285,71,250001,-666666666,4001,1092600,372,37,,,49,254,,0,131,12.805474096,54.035087719,100,24.912280702,5.6514520223,9.6882034668,0,0,0,9.6882034668,5.6514520223,1092600,250001,54.035087719,0,0,0,543,0.2045162258,1,1,0.6961729906,0,0.7954837742,0,1,0.6961729906,0,0.4729141912,,,,
37,63,301,1,370630003011,1500000US370630003011,Block Group 1,G5030,S,973038,0,36.0197358,-78.9111169,77,47,1340,62,256,112,112,14,39286,993,1119,221900,754,52,,,188,245,,0,124,9.2537313433,24.21875,43.75,5.46875,16.741412285,28.699563917,0,1,1,28.699563917,16.741412285,221900,39286,24.21875,0,1,2,293,0.635057223,0.1931986657,0.0879204595,0.3120276163,0.6666666667,0.364942777,0.8068013343,0.0879204595,0.3120276163,0.6666666667,0.4727282445,,,,
37,63,1603,5,370630016035,1500000US370630016035,Block Group 5,G5030,S,4028666,75462,36.0879005,-78.9186511,7,155,2115,294,593,463,463,0,105162,2023,1658,257100,697,0,,,170,401,,32,162,7.6595744681,49.57841484,78.077571669,0,20.648284021,35.397058322,0,1,0,35.397058322,20.648284021,257100,105162,49.57841484,0,0,1,613,0.7867321085,0.2258154188,0.3730646202,0.638754461,0.3333333333,0.2132678915,0.7741845812,0.3730646202,0.638754461,0.3333333333,0.471815633,,,,
37,183,53110,2,371830531102,1500000US371830531102,Block Group 2,G5030,S,8116492,11096,35.619225,-78.708027,186,14,1636,113,362,304,304,14,65200,639,1371,220100,575,35,,,262,292,,0,200,12.224938875,31.215469613,83.977900552,3.8674033149,13.535654849,23.203979741,0,0,1,23.203979741,13.535654849,220100,65200,31.215469613,0,1,1,421,0.5106014116,0.1915307635,0.2000891671,0.4021713992,0.3333333333,0.4893985884,0.8084692365,0.2000891671,0.4021713992,0.3333333333,0.4712619276,,,,
37,183,54204,2,371830542042,1500000US371830542042,Block Group 2,G5030,S,2907278,24108,35.9947732,-78.5171273,68,219,2350,168,705,459,459,79,57125,1107,1227,211700,940,25,,,157,489,,0,287,12.212765957,23.829787234,65.106382979,11.205673759,17.85975669,30.616725755,0,1,1,30.616725755,17.85975669,211700,57125,23.829787234,0,1,2,281,0.678474251,0.1837472202,0.1651365425,0.3070163286,0.6666666667,0.321525749,0.8162527798,0.1651365425,0.3070163286,0.6666666667,0.4702330629,,,,
37,183,54112,1,371830541121,1500000US371830541121,Block Group 1,G5030,S,3707410,60756,35.8116657,-78.4615751,98,8,1217,49,344,154,154,8,71845,-666666666,1343,166000,397,0,,,113,87,,20,106,8.7099424815,14.244186047,44.76744186,2.3255813953,16.21406493,27.795539879,0,1,1,27.795539879,16.21406493,166000,71845,14.244186047,0,1,2,208,0.614584232,0.1414010378,0.2288520389,0.1835181179,0.6666666667,0.385415768,0.8585989622,0.2288520389,0.1835181179,0.6666666667,0.4701718011,,,,
37,183,53115,3,371830531153,1500000US371830531153,Block Group 3,G5030,S,5706750,13961,35.5420444,-78.7214182,29,42,793,130,227,225,225,15,173833,-666666666,1690,264600,244,0,,,33,118,,0,71,8.9533417402,57.268722467,99.118942731,6.6079295154,19.540414874,33.49785407,0,0,0,33.49785407,19.540414874,264600,173833,57.268722467,0,0,0,244,0.7437217571,0.2327650111,0.6703069338,0.7378342383,0,0.2562782429,0.7672349889,0.6703069338,0.7378342383,0,0.4690058114,,,,
37,63,1713,1,370630017131,1500000US370630017131,Block Group 1,G5030,S,1845792,12728,36.0486588,-78.978304,0,7,1019,155,327,285,285,8,126083,-666666666,1678,290200,475,45,,,120,182,,0,7,0.6869479882,47.400611621,87.155963303,2.4464831804,20.516107034,35.170469201,0,1,0,35.170469201,20.516107034,290200,126083,47.400611621,0,0,1,648,0.7816006553,0.2564862861,0.4636211352,0.610696252,0.3333333333,0.2183993447,0.7435137139,0.4636211352,0.610696252,0.3333333333,0.4690054221,,,,
37,183,53006,1,371830530061,1500000US371830530061,Block Group 1,G5030,S,2755208,0,35.6824225,-78.7311319,20,44,1272,190,471,471,471,41,134107,-666666666,1946,418300,533,6,,,26,560,,8,64,5.0314465409,40.33970276,100,8.7048832272,9.2416154551,15.842769352,0,0,0,15.842769352,9.2416154551,418300,134107,40.33970276,0,0,0,137,0.3438956742,0.3751853225,0.4983530064,0.5197254728,0,0.6561043258,0.6248146775,0.4983530064,0.5197254728,0,0.4687556858,,,,
37,183,53721,3,371830537213,1500000US371830537213,Block Group 3,G5030,S,3146363,33872,35.9261018,-78.7114141,27,60,1455,168,504,504,504,50,175852,-666666666,2756,474000,544,0,,,44,624,,22,87,5.9793814433,33.333333333,100,9.9206349206,7.8439967757,13.446851616,0,0,0,13.446851616,7.8439967757,474000,175852,33.333333333,0,0,0,11,0.2896364952,0.4267976279,0.6790461721,0.4294573643,0,0.7103635048,0.5732023721,0.6790461721,0.4294573643,0,0.4675003089,,,,
37,183,54203,2,371830542032,1500000US371830542032,Block Group 2,G5030,S,7047176,64338,36.005349,-78.5373839,0,34,2545,311,760,720,720,36,168750,-666666666,2403,428900,844,8,,,118,627,,0,34,1.3359528487,40.921052632,94.736842105,4.7368421053,17.797119128,30.509347077,0,0,1,30.509347077,17.797119128,428900,168750,40.921052632,0,1,1,779,0.6760424985,0.3850074129,0.6483051765,0.5272154223,0.3333333333,0.3239575015,0.6149925871,0.6483051765,0.5272154223,0.3333333333,0.4672889327,,,,
37,63,2008,1,370630020081,1500000US370630020081,Block Group 1,G5030,S,2196737,0,35.9485541,-78.9513751,11,33,1837,264,588,554,554,44,250001,-666666666,4001,859000,674,56,,,118,465,,0,44,2.3952095808,44.897959184,94.217687075,7.4829931973,14.574313161,24.984536847,0,1,0,24.984536847,14.574313161,859000,250001,44.897959184,0,0,1,275,0.5509248189,0.7835433655,1,0.5784527765,0.3333333333,0.4490751811,0.2164566345,1,0.5784527765,0.3333333333,0.466839983,,,,
37,63,1810,2,370630018102,1500000US370630018102,Block Group 2,G5030,S,1205247,7827,35.9807018,-78.8388629,18,116,973,36,145,71,71,0,55938,-666666666,1212,179200,253,0,,,58,113,,0,134,13.771839671,24.827586207,48.965517241,0,12.369542977,21.204930818,0,1,0,21.204930818,12.369542977,179200,55938,24.827586207,0,0,1,640,0.4653299267,0.1536323202,0.1599986149,0.3198716921,0.3333333333,0.5346700733,0.8463676798,0.1599986149,0.3198716921,0.3333333333,0.4655755054,,,,
37,183,54218,4,371830542184,1500000US371830542184,Block Group 4,G5030,S,1831153,0,35.9069807,-78.5140063,77,81,1746,171,557,462,462,78,129219,-666666666,1919,335200,646,0,,,48,590,,0,158,9.049255441,30.700179533,82.944344704,14.003590664,14.63489733,25.088395423,0,1,0,25.088395423,14.63489733,335200,129219,30.700179533,0,0,1,755,0.5532768534,0.2981838399,0.4771953062,0.3955325456,0.3333333333,0.4467231466,0.7018161601,0.4771953062,0.3955325456,0.3333333333,0.4653133524,,,,
37,183,54222,1,371830542221,1500000US371830542221,Block Group 1,G5030,S,1602576,14519,35.9493053,-78.496623,39,58,2047,163,641,431,431,39,77544,1270,1766,372600,842,0,,,151,475,,0,97,4.738641915,25.429017161,67.238689548,6.0842433697,16.867003819,28.91486369,0,1,1,28.91486369,16.867003819,372600,77544,25.429017161,0,1,2,748,0.6399330118,0.3328391401,0.2535201513,0.3276203606,0.6666666667,0.3600669882,0.6671608599,0.2535201513,0.3276203606,0.6666666667,0.4640393577,,,,
37,183,54222,2,371830542222,1500000US371830542222,Block Group 2,G5030,S,2520728,0,35.9482347,-78.473873,32,64,2056,299,503,487,487,32,141699,-666666666,2152,337800,774,87,,,103,436,,0,96,4.6692607004,59.44333996,96.819085487,6.3618290258,17.959814772,30.788253895,0,0,0,30.788253895,17.959814772,337800,141699,59.44333996,0,0,0,705,0.682358765,0.3005930319,0.5312149662,0.7658514032,0,0.317641235,0.6994069681,0.5312149662,0.7658514032,0,0.4638760498,,,,
37,63,2013,4,370630020134,1500000US370630020134,Block Group 4,G5030,S,1585916,1100,35.8801734,-78.9043822,8,44,1186,130,387,339,339,27,119911,1669,1398,263300,588,53,,,51,385,,12,52,4.3844856661,33.591731266,87.596899225,6.976744186,9.8582687523,16.89988929,0,0,0,16.89988929,9.8582687523,263300,119911,33.591731266,0,0,0,656,0.3678357533,0.2315604151,0.4369056431,0.4327864912,0,0.6321642467,0.7684395849,0.4369056431,0.4327864912,0,0.4636161658,,,,
37,63,1304,1,370630013041,1500000US370630013041,Block Group 1,G5030,S,801568,0,35.9689595,-78.9133078,97,20,1389,28,289,101,101,0,35824,802,-666666666,154000,540,39,,,191,140,,23,117,8.4233261339,9.6885813149,34.948096886,0,14.010835164,24.018574567,0,1,1,24.018574567,14.010835164,154000,35824,9.6885813149,0,1,2,340,0.5290491428,0.1302816901,0.0729351981,0.1248249779,0.6666666667,0.4709508572,0.8697183099,0.0729351981,0.1248249779,0.6666666667,0.4635144739,,,,
37,183,54117,3,371830541173,1500000US371830541173,Block Group 3,G5030,S,936265,0,35.8372869,-78.5669376,52,151,1584,162,422,351,351,90,69779,-666666666,1392,207600,605,44,,,346,82,,0,203,12.815656566,38.388625592,83.17535545,21.327014218,10.352602158,17.747317986,0,0,0,17.747317986,10.352602158,207600,69779,38.388625592,0,0,0,803,0.3870270572,0.1799481097,0.2199093612,0.494588339,0,0.6129729428,0.8200518903,0.2199093612,0.494588339,0,0.4628916346,,,,
37,63,2023,2,370630020232,1500000US370630020232,Block Group 2,G5030,S,771325,0,35.920733,-78.931679,39,0,884,60,197,164,164,8,78333,1176,1935,331100,388,0,,,25,265,,0,39,4.4117647059,30.456852792,83.248730964,4.0609137056,12.715224897,21.797528394,0,0,1,21.797528394,12.715224897,331100,78333,30.456852792,0,1,1,531,0.4787501947,0.2943847294,0.2569353366,0.3923975918,0.3333333333,0.5212498053,0.7056152706,0.2569353366,0.3923975918,0.3333333333,0.4618951037,,,,
37,183,54109,1,371830541091,1500000US371830541091,Block Group 1,G5030,S,18712468,0,35.7275701,-78.4532352,31,9,2277,294,773,711,711,21,128438,-666666666,2005,318600,838,33,,,197,450,,12,40,1.7566974089,38.033635188,91.979301423,2.7166882277,17.713174562,30.365442106,0,0,1,30.365442106,17.713174562,318600,128438,38.033635188,0,1,1,121,0.6727835529,0.2828020756,0.4738147489,0.4900147417,0.3333333333,0.3272164471,0.7171979244,0.4738147489,0.4900147417,0.3333333333,0.4617955236,,,,
37,63,2026,2,370630020262,1500000US370630020262,Block Group 2,G5030,S,3370179,3379,35.9514555,-78.8916045,143,159,3808,218,802,452,452,64,56719,1144,1622,261500,1525,44,,,464,625,,0,302,7.9306722689,27.182044888,56.359102244,7.9800498753,12.015393811,20.597817962,0,0,1,20.597817962,12.015393811,261500,56719,27.182044888,0,1,1,357,0.4515809383,0.229892513,0.1633791721,0.3502058806,0.3333333333,0.5484190617,0.770107487,0.1633791721,0.3502058806,0.3333333333,0.4616823169,,,,
37,183,53114,3,371830531143,1500000US371830531143,Block Group 3,G5030,S,6397638,110880,35.5646763,-78.7447986,73,126,2772,348,860,820,820,113,111765,-666666666,1663,344200,934,0,,,266,635,,0,199,7.1789321789,40.465116279,95.348837209,13.139534884,17.345169981,29.734577111,0,0,1,29.734577111,17.345169981,344200,111765,40.465116279,0,1,1,794,0.6584966614,0.3065233506,0.4016456951,0.5213412655,0.3333333333,0.3415033386,0.6934766494,0.4016456951,0.5213412655,0.3333333333,0.4612377171,,,,
37,183,53902,2,371830539022,1500000US371830539022,Block Group 2,G5030,S,21703770,2318661,36.0166321,-78.6450858,24,104,2319,220,756,653,653,46,174009,-666666666,2625,417300,820,0,,,180,529,,0,128,5.5196205261,29.100529101,86.375661376,6.0846560847,15.004927001,25.722732001,0,1,0,25.722732001,15.004927001,417300,174009,29.100529101,0,0,1,813,0.5676423641,0.3742587102,0.6710687495,0.3749230959,0.3333333333,0.4323576359,0.6257412898,0.6710687495,0.3749230959,0.3333333333,0.4607419825,,,,
37,183,52411,2,371830524112,1500000US371830524112,Block Group 2,G5030,S,1565360,2097,35.7774218,-78.7396779,111,27,3328,103,823,639,639,103,62075,1246,1231,164200,2002,160,,,474,857,,0,138,4.1466346154,12.515188335,77.642770352,12.515188335,2.4945860831,4.2764332853,0,0,0,4.2764332853,2.4945860831,164200,62075,12.515188335,0,0,0,56,0.081958509,0.1397331357,0.1865626096,0.1612421939,0,0.918041491,0.8602668643,0.1865626096,0.1612421939,0,0.4605305551,,,,
37,63,1801,5,370630018015,1500000US370630018015,Block Group 5,G5030,S,1134498,398,36.0073151,-78.8487748,0,0,661,11,156,138,138,0,69250,-666666666,1208,179400,346,0,,,9,237,,13,0,0,7.0512820513,88.461538462,0,14.477092643,24.817873103,0,1,1,24.817873103,14.477092643,179400,69250,7.0512820513,0,1,2,575,0.5471504665,0.1538176427,0.2176195856,0.0908467501,0.6666666667,0.4528495335,0.8461823573,0.2176195856,0.0908467501,0.6666666667,0.4602558343,,,,
37,63,1303,2,370630013032,1500000US370630013032,Block Group 2,G5030,S,773712,0,35.9719063,-78.8978884,31,0,2228,10,149,42,42,0,42731,976,874,157700,396,53,,,121,101,,0,31,1.3913824057,6.711409396,28.187919463,0,13.618968012,23.346802306,0,1,1,23.346802306,13.618968012,157700,42731,6.711409396,0,1,2,343,0.5138358444,0.1337101557,0.1028321365,0.0864679257,0.6666666667,0.4861641556,0.8662898443,0.1028321365,0.0864679257,0.6666666667,0.4600325362,,,,
37,183,50900,2,371830509002,1500000US371830509002,Block Group 2,G5030,S,918433,0,35.7636845,-78.6388897,0,31,783,5,111,16,16,0,38696,979,2125,450000,474,60,,,81,214,,0,31,3.9591315453,4.5045045045,14.414414414,0,7.166731261,12.285825019,0,1,1,12.285825019,7.166731261,450000,38696,4.5045045045,0,1,2,172,0.2633432927,0.4045589325,0.0853666455,0.058034779,0.6666666667,0.7366567073,0.5954410675,0.0853666455,0.058034779,0.6666666667,0.4596310829,,,,
37,63,1811,3,370630018113,1500000US370630018113,Block Group 3,G5030,S,936401,15719,35.9909044,-78.8330682,0,0,909,0,306,172,172,0,78427,-666666666,1126,163300,323,0,,,94,163,,0,0,0,0,56.209150327,0,12.963552128,22.223232219,0,1,1,22.223232219,12.963552128,163300,78427,0,0,1,2,654,0.4883909013,0.1388991846,0.2573422154,0,0.6666666667,0.5116090987,0.8611008154,0.2573422154,0,0.6666666667,0.4591899926,,,,
37,183,53009,5,371830530095,1500000US371830530095,Block Group 5,G5030,S,6174989,0,35.6721983,-78.6788034,50,0,2514,153,752,629,629,32,79836,1280,2041,283000,1254,91,,,247,748,,0,50,1.9888623707,20.345744681,83.643617021,4.2553191489,10.655537699,18.266636056,0,0,1,18.266636056,10.655537699,283000,79836,20.345744681,0,1,1,239,0.3987877999,0.2498146775,0.2634410697,0.2621288966,0.3333333333,0.6012122001,0.7501853225,0.2634410697,0.2621288966,0.3333333333,0.4588831123,,,,
37,183,54117,1,371830541171,1500000US371830541171,Block Group 1,G5030,S,1196803,0,35.8404121,-78.5530097,22,63,2166,198,529,380,380,12,96186,1871,1449,239200,662,42,,,191,483,,0,85,3.9242843952,37.429111531,71.833648393,2.2684310019,11.157754483,19.127579114,0,0,0,19.127579114,11.157754483,239200,96186,37.429111531,0,0,0,23,0.418285157,0.2092290586,0.3342120185,0.4822262276,0,0.581714843,0.7907709414,0.3342120185,0.4822262276,0,0.4575606578,,,,
37,63,1708,3,370630017083,1500000US370630017083,Block Group 3,G5030,S,708095,4527,36.0700291,-78.9044303,12,0,791,77,160,118,118,12,20472,288,1219,176100,681,148,,,102,38,,9,12,1.5170670038,48.125,73.75,7.5,19.4333799,33.314365542,0,1,0,33.314365542,19.4333799,176100,20472,48.125,0,0,1,612,0.739566382,0.1507598221,0.0064840906,0.6200290698,0.3333333333,0.260433618,0.8492401779,0.0064840906,0.6200290698,0.3333333333,0.4572787832,,,,
37,183,54117,2,371830541172,1500000US371830541172,Block Group 2,G5030,S,1053074,0,35.8420436,-78.5614925,19,44,2035,210,569,439,439,0,80100,1386,1421,218200,706,46,,,217,352,,11,63,3.0958230958,36.90685413,77.152899824,0,10.705782181,18.352769453,0,0,0,18.352769453,10.705782181,218200,80100,36.90685413,0,0,0,792,0.4007384209,0.1897702001,0.2645837932,0.475497609,0,0.5992615791,0.8102297999,0.2645837932,0.475497609,0,0.4571941363,,,,
37,183,52814,1,371830528141,1500000US371830528141,Block Group 1,G5030,S,3142854,0,35.6701905,-78.5833926,28,0,1066,106,250,139,139,0,132566,1828,1624,282600,347,0,,,174,221,,0,28,2.626641651,42.4,55.6,0,13.6970952,23.480734629,0,0,0,23.480734629,13.6970952,282600,132566,42.4,0,0,0,769,0.5168689444,0.2494440326,0.4916827903,0.5462697674,0,0.4831310556,0.7505559674,0.4916827903,0.5462697674,0,0.4566296783,,,,
37,183,53105,1,371830531051,1500000US371830531051,Block Group 1,G5030,S,2694226,13725,35.6065905,-78.7981718,60,53,1901,173,524,419,419,10,82821,1361,1797,314900,878,177,,,174,417,,0,113,5.9442398738,33.015267176,79.961832061,1.9083969466,14.660611119,25.132476204,0,0,1,25.132476204,14.660611119,314900,82821,33.015267176,0,1,1,327,0.5542751293,0.2793736101,0.2763616374,0.4253594887,0.3333333333,0.4457248707,0.7206263899,0.2763616374,0.4253594887,0.3333333333,0.4561991982,,,,
37,63,1900,2,370630019002,1500000US370630019002,Block Group 2,G5030,S,34007390,8504964,35.9932527,-78.7421247,14,0,608,50,184,184,184,0,94922,-666666666,1934,367400,339,56,,,32,147,,0,14,2.3026315789,27.173913043,100,0,12.302516531,21.090028339,0,0,1,21.090028339,12.302516531,367400,94922,27.173913043,0,1,1,263,0.4627277864,0.3280207561,0.3287407965,0.3501011122,0.3333333333,0.5372722136,0.6719792439,0.3287407965,0.3501011122,0.3333333333,0.4557799266,,,,
37,183,50700,2,371830507002,1500000US371830507002,Block Group 2,G5030,S,316036,0,35.7759755,-78.6234324,0,0,456,9,71,39,39,0,41111,1088,1553,237500,375,93,,,43,181,,0,0,0,12.676056338,54.929577465,0,7.5852020916,13.003203586,0,1,0,13.003203586,7.5852020916,237500,41111,12.676056338,0,0,1,301,0.2795894148,0.2076538176,0.0958199691,0.1633147724,0.3333333333,0.7204105852,0.7923461824,0.0958199691,0.1633147724,0.3333333333,0.4556492394,,,,
37,183,52811,1,371830528111,1500000US371830528111,Block Group 1,G5030,S,1480086,0,35.7492069,-78.5400325,0,0,884,59,286,127,127,0,69538,-666666666,1136,178400,286,0,,,160,83,,0,0,0,20.629370629,44.405594406,0,12.621908402,21.637557261,0,0,1,21.637557261,12.621908402,178400,69538,20.629370629,0,1,1,10,0.4751274065,0.1528910304,0.2188661931,0.2657830542,0.3333333333,0.5248725935,0.8471089696,0.2188661931,0.2657830542,0.3333333333,0.4556389918,,,,
37,183,52906,3,371830529063,1500000US371830529063,Block Group 3,G5030,S,4346350,0,35.6359342,-78.6626481,86,36,1048,96,205,171,171,13,70882,-666666666,1552,241200,368,0,,,276,90,,0,122,11.641221374,46.829268293,83.414634146,6.3414634146,13.314700926,22.825201587,0,0,0,22.825201587,13.314700926,241200,70882,46.829268293,0,0,0,8,0.5020234077,0.2110822832,0.224683695,0.603335224,0,0.4979765923,0.7889177168,0.224683695,0.603335224,0,0.455579867,,,,
37,183,52807,1,371830528071,1500000US371830528071,Block Group 1,G5030,S,23073575,0,35.7040739,-78.5091584,121,143,2248,175,598,412,412,43,92641,1347,1441,231100,674,21,,,203,427,,0,264,11.743772242,29.264214047,68.89632107,7.1906354515,15.53734942,26.635456148,0,0,1,26.635456148,15.53734942,231100,92641,29.264214047,0,1,1,420,0.5883123822,0.2017234989,0.3188674917,0.377031967,0.3333333333,0.4116876178,0.7982765011,0.3188674917,0.377031967,0.3333333333,0.4553886123,,,,
37,63,2200,2,370630022002,1500000US370630022002,Block Group 2,G5030,S,1114294,0,35.9987494,-78.8993711,43,41,1345,30,233,181,181,30,125560,1742,1487,404800,756,76,,,129,369,,24,84,6.2453531599,12.875536481,77.682403433,12.875536481,15.17069305,26.006902372,0,1,1,26.006902372,15.17069305,404800,125560,12.875536481,0,1,2,582,0.5740778317,0.3626760563,0.4613573305,0.1658848188,0.6666666667,0.4259221683,0.6373239437,0.4613573305,0.1658848188,0.6666666667,0.4548856019,,,,
37,63,2024,6,370630020246,1500000US370630020246,Block Group 6,G5030,S,545693,0,35.9299329,-78.9372502,49,45,909,67,267,201,201,29,95882,1384,1710,298300,358,0,,,42,201,,12,94,10.341034103,25.093632959,75.280898876,10.861423221,13.161290761,22.562212732,0,0,1,22.562212732,13.161290761,298300,95882,25.093632959,0,1,1,594,0.4960676275,0.2639918458,0.332896155,0.3232993642,0.3333333333,0.5039323725,0.7360081542,0.332896155,0.3232993642,0.3333333333,0.4539658472,,,,
37,63,2035,1,370630020351,1500000US370630020351,Block Group 1,G5030,S,978940,1160,35.912154,-78.911625,0,65,1983,87,412,265,265,72,71525,1189,1513,274200,1071,0,,,24,451,,0,65,3.2778618255,21.116504854,64.32038835,17.475728155,11.235301244,19.260516418,0,0,1,19.260516418,11.235301244,274200,71525,21.116504854,0,1,1,623,0.4212957232,0.2416604893,0.2274669195,0.2720591556,0.3333333333,0.5787042768,0.7583395107,0.2274669195,0.2720591556,0.3333333333,0.4537721189,,,,
37,183,50800,3,371830508003,1500000US371830508003,Block Group 3,G5030,S,928473,10158,35.764726,-78.6217983,10,20,1760,0,45,10,10,0,26979,924,-666666666,330600,163,30,,,337,59,,0,30,1.7045454545,0,22.222222222,0,8.0908648728,13.870054068,0,1,1,13.870054068,8.0908648728,330600,26979,0,0,1,2,303,0.2992205544,0.2939214233,0.0346496297,0,0.6666666667,0.7007794456,0.7060785767,0.0346496297,0,0.6666666667,0.453208873,,,,
37,183,52303,2,371830523032,1500000US371830523032,Block Group 2,G5030,S,636162,0,35.7468919,-78.6893193,0,0,2494,19,76,19,19,0,39937,1512,1352,200600,805,57,,,14,171,,0,0,0,25,25,0,5.8185028447,9.9745763051,0,0,0,9.9745763051,5.8185028447,200600,39937,25,0,0,0,816,0.2110015717,0.1734618236,0.090738312,0.3220930233,0,0.7889984283,0.8265381764,0.090738312,0.3220930233,0,0.4521543294,,,,
37,63,2008,3,370630020083,1500000US370630020083,Block Group 3,G5030,S,2116593,3476,35.9420455,-78.9640425,39,43,1178,189,343,343,343,26,208939,-666666666,3339,664600,421,11,,,0,271,,0,82,6.960950764,55.102040816,100,7.5801749271,14.508182077,24.871169275,0,0,0,24.871169275,14.508182077,664600,208939,55.102040816,0,0,0,625,0.5483574389,0.6034099333,0.8222631987,0.7099193166,0,0.4516425611,0.3965900667,0.8222631987,0.7099193166,0,0.4519348026,,,,
37,183,53807,2,371830538072,1500000US371830538072,Block Group 2,G5030,S,6045664,0,35.9225293,-78.665827,55,102,2909,313,914,746,746,31,138992,-666666666,2250,442200,1025,30,,,148,993,,0,157,5.3970436576,34.245076586,81.619256018,3.3916849015,8.7351296129,14.974507908,0,0,0,14.974507908,8.7351296129,442200,138992,34.245076586,0,0,0,163,0.3242325813,0.3973313566,0.519497721,0.44120401,0,0.6757674187,0.6026686434,0.519497721,0.44120401,0,0.451726358,,,,
37,183,52903,1,371830529031,1500000US371830529031,Block Group 1,G5030,S,7231315,1068900,35.6647957,-78.6536773,14,69,1151,77,349,314,314,52,106754,883,1891,341200,422,0,,,134,316,,0,83,7.2111207646,22.063037249,89.971346705,14.899713467,12.07549145,20.700842485,0,1,0,20.700842485,12.07549145,341200,106754,22.063037249,0,0,1,129,0.4539140844,0.3037435137,0.3799555896,0.2842540148,0.3333333333,0.5460859156,0.6962564863,0.3799555896,0.2842540148,0.3333333333,0.4514985055,,,,
37,63,1811,1,370630018111,1500000US370630018111,Block Group 1,G5030,S,1656680,7453,35.9800227,-78.8024983,74,138,1632,150,422,319,319,0,106816,-666666666,1658,224800,569,0,,,180,316,,0,212,12.990196078,35.545023697,75.592417062,0,11.90631968,20.410833737,0,0,0,20.410833737,11.90631968,224800,106816,35.545023697,0,0,0,653,0.4473463979,0.1958858414,0.3802239565,0.4579521658,0,0.5526536021,0.8041141586,0.3802239565,0.4579521658,0,0.4514966694,,,,
37,183,54011,1,371830540111,1500000US371830540111,Block Group 1,G5030,S,1649496,0,35.8935286,-78.6067368,49,52,1430,141,421,384,384,56,127969,-666666666,2182,359800,507,0,,,65,472,,0,101,7.0629370629,33.491686461,91.211401425,13.301662708,9.6410636868,16.527537749,0,0,0,16.527537749,9.6410636868,359800,127969,33.491686461,0,0,0,149,0.3594032898,0.3209785026,0.4717846832,0.4314975418,0,0.6405967102,0.6790214974,0.4717846832,0.4314975418,0,0.4510063308,,,,
37,63,2100,4,370630021004,1500000US370630021004,Block Group 4,G5030,S,52896572,2883502,36.1481586,-78.8350039,24,0,3637,58,173,158,158,0,91333,-666666666,1500,284200,473,155,,,709,154,,0,24,0.6598845202,33.526011561,91.329479769,0,23.308308536,39.957100347,0,1,1,39.957100347,23.308308536,284200,91333,33.526011561,0,1,2,615,0.8900011536,0.2509266123,0.3132058158,0.4319397769,0.6666666667,0.1099988464,0.7490733877,0.3132058158,0.4319397769,0.6666666667,0.4499532483,,,,
37,183,53011,3,371830530113,1500000US371830530113,Block Group 3,G5030,S,1324547,18688,35.7683462,-78.7298519,0,0,743,0,125,83,83,0,47350,1271,-666666666,279800,647,90,,,36,204,,0,0,0,0,66.4,0,3.4444426572,5.904758841,0,1,0,5.904758841,3.4444426572,279800,47350,0,0,0,1,800,0.1188344028,0.2468495182,0.1228254706,0,0.3333333333,0.8811655972,0.7531504818,0.1228254706,0,0.3333333333,0.4498707094,,,,
37,63,2037,1,370630020371,1500000US370630020371,Block Group 1,G5030,S,4276568,70515,35.8876357,-78.8346859,212,28,3106,253,767,533,533,151,76021,1357,2078,381000,1732,85,,,206,847,,0,240,7.7269800386,32.985658409,69.491525424,19.687092568,6.8751089807,11.78590111,0,0,0,11.78590111,6.8751089807,381000,76021,32.985658409,0,0,0,574,0.2520217601,0.3406226835,0.2469278483,0.4249780176,0,0.7479782399,0.6593773165,0.2469278483,0.4249780176,0,0.4498073125,,,,
37,63,101,1,370630001011,1500000US370630001011,Block Group 1,G5030,S,1888610,2847,36.0192335,-78.8827502,108,26,1193,83,284,179,179,74,76482,964,1365,197400,569,24,,,90,229,,15,134,11.232187762,29.225352113,63.028169014,26.056338028,16.030332125,27.480569358,0,1,0,27.480569358,16.030332125,197400,76482,29.225352113,0,0,1,277,0.6074512484,0.1704966642,0.248923286,0.3765312807,0.3333333333,0.3925487516,0.8295033358,0.248923286,0.3765312807,0.3333333333,0.4497296705,,,,
37,183,52905,1,371830529051,1500000US371830529051,Block Group 1,G5030,S,6348439,0,35.597074,-78.6662455,100,143,2068,224,662,650,650,130,76094,-666666666,1698,284200,787,0,,,90,446,,0,243,11.750483559,33.836858006,98.187311178,19.637462236,15.917270318,27.286749116,0,1,0,27.286749116,15.917270318,284200,76094,33.836858006,0,0,1,726,0.603061896,0.2509266123,0.2472438286,0.4359446357,0.3333333333,0.396938104,0.7490733877,0.2472438286,0.4359446357,0.3333333333,0.449426412,,,,
37,63,2030,2,370630020302,1500000US370630020302,Block Group 2,G5030,S,11162948,73236,35.9995539,-78.9848214,54,62,2650,280,781,611,611,49,171269,-666666666,2006,441600,1067,122,,,89,487,,0,116,4.3773584906,35.851472471,78.233034571,6.2740076825,17.859904883,30.6169798,0,1,0,30.6169798,17.859904883,441600,171269,35.851472471,0,0,1,637,0.6784800042,0.3967753892,0.6592086639,0.4619003663,0.3333333333,0.3215199958,0.6032246108,0.6592086639,0.4619003663,0.3333333333,0.4490875457,,,,
37,183,52802,3,371830528023,1500000US371830528023,Block Group 3,G5030,S,2281771,4640,35.7060065,-78.6446074,49,123,1743,132,434,249,249,20,64545,839,1145,171500,526,0,,,396,119,,34,172,9.868043603,30.414746544,57.373271889,4.6082949309,9.6505093558,16.543730324,0,0,0,16.543730324,9.6505093558,171500,64545,30.414746544,0,0,0,386,0.3597699951,0.1464974055,0.1972540006,0.3918551066,0,0.6402300049,0.8535025945,0.1972540006,0.3918551066,0,0.4484471968,,,,
37,63,600,1,370630006001,1500000US370630006001,Block Group 1,G5030,S,2999023,15078,35.9910177,-78.9504034,18,0,632,74,184,167,167,15,104444,-666666666,1879,451800,318,54,,,0,70,,0,18,2.8481012658,40.217391304,90.760869565,8.152173913,16.271491576,27.893985558,0,1,0,27.893985558,16.271491576,451800,104444,40.217391304,0,0,1,639,0.6168136832,0.4062268347,0.3699567583,0.5181496461,0.3333333333,0.3831863168,0.5937731653,0.3699567583,0.5181496461,0.3333333333,0.4477509663,,,,
37,183,54012,1,371830540121,1500000US371830540121,Block Group 1,G5030,S,1912389,40047,35.8831775,-78.6144,66,26,1958,165,594,524,524,41,112598,1344,3017,635300,822,27,,,230,563,,0,92,4.6986721144,27.777777778,88.215488215,6.9023569024,9.0454111385,15.506419095,0,0,1,15.506419095,9.0454111385,635300,112598,27.777777778,0,1,1,491,0.3362785142,0.5762601927,0.4052513343,0.357881137,0.3333333333,0.6637214858,0.4237398073,0.4052513343,0.357881137,0.3333333333,0.4473404172,,,,
37,183,54404,1,371830544041,1500000US371830544041,Block Group 1,G5030,S,10854581,78249,35.7997279,-78.3629651,108,102,3787,201,724,542,542,68,62014,968,1204,206800,1490,18,,,767,330,,0,210,5.5452865065,27.762430939,74.861878453,9.3922651934,21.925600483,37.586743685,0,1,1,37.586743685,21.925600483,206800,62014,27.762430939,0,1,2,126,0.8363208437,0.1792068199,0.1862985712,0.3576834126,0.6666666667,0.1636791563,0.8207931801,0.1862985712,0.3576834126,0.6666666667,0.4464624687,,,,
37,63,2025,3,370630020253,1500000US370630020253,Block Group 3,G5030,S,1147757,60188,35.9246226,-78.9039416,0,31,1254,123,356,356,356,32,93299,1433,1360,228900,573,64,,,58,419,,0,31,2.4720893142,34.550561798,100,8.9887640449,11.482064624,19.683539356,0,0,0,19.683539356,11.482064624,228900,93299,34.550561798,0,0,0,593,0.4308757171,0.1996849518,0.3217156436,0.4451397962,0,0.5691242829,0.8003150482,0.3217156436,0.4451397962,0,0.4458005938,,,,
37,183,52707,4,371830527074,1500000US371830527074,Block Group 4,G5030,S,1658452,0,35.8043753,-78.5708536,0,36,1206,38,343,183,183,0,62132,1665,1051,182600,479,0,,,133,338,,0,36,2.9850746269,11.078717201,53.352769679,0,10.056672826,17.240010559,0,1,0,17.240010559,10.056672826,182600,62132,11.078717201,0,0,1,808,0.3755383136,0.1567828021,0.186809334,0.1427351007,0.3333333333,0.6244616864,0.8432171979,0.186809334,0.1427351007,0.3333333333,0.4457902364,,,,
37,63,2100,7,370630021007,1500000US370630021007,Block Group 7,G5030,S,10084648,65705,36.1110433,-78.8541717,81,0,1733,186,633,633,633,26,96833,-666666666,2202,358800,756,22,,,38,508,,0,81,4.6739757646,29.383886256,100,4.1074249605,21.207578394,36.355848675,0,1,1,36.355848675,21.207578394,358800,96833,29.383886256,0,1,2,617,0.8084453655,0.3200518903,0.337012557,0.3785737904,0.6666666667,0.1915546345,0.6799481097,0.337012557,0.3785737904,0.6666666667,0.4455563172,,,,
37,183,53613,3,371830536133,1500000US371830536133,Block Group 3,G5030,S,960803,0,35.910603,-78.7935005,0,41,1858,185,549,502,502,41,167606,-666666666,2691,623900,658,0,,,93,679,,0,41,2.2066738428,33.697632058,91.438979964,7.4681238616,6.9996290183,11.999364031,0,0,0,11.999364031,6.9996290183,623900,167606,33.697632058,0,0,0,234,0.2568559506,0.5656968125,0.6433533743,0.4341508874,0,0.7431440494,0.4343031875,0.6433533743,0.4341508874,0,0.4455197091,,,,
37,183,52411,1,371830524111,1500000US371830524111,Block Group 1,G5030,S,1182220,0,35.7835436,-78.7331835,48,106,2021,50,326,132,132,0,48098,975,1466,267200,898,56,,,201,227,,7,154,7.6199901039,15.337423313,40.490797546,0,2.3927759078,4.1019015561,0,0,0,4.1019015561,2.3927759078,267200,48098,15.337423313,0,0,0,57,0.0780059742,0.2351742031,0.1260631874,0.1976030818,0,0.9219940258,0.7648257969,0.1260631874,0.1976030818,0,0.445470755,,,,
37,183,53009,2,371830530092,1500000US371830530092,Block Group 2,G5030,S,5154091,11048,35.6928731,-78.6624121,0,66,1168,79,283,172,172,24,71343,971,1271,154700,548,111,,,174,137,,0,66,5.6506849315,27.915194346,60.777385159,8.480565371,9.7793881577,16.764665413,0,0,0,16.764665413,9.7793881577,154700,71343,27.915194346,0,0,0,790,0.3647734042,0.1309303188,0.2266791327,0.3596515737,0,0.6352265958,0.8690696812,0.2266791327,0.3596515737,0,0.4452013919,,,,
37,183,53519,1,371830535191,1500000US371830535191,Block Group 1,G5030,S,859434,73795,35.7575765,-78.7962878,55,0,1113,45,251,150,150,9,67778,1204,1144,250000,646,44,,,104,236,,0,55,4.9415992812,17.928286853,59.760956175,3.5856573705,4.4873812566,7.6926535827,0,0,0,7.6926535827,4.4873812566,250000,67778,17.928286853,0,0,0,428,0.159323982,0.2192364715,0.2112480359,0.2309830446,0,0.840676018,0.7807635285,0.2112480359,0.2309830446,0,0.4451922749,,,,
37,63,401,1,370630004011,1500000US370630004011,Block Group 1,G5030,S,1259689,0,36.0250461,-78.9271897,7,5,846,29,237,197,197,6,101544,1589,1428,267200,466,31,,,40,254,,0,12,1.4184397163,12.23628692,83.122362869,2.5316455696,17.546237969,30.07926509,0,1,1,30.07926509,17.546237969,267200,101544,12.23628692,0,1,2,290,0.6663026418,0.2351742031,0.3574041129,0.1576489059,0.6666666667,0.3336973582,0.7648257969,0.3574041129,0.1576489059,0.6666666667,0.44487547,,,,
37,63,1100,2,370630011002,1500000US370630011002,Block Group 2,G5030,S,324759,0,35.9918956,-78.8881288,5,0,517,12,123,70,70,0,34324,1045,1243,234600,370,96,,,58,99,,0,5,0.9671179884,9.756097561,56.910569106,0,14.430358378,24.73775722,1,1,0,24.73775722,14.430358378,234600,34324,9.756097561,1,0,2,675,0.5453361212,0.204966642,0.0664424504,0.1256948383,0.6666666667,0.4546638788,0.795033358,0.0664424504,0.1256948383,0.6666666667,0.4440739293,,,,
37,183,52807,3,371830528073,1500000US371830528073,Block Group 3,G5030,S,1319361,0,35.7303686,-78.5620368,28,47,2919,125,630,208,208,0,44196,1359,1360,200800,1207,0,,,645,330,,0,75,2.569373073,19.841269841,33.015873016,0,12.057031976,20.669197673,0,1,0,20.669197673,12.057031976,200800,44196,19.841269841,0,0,1,760,0.4531974398,0.173647146,0.1091733867,0.2556293835,0.3333333333,0.5468025602,0.826352854,0.1091733867,0.2556293835,0.3333333333,0.4434625621,,,,
37,63,102,4,370630001024,1500000US370630001024,Block Group 4,G5030,S,1388222,0,36.035007,-78.8998913,14,3,570,16,124,50,50,5,61964,1075,1369,206500,197,0,,,90,51,,0,17,2.9824561404,12.903225806,40.322580645,4.0322580645,17.319871848,29.691208883,0,1,1,29.691208883,17.319871848,206500,61964,12.903225806,0,1,2,665,0.6575145223,0.1789288362,0.1860821462,0.1662415604,0.6666666667,0.3424854777,0.8210711638,0.1860821462,0.1662415604,0.6666666667,0.4433375402,,,,
37,183,54221,3,371830542213,1500000US371830542213,Block Group 3,G5030,S,3277952,0,35.9552309,-78.4631197,96,119,1842,198,585,585,585,40,116047,-666666666,1642,264900,697,0,,,214,365,,0,215,11.672095548,33.846153846,100,6.8376068376,18.724391842,32.098957443,0,1,0,32.098957443,18.724391842,264900,116047,33.846153846,0,0,1,699,0.7120416283,0.2330429948,0.4201803252,0.4360644007,0.3333333333,0.2879583717,0.7669570052,0.4201803252,0.4360644007,0.3333333333,0.4430817933,,,,
37,183,53806,1,371830538061,1500000US371830538061,Block Group 1,G5030,S,6590444,80233,35.9369198,-78.6528267,7,0,2090,232,663,646,646,0,132917,-666666666,2179,417200,798,49,,,79,645,,0,7,0.3349282297,34.992458522,97.435897436,0,10.122648399,17.353111542,0,0,0,17.353111542,10.122648399,417200,132917,34.992458522,0,0,0,466,0.3780996563,0.3741660489,0.4932020933,0.4508330703,0,0.6219003437,0.6258339511,0.4932020933,0.4508330703,0,0.442670353,,,,
37,63,1811,5,370630018115,1500000US370630018115,Block Group 5,G5030,S,1345626,3799,35.9905344,-78.8120572,55,5,1219,123,362,330,330,0,84167,-666666666,1292,163900,466,70,,,151,240,,0,60,4.9220672683,33.977900552,91.160220994,0,12.465843513,21.37001745,0,0,0,21.37001745,12.465843513,163900,84167,33.977900552,0,0,0,661,0.469068563,0.139455152,0.2821877962,0.4377617885,0,0.530931437,0.860544848,0.2821877962,0.4377617885,0,0.4425010556,,,,
37,63,1601,1,370630016011,1500000US370630016011,Block Group 1,G5030,S,14329668,202201,36.1071481,-78.8802423,0,33,1341,132,293,293,293,0,66223,1341,1252,215300,474,0,,,226,123,,0,33,2.4608501119,45.051194539,100,0,21.290727326,36.498389702,0,1,0,36.498389702,21.290727326,215300,66223,45.051194539,0,0,1,258,0.8116734225,0.1870830245,0.2045172209,0.580427018,0.3333333333,0.1883265775,0.8129169755,0.2045172209,0.580427018,0.3333333333,0.4418901828,,,,
37,63,200,2,370630002002,1500000US370630002002,Block Group 2,G5030,S,653955,0,36.005402,-78.8898627,53,53,1532,63,374,125,125,57,55477,873,1737,375000,577,86,,,160,204,,0,106,6.9190600522,16.844919786,33.422459893,15.240641711,15.272446586,26.181337004,0,1,1,26.181337004,15.272446586,375000,55477,16.844919786,0,1,2,274,0.5780281677,0.3350630096,0.1580031771,0.2170252456,0.6666666667,0.4219718323,0.6649369904,0.1580031771,0.2170252456,0.6666666667,0.4418703186,,,,
37,63,1809,2,370630018092,1500000US370630018092,Block Group 2,G5030,S,3526854,24472,35.9504176,-78.855743,138,45,2283,104,508,318,318,60,56997,1317,2036,305200,1317,100,,,197,582,,0,183,8.0157687254,20.472440945,62.598425197,11.811023622,11.019432225,18.890455243,0,1,0,18.890455243,11.019432225,305200,56997,20.472440945,0,0,1,695,0.4129151285,0.2703854707,0.1645824947,0.2637612159,0.3333333333,0.5870848715,0.7296145293,0.1645824947,0.2637612159,0.3333333333,0.4417593438,,,,
37,63,2009,2,370630020092,1500000US370630020092,Block Group 2,G5030,S,1693544,0,35.9578359,-78.9008426,0,59,1490,0,413,93,93,0,30766,545,1335,148000,788,10,,,80,125,,20,59,3.9597315436,0,22.518159806,0,12.973640933,22.240527314,0,1,1,22.240527314,12.973640933,148000,30766,0,0,1,2,370,0.4887825749,0.1247220163,0.0510416531,0,0.6666666667,0.5112174251,0.8752779837,0.0510416531,0,0.6666666667,0.4412974517,,,,
37,183,51400,4,371830514004,1500000US371830514004,Block Group 4,G5030,S,505711,0,35.7910167,-78.6804078,0,0,1075,0,61,22,22,0,18974,1334,-666666666,581300,440,52,,,39,171,,0,0,0,0,36.06557377,0,4.2300646469,7.2515393947,0,1,1,7.2515393947,4.2300646469,581300,18974,0,0,1,2,448,0.1493342844,0.5262231282,0,0,0.6666666667,0.8506657156,0.4737768718,0,0,0.6666666667,0.4407551366,,,,
37,183,52816,1,371830528161,1500000US371830528161,Block Group 1,G5030,S,4269597,12751,35.7343891,-78.5945654,209,19,2881,59,655,226,226,0,55801,1259,1258,156600,1073,58,,,340,282,,0,228,7.9139187782,9.0076335878,34.503816794,0,10.393781329,17.81791085,0,0,1,17.81791085,10.393781329,156600,55801,9.0076335878,0,1,1,58,0.3886257393,0.1326908821,0.1594056106,0.1160518374,0.3333333333,0.6113742607,0.8673091179,0.1594056106,0.1160518374,0.3333333333,0.4379255758,,,,
37,183,51000,1,371830510001,1500000US371830510001,Block Group 1,G5030,S,429767,0,35.7809506,-78.6542714,0,8,1393,8,127,80,80,8,65284,1293,2078,375900,1122,103,,,108,498,,27,8,0.5743000718,6.2992125984,62.992125984,6.2992125984,5.8535992721,10.034741609,0,1,0,10.034741609,5.8535992721,375900,65284,6.2992125984,0,0,1,133,0.2123641059,0.3358969607,0.2004527609,0.0811572972,0.3333333333,0.7876358941,0.6641030393,0.2004527609,0.0811572972,0.3333333333,0.4367308484,,,,
37,63,302,1,370630003021,1500000US370630003021,Block Group 1,G5030,S,609110,0,36.0150113,-78.9030236,75,74,1136,122,373,282,282,85,135391,1541,1867,458300,496,27,,,0,228,,0,149,13.116197183,32.707774799,75.603217158,22.788203753,16.223141984,27.811100544,0,0,1,27.811100544,16.223141984,458300,135391,32.707774799,0,1,1,287,0.6149366268,0.4122498147,0.5039107983,0.4213978428,0.3333333333,0.3850633732,0.5877501853,0.5039107983,0.4213978428,0.3333333333,0.4362230876,,,,
37,183,53806,2,371830538062,1500000US371830538062,Block Group 2,G5030,S,3853837,130091,35.94593,-78.6194942,10,23,1060,118,315,305,305,19,137697,-666666666,2080,436500,376,15,,,45,403,,21,33,3.1132075472,37.46031746,96.825396825,6.0317460317,11.519464585,19.747653574,0,0,0,19.747653574,11.519464585,436500,137697,37.46031746,0,0,0,473,0.4323276805,0.3920496664,0.5138923156,0.4826282761,0,0.5676723195,0.6079503336,0.5138923156,0.4826282761,0,0.4355544472,,,,
37,183,50100,2,371830501002,1500000US371830501002,Block Group 2,G5030,S,577418,0,35.775783,-78.6404885,9,22,2874,18,285,265,265,8,101058,1788,2938,423300,1249,72,,,168,626,,13,31,1.0786360473,6.3157894737,92.98245614,2.8070175439,6.7059363724,11.495890924,0,1,0,11.495890924,6.7059363724,423300,101058,6.3157894737,0,0,1,768,0.245454041,0.379818384,0.3553004627,0.081370869,0.3333333333,0.754545959,0.620181616,0.3553004627,0.081370869,0.3333333333,0.4352122431,,,,
37,63,2015,1,370630020151,1500000US370630020151,Block Group 1,G5030,S,1370052,0,35.9696296,-78.9460356,134,83,2591,90,673,231,231,32,35625,1087,1757,302900,953,40,,,279,122,,0,217,8.3751447318,13.372956909,34.323922734,4.7548291233,15.310804897,26.247094109,1,0,1,26.247094109,15.310804897,302900,35625,13.372956909,1,1,2,358,0.5795173367,0.2682542624,0.0720738269,0.1722934448,0.6666666667,0.4204826633,0.7317457376,0.0720738269,0.1722934448,0.6666666667,0.4350838906,,,,
37,63,1001,2,370630010012,1500000US370630010012,Block Group 2,G5030,S,1172918,1044,35.9803581,-78.8729322,0,90,1829,72,408,116,116,0,32118,839,1096,115100,635,43,,,68,79,,0,90,4.9207217059,17.647058824,28.431372549,0,13.293459782,22.788788198,0,1,0,22.788788198,13.293459782,115100,32118,17.647058824,0,0,1,347,0.5011987714,0.0942364715,0.056893783,0.2273597811,0.3333333333,0.4988012286,0.9057635285,0.056893783,0.2273597811,0.3333333333,0.4350490031,,,,
37,63,2020,2,370630020202,1500000US370630020202,Block Group 2,G5030,S,908108,20722,35.8926569,-78.9229649,99,74,1601,157,453,429,429,72,109714,-666666666,2348,356900,677,0,,,74,312,,0,173,10.805746408,34.657836645,94.701986755,15.894039735,11.080697051,18.995480658,0,0,0,18.995480658,11.080697051,356900,109714,34.657836645,0,0,0,499,0.4152935878,0.3182913269,0.3927679449,0.4465218954,0,0.5847064122,0.6817086731,0.3927679449,0.4465218954,0,0.433425606,,,,
37,183,54404,3,371830544043,1500000US371830544043,Block Group 3,G5030,S,13723684,0,35.8000128,-78.4040985,109,44,2593,113,750,495,495,0,63133,1019,1385,191200,966,0,,,391,316,,0,153,5.9005013498,15.066666667,66,0,19.421904836,33.294694005,0,1,1,33.294694005,19.421904836,191200,63133,15.066666667,0,1,2,332,0.7391208904,0.1647516679,0.1911421609,0.1941147287,0.6666666667,0.2608791096,0.8352483321,0.1911421609,0.1941147287,0.6666666667,0.4332456754,,,,
37,63,1801,7,370630018017,1500000US370630018017,Block Group 7,G5030,S,23077663,3401391,36.0675123,-78.8241764,55,45,2493,145,555,380,380,23,50078,-666666666,1383,81300,878,67,,,600,281,,12,100,4.0112314481,26.126126126,68.468468468,4.1441441441,17.765972208,30.455952357,0,1,0,30.455952357,17.765972208,81300,50078,26.126126126,0,0,1,662,0.6748332944,0.0629169755,0.1346336143,0.336601718,0.3333333333,0.3251667056,0.9370830245,0.1346336143,0.336601718,0.3333333333,0.4329887389,,,,
37,183,53805,2,371830538052,1500000US371830538052,Block Group 2,G5030,S,4273750,1516195,35.947888,-78.5968173,21,38,783,67,270,270,270,39,93958,-666666666,2534,452200,350,17,,,126,223,,5,59,7.5351213282,24.814814815,100,14.444444444,12.414178461,21.281448791,0,1,0,21.281448791,12.414178461,452200,93958,24.814814815,0,0,1,115,0.4670627919,0.4065974796,0.3245681241,0.319707149,0.3333333333,0.5329372081,0.5934025204,0.3245681241,0.319707149,0.3333333333,0.4309650724,,,,
37,183,52812,2,371830528122,1500000US371830528122,Block Group 2,G5030,S,4521400,345317,35.678241,-78.6151557,0,0,1632,84,497,438,438,22,95987,1661,1533,329200,639,0,,,246,479,,0,0,0,16.901408451,88.128772636,4.4265593561,12.334588914,21.145009567,0,1,0,21.145009567,12.334588914,329200,95987,16.901408451,0,0,1,232,0.4639729194,0.292624166,0.3333506473,0.2177530298,0.3333333333,0.5360270806,0.707375834,0.3333506473,0.2177530298,0.3333333333,0.4299219258,,,,
37,183,53007,2,371830530072,1500000US371830530072,Block Group 2,G5030,S,2467006,37576,35.7121537,-78.7145962,9,12,599,45,185,185,185,14,123929,-666666666,1909,427800,255,41,,,16,193,,0,21,3.5058430718,24.324324324,100,7.5675675676,7.3059583485,12.524500026,0,0,0,12.524500026,7.3059583485,427800,123929,24.324324324,0,0,0,484,0.2687484491,0.3839881394,0.4542975496,0.3133878064,0,0.7312515509,0.6160118606,0.4542975496,0.3133878064,0,0.4297919664,,,,
37,183,52704,3,371830527043,1500000US371830527043,Block Group 3,G5030,S,951421,30951,35.8384527,-78.5859328,57,94,1818,12,404,168,168,0,60510,999,1135,166800,800,60,,,351,111,,11,151,8.3058305831,2.9702970297,41.584158416,0,9.3885400955,16.094640164,0,1,0,16.094640164,9.3885400955,166800,60510,2.9702970297,0,0,1,179,0.3495996695,0.1421423277,0.1797885096,0.038268478,0.3333333333,0.6504003305,0.8578576723,0.1797885096,0.038268478,0.3333333333,0.4283842542,,,,
37,63,2029,1,370630020291,1500000US370630020291,Block Group 1,G5030,S,2404564,34250,35.9694625,-78.9724412,42,41,2175,75,545,416,416,60,68251,1588,1883,371200,1407,90,,,80,452,,0,83,3.816091954,13.76146789,76.330275229,11.009174312,16.477122754,28.246496149,0,1,1,28.246496149,16.477122754,371200,68251,13.76146789,0,1,2,636,0.6247968185,0.3315418829,0.2132954157,0.1772989119,0.6666666667,0.3752031815,0.6684581171,0.2132954157,0.1772989119,0.6666666667,0.4264800217,,,,
37,183,53114,4,371830531144,1500000US371830531144,Block Group 4,G5030,S,4739180,23431,35.5558162,-78.7663512,0,23,750,68,211,193,193,9,80675,-666666666,1884,284800,323,0,,,92,129,,0,23,3.0666666667,32.227488152,91.469194313,4.2654028436,17.972928583,30.810734713,0,0,1,30.810734713,17.972928583,284800,80675,32.227488152,0,1,1,242,0.6828678771,0.2514825797,0.2670726798,0.4152099636,0.3333333333,0.3171321229,0.7485174203,0.2670726798,0.4152099636,0.3333333333,0.4261629403,,,,
37,183,50100,3,371830501003,1500000US371830501003,Block Group 3,G5030,S,966126,0,35.7834157,-78.6416522,0,0,1110,0,134,107,107,0,109196,1778,1931,395300,1191,427,,,36,482,,0,0,0,0,79.850746269,0,6.4463619924,11.050906273,0,1,0,11.050906273,6.4463619924,395300,109196,0,0,0,1,712,0.2353766909,0.3538732394,0.3905257827,0,0.3333333333,0.7646233091,0.6461267606,0.3905257827,0,0.3333333333,0.4261004243,,,,
37,183,53206,1,371830532061,1500000US371830532061,Block Group 1,G5030,S,2647972,59760,35.6036435,-78.8122838,67,22,1550,83,407,246,246,38,69352,1200,1344,216700,658,22,,,379,195,,7,89,5.7419354839,20.393120393,60.442260442,9.3366093366,14.911999995,25.563428563,0,0,1,25.563428563,14.911999995,216700,69352,20.393120393,0,1,1,460,0.5640346969,0.1883802817,0.2180610924,0.262739272,0.3333333333,0.4359653031,0.8116197183,0.2180610924,0.262739272,0.3333333333,0.4254728633,,,,
37,183,52802,2,371830528022,1500000US371830528022,Block Group 2,G5030,S,867934,0,35.7100526,-78.6298964,22,0,1367,66,267,139,139,22,53075,1008,1125,157800,653,0,,,50,227,,0,22,1.6093635699,24.719101124,52.059925094,8.2397003745,9.9035611849,16.97753346,0,0,0,16.97753346,9.9035611849,157800,53075,24.719101124,0,0,0,206,0.3695941229,0.1338028169,0.147606124,0.3184740005,0,0.6304058771,0.8661971831,0.147606124,0.3184740005,0,0.4252200184,,,,
37,183,54215,1,371830542151,1500000US371830542151,Block Group 1,G5030,S,6447421,89530,35.8937702,-78.4891847,0,0,1240,54,293,275,275,0,88506,-666666666,1470,205500,515,44,,,217,290,,0,0,0,18.43003413,93.85665529,0,15.363293475,26.337074528,0,0,1,26.337074528,15.363293475,205500,88506,18.43003413,0,1,1,832,0.5815550794,0.1780022239,0.3009691508,0.2374474165,0.3333333333,0.4184449206,0.8219977761,0.3009691508,0.2374474165,0.3333333333,0.4251362212,,,,
37,183,53112,1,371830531121,1500000US371830531121,Block Group 1,G5030,S,2977057,12626,35.583453,-78.7905173,118,0,1793,30,532,317,317,13,58266,876,1310,233600,895,0,,,200,557,,0,118,6.5811489124,5.6390977444,59.586466165,2.4436090226,16.197076014,27.766416024,0,1,1,27.766416024,16.197076014,233600,58266,5.6390977444,0,1,2,791,0.6139246783,0.2040400297,0.1700753592,0.0726525616,0.6666666667,0.3860753217,0.7959599703,0.1700753592,0.0726525616,0.6666666667,0.4242148342,,,,
37,183,54004,2,371830540042,1500000US371830540042,Block Group 2,G5030,S,865681,0,35.8589135,-78.6124148,25,12,1255,60,271,192,192,25,73359,1143,1228,257600,605,0,,,97,341,,76,37,2.9482071713,22.140221402,70.848708487,9.2250922509,8.2484751101,14.140243046,0,0,0,14.140243046,8.2484751101,257600,73359,22.140221402,0,0,0,443,0.3053393923,0.226278725,0.2354053855,0.2852484339,0,0.6946606077,0.773721275,0.2354053855,0.2852484339,0,0.4232620539,,,,
37,63,1711,1,370630017111,1500000US370630017111,Block Group 1,G5030,S,2142244,23975,36.0653126,-78.9244167,83,33,1926,66,450,200,200,58,43530,1060,1392,183800,1005,88,,,241,200,,8,116,6.0228452752,14.666666667,44.444444444,12.888888889,19.58662821,33.577076931,0,1,1,33.577076931,19.58662821,183800,43530,14.666666667,0,1,2,354,0.7455158786,0.1578947368,0.1062906067,0.1889612403,0.6666666667,0.2544841214,0.8421052632,0.1062906067,0.1889612403,0.6666666667,0.4232447871,,,,
37,183,52903,2,371830529032,1500000US371830529032,Block Group 2,G5030,S,5475504,0,35.6473968,-78.6292532,20,146,2398,218,639,562,562,58,109943,1161,1638,283000,956,50,,,341,631,,14,166,6.9224353628,34.115805947,87.949921753,9.0766823161,13.422112687,23.009336035,0,0,0,23.009336035,13.422112687,283000,109943,34.115805947,0,0,0,778,0.5061934106,0.2498146775,0.393759171,0.4395385231,0,0.4938065894,0.7501853225,0.393759171,0.4395385231,0,0.4227492597,,,,
37,183,52906,1,371830529061,1500000US371830529061,Block Group 1,G5030,S,4737057,0,35.6326521,-78.6486053,71,146,2627,278,754,582,582,62,95168,1232,1469,275700,813,0,,,308,417,,0,217,8.2603730491,36.870026525,77.188328912,8.2228116711,13.829815133,23.708254513,0,0,0,23.708254513,13.829815133,275700,95168,36.870026525,0,0,0,710,0.5220214761,0.2430504077,0.3298056071,0.4750231324,0,0.4779785239,0.7569495923,0.3298056071,0.4750231324,0,0.4226208933,,,,
37,63,1809,1,370630018091,1500000US370630018091,Block Group 1,G5030,S,2380574,95342,35.9306538,-78.8304267,49,14,1022,57,301,258,258,35,112768,732,1472,250500,485,0,,,43,256,,0,63,6.1643835616,18.936877076,85.714285714,11.627906977,9.2423885068,15.844094583,0,0,0,15.844094583,9.2423885068,250500,112768,18.936877076,0,0,0,503,0.3439256861,0.2196997776,0.405987179,0.2439774395,0,0.6560743139,0.7803002224,0.405987179,0.2439774395,0,0.4216717007,,,,
37,183,52509,1,371830525091,1500000US371830525091,Block Group 1,G5030,S,519309,0,35.8325044,-78.7149004,0,84,1094,0,251,117,117,0,58594,1274,1074,163300,624,34,,,31,247,,0,84,7.6782449726,0,46.613545817,0,2.2590030794,3.8725767075,0,0,0,3.8725767075,2.2590030794,163300,58594,0,0,0,0,34,0.0728125663,0.1388991846,0.1714951066,0,0,0.9271874337,0.8611008154,0.1714951066,0,0,0.4211665322,,,,
37,63,302,3,370630003023,1500000US370630003023,Block Group 3,G5030,S,663989,0,36.007316,-78.9065127,81,66,1434,77,396,184,184,26,88714,1194,3024,584400,588,0,,,154,247,,0,147,10.251046025,19.444444444,46.464646465,6.5656565657,15.884070947,27.229835909,0,1,1,27.229835909,15.884070947,584400,88714,19.444444444,0,1,2,289,0.6017730104,0.5290956264,0.3018694785,0.2505167959,0.6666666667,0.3982269896,0.4709043736,0.3018694785,0.2505167959,0.6666666667,0.4198871023,,,,
37,63,1900,4,370630019004,1500000US370630019004,Block Group 4,G5030,S,16790039,83581,35.9487892,-78.7621374,0,0,626,16,219,194,194,0,92961,-666666666,2037,376000,338,41,,,124,178,,0,0,0,7.3059360731,88.584474886,0,9.2691398339,15.889954001,0,0,1,15.889954001,9.2691398339,376000,92961,7.3059360731,0,1,1,633,0.3449642419,0.3359896219,0.3202526112,0.0941276415,0.3333333333,0.6550357581,0.6640103781,0.3202526112,0.0941276415,0.3333333333,0.4187848533,,,,
37,63,302,2,370630003022,1500000US370630003022,Block Group 2,G5030,S,449051,0,36.0114632,-78.9037838,19,62,1040,64,193,174,174,42,72333,1134,2301,438000,593,113,,,25,217,,0,81,7.7884615385,33.160621762,90.155440415,21.761658031,16.039478689,27.496249182,0,0,1,27.496249182,16.039478689,438000,72333,33.160621762,0,1,1,288,0.6078063417,0.3934395849,0.2309643462,0.4272321967,0.3333333333,0.3921936583,0.6065604151,0.2309643462,0.4272321967,0.3333333333,0.415931648,,,,
37,183,52810,2,371830528102,1500000US371830528102,Block Group 2,G5030,S,1272375,0,35.7264173,-78.5369648,0,101,2684,161,572,296,296,0,99250,1689,1400,193100,872,0,,,352,148,,0,101,3.7630402385,28.146853147,51.748251748,0,13.427506962,23.018583363,0,0,0,23.018583363,13.427506962,193100,99250,28.146853147,0,0,0,795,0.5064028303,0.1665122313,0.3474745376,0.362636201,0,0.4935971697,0.8334877687,0.3474745376,0.362636201,0,0.4155033502,,,,
37,63,1709,1,370630017091,1500000US370630017091,Block Group 1,G5030,S,985380,11393,36.0395415,-78.8754588,36,14,1465,70,353,164,164,11,53093,1154,1125,118100,431,0,,,267,0,,0,50,3.4129692833,19.830028329,46.458923513,3.1161473088,16.993455454,29.131637921,0,1,0,29.131637921,16.993455454,118100,53093,19.830028329,0,0,1,363,0.644842192,0.0970163084,0.1476840369,0.255484551,0.3333333333,0.355157808,0.9029836916,0.1476840369,0.255484551,0.3333333333,0.4146923984,,,,
37,183,52802,4,371830528024,1500000US371830528024,Block Group 4,G5030,S,2202038,4255,35.6922225,-78.6441075,13,37,1205,77,343,242,242,23,60906,-666666666,1344,179700,583,91,,,295,201,,0,50,4.1493775934,22.448979592,70.55393586,6.7055393586,10.170049121,17.434369922,0,0,0,17.434369922,10.170049121,179700,60906,22.448979592,0,0,0,397,0.3799398752,0.1540956264,0.1815025949,0.2892263882,0,0.6200601248,0.8459043736,0.1815025949,0.2892263882,0,0.4146527625,,,,
37,183,52901,2,371830529012,1500000US371830529012,Block Group 2,G5030,S,13732812,18454,35.5637136,-78.6814059,43,0,892,74,271,211,211,14,66667,1123,1693,233100,370,0,,,172,72,,0,43,4.8206278027,27.306273063,77.859778598,5.1660516605,17.921067216,30.721829514,0,1,0,30.721829514,17.921067216,233100,66667,27.306273063,0,0,1,717,0.6808544845,0.2035767235,0.2064390742,0.3518064018,0.3333333333,0.3191455155,0.7964232765,0.2064390742,0.3518064018,0.3333333333,0.4143332087,,,,
37,63,1710,1,370630017101,1500000US370630017101,Block Group 1,G5030,S,850333,6826,36.0488535,-78.9136653,90,67,1776,16,353,36,36,0,62857,957,1175,154400,709,47,,,178,256,,0,157,8.8400900901,4.5325779037,10.198300283,0,18.637733404,31.950400121,0,1,1,31.950400121,18.637733404,154400,62857,4.5325779037,0,1,2,352,0.7086773232,0.1306523351,0.1899474953,0.0583964688,0.6666666667,0.2913226768,0.8693476649,0.1899474953,0.0583964688,0.6666666667,0.4136274023,,,,
37,183,54403,2,371830544032,1500000US371830544032,Block Group 2,G5030,S,14628989,255825,35.8370013,-78.411718,39,15,1280,149,339,284,284,11,71465,642,1659,148100,403,10,,,124,222,,19,54,4.21875,43.95280236,83.775811209,3.2448377581,18.561626177,31.81993059,0,0,0,31.81993059,18.561626177,148100,71465,43.95280236,0,0,0,283,0.7057226434,0.1248146775,0.2272072095,0.5662756397,0,0.2942773566,0.8751853225,0.2272072095,0.5662756397,0,0.4128960345,,,,
37,183,51200,1,371830512001,1500000US371830512001,Block Group 1,G5030,S,442116,0,35.7949707,-78.6580829,0,11,1567,0,225,200,200,0,59328,1485,1795,409900,1076,38,,,39,396,,0,11,0.7019783025,0,88.888888889,0,5.3225187267,9.1243178172,0,1,0,9.1243178172,5.3225187267,409900,59328,0,0,0,1,538,0.1917461828,0.3674017791,0.1746722245,0,0.3333333333,0.8082538172,0.6325982209,0.1746722245,0,0.3333333333,0.4127169876,,,,
37,63,2013,2,370630020132,1500000US370630020132,Block Group 2,G5030,S,791210,3744,35.8953892,-78.9074697,30,6,954,68,317,231,231,25,87857,-666666666,1359,215800,426,0,,,114,228,,0,36,3.7735849057,21.451104101,72.870662461,7.8864353312,10.561209957,18.104931355,0,0,0,18.104931355,10.561209957,215800,87857,21.451104101,0,0,0,269,0.3951257525,0.1875463306,0.2981599553,0.2763700389,0,0.6048742475,0.8124536694,0.2981599553,0.2763700389,0,0.412617801,,,,
37,183,54212,2,371830542122,1500000US371830542122,Block Group 2,G5030,S,1944712,35549,35.9641565,-78.5600945,20,0,1974,77,543,446,446,0,108653,1641,1609,287100,849,0,,,150,472,,0,20,1.0131712259,14.180478821,82.136279926,0,14.704727912,25.208104993,0,0,1,25.208104993,14.704727912,287100,108653,14.180478821,0,1,1,777,0.5559878575,0.253613788,0.3881754081,0.1826973318,0.3333333333,0.4440121425,0.746386212,0.3881754081,0.1826973318,0.3333333333,0.4114388184,,,,
37,63,1900,3,370630019003,1500000US370630019003,Block Group 3,G5030,S,4217330,28724,35.9328195,-78.7905713,0,0,2361,25,952,891,891,0,95728,2577,1696,399700,1330,53,,,278,716,,27,0,0,2.6260504202,93.592436975,0,8.4152515044,14.426145436,0,0,1,14.426145436,8.4152515044,399700,95728,2.6260504202,0,1,1,632,0.3118140841,0.3579503336,0.3322295662,0.0338333008,0.3333333333,0.6881859159,0.6420496664,0.3322295662,0.0338333008,0.3333333333,0.4088043607,,,,
37,63,2033,3,370630020333,1500000US370630020333,Block Group 3,G5030,S,4227550,35519,35.918949,-78.9905876,0,27,1373,87,357,329,329,0,82447,1663,2088,377300,698,0,,,50,370,,0,27,1.9664967225,24.369747899,92.156862745,0,15.503915114,26.578140195,0,1,0,26.578140195,15.503915114,377300,82447,24.369747899,0,0,1,622,0.5870143758,0.3371942179,0.274742779,0.3139730311,0.3333333333,0.4129856242,0.6628057821,0.274742779,0.3139730311,0.3333333333,0.4084417648,,,,
37,183,53722,1,371830537221,1500000US371830537221,Block Group 1,G5030,S,833419,0,35.8949113,-78.6747184,29,0,1214,55,318,268,268,10,76886,1363,1370,335400,636,19,,,103,496,,0,29,2.3887973641,17.295597484,84.27672956,3.1446540881,6.8875287323,11.807192113,0,0,0,11.807192113,6.8875287323,335400,76886,17.295597484,0,0,0,114,0.252503927,0.2983691623,0.2506719994,0.2228316513,0,0.747496073,0.7016308377,0.2506719994,0.2228316513,0,0.4079752985,,,,
37,183,53722,2,371830537222,1500000US371830537222,Block Group 2,G5030,S,956113,0,35.887956,-78.6733165,9,20,1977,96,477,460,460,20,80443,1596,1799,413800,953,80,,,159,412,,12,29,1.4668689934,20.125786164,96.4360587,4.1928721174,6.5645720066,11.253552011,0,0,0,11.253552011,6.5645720066,413800,80443,20.125786164,0,0,0,201,0.23996591,0.3710155671,0.2660684682,0.2592950124,0,0.76003409,0.6289844329,0.2660684682,0.2592950124,0,0.407236009,,,,
37,183,52902,2,371830529022,1500000US371830529022,Block Group 2,G5030,S,7243378,0,35.6102903,-78.6133098,0,31,1667,206,530,505,505,96,74174,-666666666,1386,226300,661,0,,,223,277,,0,31,1.8596280744,38.867924528,95.283018868,18.113207547,16.092860914,27.587761566,0,0,0,27.587761566,16.092860914,226300,74174,38.867924528,0,0,0,481,0.609878778,0.1972757598,0.2389331117,0.5007634928,0,0.390121222,0.8027242402,0.2389331117,0.5007634928,0,0.4071593379,,,,
37,183,54109,2,371830541092,1500000US371830541092,Block Group 2,G5030,S,15151922,38345,35.7415368,-78.4997079,6,43,1732,74,470,327,327,14,79792,768,1693,260300,697,46,,,241,208,,25,49,2.8290993072,15.744680851,69.574468085,2.9787234043,14.967306613,25.658239908,0,0,1,25.658239908,14.967306613,260300,79792,15.744680851,0,1,1,450,0.5661818432,0.2287805782,0.2632506157,0.2028500742,0.3333333333,0.4338181568,0.7712194218,0.2632506157,0.2028500742,0.3333333333,0.4064026704,,,,
37,63,402,1,370630004021,1500000US370630004021,Block Group 1,G5030,S,755416,0,36.0128717,-78.9282714,20,26,1361,72,230,174,174,28,36721,1003,1630,331300,845,40,,,53,456,,0,46,3.3798677443,31.304347826,75.652173913,12.173913043,16.898704518,28.969207746,0,1,0,28.969207746,16.898704518,331300,36721,31.304347826,0,0,1,295,0.6411637151,0.2945700519,0.0768178611,0.4033164813,0.3333333333,0.3588362849,0.7054299481,0.0768178611,0.4033164813,0.3333333333,0.4059726339,,,,
37,63,1713,3,370630017133,1500000US370630017133,Block Group 3,G5030,S,1665294,21547,36.0358277,-78.9637807,48,99,1260,169,367,312,312,58,128835,1621,1659,313200,459,0,,,85,300,,17,147,11.666666667,46.049046322,85.013623978,15.803814714,19.38958687,33.239291777,0,0,0,33.239291777,19.38958687,313200,128835,46.049046322,0,0,0,605,0.7378662231,0.2777983692,0.4755331628,0.5932830619,0,0.2621337769,0.7222016308,0.4755331628,0.5932830619,0,0.4058478521,,,,
37,183,52801,4,371830528014,1500000US371830528014,Block Group 4,G5030,S,666277,0,35.699895,-78.6234019,0,0,581,0,149,117,117,0,65357,1307,1605,183200,258,0,,,48,79,,0,0,0,0,78.523489933,0,10.668047314,18.288081109,0,1,0,18.288081109,10.668047314,183200,65357,0,0,0,1,384,0.3992734556,0.1573387695,0.2007687413,0,0.3333333333,0.6007265444,0.8426612305,0.2007687413,0,0.3333333333,0.405457423,,,,
37,183,54020,1,371830540201,1500000US371830540201,Block Group 1,G5030,S,467000,0,35.9226203,-78.5685107,0,49,1268,0,195,38,38,0,102966,1654,1351,174000,655,63,,,0,454,,0,49,3.8643533123,0,19.487179487,0,12.547495747,21.50999271,0,1,0,21.50999271,12.547495747,174000,102966,0,0,0,1,708,0.4722385144,0.1488139362,0.3635592377,0,0.3333333333,0.5277614856,0.8511860638,0.3635592377,0,0.3333333333,0.4052001746,,,,
37,183,52809,1,371830528091,1500000US371830528091,Block Group 1,G5030,S,5488027,0,35.6500029,-78.5553993,81,12,1265,88,277,193,193,15,78141,1171,1176,142100,386,0,,,198,92,,0,93,7.3517786561,31.768953069,69.675090253,5.4151624549,15.790081105,27.068710467,0,0,0,27.068710467,15.790081105,142100,78141,31.768953069,0,0,0,111,0.5981240812,0.1192550037,0.2561042649,0.4093023256,0,0.4018759188,0.8807449963,0.2561042649,0.4093023256,0,0.4045539868,,,,
37,183,54111,1,371830541111,1500000US371830541111,Block Group 1,G5030,S,9430338,0,35.8442628,-78.4771536,80,70,1862,177,497,437,437,64,90550,1304,1595,258900,653,0,,,221,293,,32,150,8.0558539205,35.613682093,87.927565392,12.877263581,15.411809452,26.420244776,0,0,0,26.420244776,15.411809452,258900,90550,35.613682093,0,0,0,209,0.5834385953,0.227483321,0.3098166015,0.4588367414,0,0.4165614047,0.772516679,0.3098166015,0.4588367414,0,0.4043345325,,,,
37,183,52906,2,371830529062,1500000US371830529062,Block Group 2,G5030,S,6578326,0,35.6067523,-78.6483424,16,0,1376,142,377,322,322,16,73947,964,1584,256500,598,0,,,227,240,,17,16,1.1627906977,37.665782493,85.411140584,4.2440318302,15.48171897,26.540089663,0,0,0,26.540089663,15.48171897,256500,73947,37.665782493,0,0,0,736,0.586152664,0.2252594514,0.2379505426,0.4852754303,0,0.413847336,0.7747405486,0.2379505426,0.4852754303,0,0.4035238555,,,,
37,183,52902,3,371830529023,1500000US371830529023,Block Group 3,G5030,S,7613850,0,35.6196542,-78.6292458,19,159,3086,326,888,780,780,86,78319,982,1736,270000,985,0,,,363,531,,63,178,5.7679844459,36.711711712,87.837837838,9.6846846847,15.10638716,25.896663703,0,0,0,25.896663703,15.10638716,270000,78319,36.711711712,0,0,0,756,0.5715813104,0.2377687176,0.2568747376,0.4729834486,0,0.4284186896,0.7622312824,0.2568747376,0.4729834486,0,0.4034842648,,,,
37,63,1710,3,370630017103,1500000US370630017103,Block Group 3,G5030,S,1336731,4522,36.054728,-78.9092835,0,7,946,7,195,105,105,7,61250,997,1134,190400,507,33,,,140,107,,10,7,0.7399577167,3.5897435897,53.846153846,3.5897435897,18.902816538,32.404828351,1,1,0,32.404828351,18.902816538,190400,61250,3.5897435897,1,0,2,644,0.7189685374,0.1640103781,0.1829915984,0.0462492546,0.6666666667,0.2810314626,0.8359896219,0.1829915984,0.0462492546,0.6666666667,0.4006505969,,,,
37,63,2025,2,370630020252,1500000US370630020252,Block Group 2,G5030,S,1662964,0,35.9230007,-78.8949901,78,11,1563,93,413,268,268,13,50221,1171,1354,190400,708,19,,,181,283,,0,89,5.6941778631,22.518159806,64.891041162,3.1476997579,11.024879554,18.899793522,0,0,0,18.899793522,11.024879554,190400,50221,22.518159806,0,0,0,534,0.4131266079,0.1640103781,0.1352525895,0.2901176868,0,0.5868733921,0.8359896219,0.1352525895,0.2901176868,0,0.3999709531,,,,
37,183,54108,3,371830541083,1500000US371830541083,Block Group 3,G5030,S,5567239,224085,35.7635333,-78.4418754,74,54,3368,300,799,591,591,33,66193,1370,1054,157500,942,0,,,394,174,,0,128,3.8004750594,37.546933667,73.967459324,4.1301627034,17.570115002,30.120197146,0,0,0,30.120197146,17.570115002,157500,66193,37.546933667,0,0,0,476,0.66722961,0.1335248332,0.204387366,0.4837442152,0,0.33277039,0.8664751668,0.204387366,0.4837442152,0,0.3978624212,,,,
37,183,50600,2,371830506002,1500000US371830506002,Block Group 2,G5030,S,517167,0,35.7820095,-78.6193802,36,36,876,0,218,65,65,0,40759,962,1091,326900,496,119,,,134,125,,0,72,8.2191780822,0,29.816513761,0,7.6616963107,13.134336533,0,1,0,13.134336533,7.6616963107,326900,40759,0,0,0,1,525,0.2825591187,0.2904929577,0.0942963377,0,0.3333333333,0.7174408813,0.7095070423,0.0942963377,0,0.3333333333,0.3973579292,,,,
37,63,2031,1,370630020311,1500000US370630020311,Block Group 1,G5030,S,934043,0,35.9561608,-78.9610358,178,116,1548,0,327,151,151,0,52124,1268,2102,315200,540,0,,,207,121,,0,294,18.992248062,0,46.177370031,0,15.325266977,26.271886246,0,1,1,26.271886246,15.325266977,315200,52124,0,0,1,2,592,0.5800787922,0.2796515938,0.143489722,0,0.6666666667,0.4199212078,0.7203484062,0.143489722,0,0.6666666667,0.3967322887,,,,
37,183,54402,1,371830544021,1500000US371830544021,Block Group 1,G5030,S,6825819,64069,35.7768061,-78.3464276,0,0,1096,82,252,235,235,0,90216,-666666666,1424,222600,511,86,,,62,140,,0,0,0,32.53968254,93.253968254,0,22.730994687,38.967419464,0,0,1,38.967419464,22.730994687,222600,90216,32.53968254,0,1,1,446,0.8675883339,0.1938472943,0.3083708831,0.419232189,0.3333333333,0.1324116661,0.8061527057,0.3083708831,0.419232189,0.3333333333,0.3966452599,,,,
37,63,1801,3,370630018013,1500000US370630018013,Block Group 3,G5030,S,6484389,1801799,36.0484559,-78.7914777,197,21,952,72,230,126,126,21,80740,-666666666,1349,147800,354,55,,,158,173,,0,218,22.899159664,31.304347826,54.782608696,9.1304347826,16.478742936,28.249273605,0,0,0,28.249273605,16.478742936,147800,80740,31.304347826,0,0,0,567,0.6248597181,0.1245366938,0.2673540322,0.4033164813,0,0.3751402819,0.8754633062,0.2673540322,0.4033164813,0,0.3964422552,,,,
37,63,1604,7,370630016047,1500000US370630016047,Block Group 7,G5030,S,1209386,12275,36.0782182,-78.9373639,48,14,693,79,282,282,282,47,86964,-666666666,1748,232200,367,13,,,99,146,,0,62,8.9466089466,28.014184397,100,16.666666667,20.939595602,35.896449604,0,1,0,35.896449604,20.939595602,232200,86964,28.014184397,0,0,1,645,0.798041579,0.2027427724,0.2942946063,0.3609269339,0.3333333333,0.201958421,0.7972572276,0.2942946063,0.3609269339,0.3333333333,0.3962689115,,,,
37,183,52812,1,371830528121,1500000US371830528121,Block Group 1,G5030,S,1789569,16411,35.6926862,-78.6107148,127,35,2191,112,576,430,430,0,69107,1377,1206,191500,1018,109,,,182,350,,29,162,7.3938840712,19.444444444,74.652777778,0,11.276367481,19.330915681,0,0,0,19.330915681,11.276367481,191500,69107,19.444444444,0,0,0,213,0.4228900209,0.1650296516,0.2170006103,0.2505167959,0,0.5771099791,0.8349703484,0.2170006103,0.2505167959,0,0.3956008244,,,,
37,183,53901,3,371830539013,1500000US371830539013,Block Group 3,G5030,S,11394982,152918,36.005813,-78.5994273,22,38,2052,259,589,558,558,53,166711,-666666666,2937,642700,684,46,,,178,499,,5,60,2.9239766082,43.972835314,94.736842105,8.9983022071,15.455274425,26.494756157,0,0,0,26.494756157,15.455274425,642700,166711,43.972835314,0,0,0,798,0.5851260182,0.5831171238,0.6394793682,0.5665337387,0,0.4148739818,0.4168828762,0.6394793682,0.5665337387,0,0.3926764422,,,,
37,183,52813,1,371830528131,1500000US371830528131,Block Group 1,G5030,S,12539056,0,35.6472877,-78.5832809,24,37,761,38,253,193,193,0,101429,-666666666,1571,390900,288,0,,,150,119,,38,61,8.0157687254,15.019762846,76.28458498,0,14.896745286,25.537277634,0,1,0,25.537277634,14.896745286,390900,101429,15.019762846,0,0,1,226,0.5634424696,0.3497961453,0.3569063356,0.1935104329,0.3333333333,0.4365575304,0.6502038547,0.3569063356,0.1935104329,0.3333333333,0.389915062,,,,
37,183,54212,3,371830542123,1500000US371830542123,Block Group 3,G5030,S,1659975,0,35.9539015,-78.5451544,156,74,3091,134,458,304,304,29,78207,1354,1404,224200,1692,155,,,260,332,,0,230,7.4409576189,29.257641921,66.375545852,6.3318777293,14.905752447,25.55271848,0,0,0,25.55271848,14.905752447,224200,78207,29.257641921,0,0,0,807,0.5637921509,0.195329874,0.2563899458,0.3769472936,0,0.4362078491,0.804670126,0.2563899458,0.3769472936,0,0.3898618054,,,,
37,63,1601,4,370630016014,1500000US370630016014,Block Group 4,G5030,S,3443902,68497,36.0791544,-78.8735584,34,33,1094,64,301,182,182,0,75739,1143,1308,199400,466,0,,,267,173,,35,67,6.1243144424,21.262458472,60.465116279,0,19.59591233,33.592992565,0,1,0,33.592992565,19.59591233,199400,75739,21.262458472,0,0,1,614,0.7458763122,0.1723498888,0.2457072117,0.2739395812,0.3333333333,0.2541236878,0.8276501112,0.2457072117,0.2739395812,0.3333333333,0.3887832273,,,,
37,63,2024,3,370630020243,1500000US370630020243,Block Group 3,G5030,S,508537,0,35.9258907,-78.9308879,0,0,444,0,95,95,95,0,64417,1322,1076,167500,495,154,,,0,164,,32,0,0,0,100,0,12.708686809,21.786320245,0,0,1,21.786320245,12.708686809,167500,64417,0,0,1,1,532,0.4784963692,0.1427909563,0.1966999528,0,0.3333333333,0.5215036308,0.8572090437,0.1966999528,0,0.3333333333,0.3881543784,,,,
37,183,52807,2,371830528072,1500000US371830528072,Block Group 2,G5030,S,17805179,32532,35.7068981,-78.5566123,39,39,2090,126,472,348,348,50,56016,1156,1217,227500,931,24,,,236,184,,15,78,3.7320574163,26.694915254,73.728813559,10.593220339,13.186850017,22.606028601,0,0,0,22.606028601,13.186850017,227500,56016,26.694915254,0,0,0,487,0.4970599041,0.1983876946,0.1603362378,0.3439298384,0,0.5029400959,0.8016123054,0.1603362378,0.3439298384,0,0.3880735684,,,,
37,183,52901,1,371830529011,1500000US371830529011,Block Group 1,G5030,S,7018619,16360,35.5814591,-78.643283,57,76,1770,175,493,403,403,29,116250,1615,1653,309900,609,77,,,82,372,,12,133,7.5141242938,35.496957404,81.744421907,5.8823529412,17.247047556,29.566367239,0,0,0,29.566367239,17.247047556,309900,116250,35.496957404,0,0,0,120,0.6546872946,0.2747405486,0.4210590104,0.4573328931,0,0.3453127054,0.7252594514,0.4210590104,0.4573328931,0,0.387819191,,,,
37,63,2015,3,370630020153,1500000US370630020153,Block Group 3,G5030,S,801290,0,35.9620855,-78.9513699,22,39,985,58,160,130,130,41,43689,1302,1615,269400,711,120,,,36,328,,0,61,6.192893401,36.25,81.25,25.625,15.177320958,26.018264499,0,0,0,26.018264499,15.177320958,269400,43689,36.25,0,0,0,504,0.5743351443,0.2372127502,0.106978838,0.4670348837,0,0.4256648557,0.7627872498,0.106978838,0.4670348837,0,0.3864302686,,,,
37,63,500,3,370630005003,1500000US370630005003,Block Group 3,G5030,S,442554,0,35.9944049,-78.9188504,11,12,1010,24,202,92,92,24,38750,860,900,174500,672,100,,,149,177,,19,23,2.2772277228,11.881188119,45.544554455,11.881188119,15.564638787,26.68223792,0,1,0,26.68223792,15.564638787,174500,38750,11.881188119,0,0,1,307,0.5893718262,0.1492772424,0.0856003844,0.153073912,0.3333333333,0.4106281738,0.8507227576,0.0856003844,0.153073912,0.3333333333,0.3862967781,,,,
37,63,101,2,370630001012,1500000US370630001012,Block Group 2,G5030,S,1481712,0,36.0286791,-78.8835185,8,98,2727,65,676,444,444,8,74167,741,1269,170300,920,0,,,578,349,,0,106,3.8870553722,9.6153846154,65.680473373,1.1834319527,16.502146418,28.28939386,0,1,0,28.28939386,16.502146418,170300,74167,9.6153846154,0,0,1,278,0.625768302,0.1453854707,0.2389028122,0.123881932,0.3333333333,0.374231698,0.8546145293,0.2389028122,0.123881932,0.3333333333,0.3860082613,,,,
37,63,1809,3,370630018093,1500000US370630018093,Block Group 3,G5030,S,2347828,1451,35.9378108,-78.8195318,0,109,1054,35,228,96,96,27,33596,1341,1332,199100,475,39,,,66,69,,0,109,10.341555977,15.350877193,42.105263158,11.842105263,9.2593006702,15.873086863,0,0,0,15.873086863,9.2593006702,199100,33596,15.350877193,0,0,0,630,0.3445822601,0.1720719051,0.0632913036,0.1977764178,0,0.6554177399,0.8279280949,0.0632913036,0.1977764178,0,0.3852132888,,,,
37,183,54214,2,371830542142,1500000US371830542142,Block Group 2,G5030,S,14222914,36688,35.9368456,-78.3986718,0,89,1298,93,297,198,198,0,63879,-666666666,2070,289400,480,0,,,102,156,,0,89,6.8567026194,31.313131313,66.666666667,0,21.112671421,36.193151007,0,1,0,36.193151007,21.112671421,289400,63879,31.313131313,0,0,1,763,0.8047608308,0.2557449963,0.1943712207,0.4034296453,0.3333333333,0.1952391692,0.7442550037,0.1943712207,0.4034296453,0.3333333333,0.3846219931,,,,
37,183,54120,1,371830541201,1500000US371830541201,Block Group 1,G5030,S,7964358,42216,35.8651456,-78.4912088,34,59,1361,88,356,333,333,31,106250,-666666666,1425,257800,603,102,,,149,372,,12,93,6.8332108744,24.719101124,93.539325843,8.7078651685,14.553196812,24.948337392,0,0,0,24.948337392,14.553196812,257800,106250,24.719101124,0,0,0,46,0.5501050275,0.2264640474,0.3777740264,0.3184740005,0,0.4498949725,0.7735359526,0.3777740264,0.3184740005,0,0.3845768364,,,,
37,183,52809,2,371830528092,1500000US371830528092,Block Group 2,G5030,S,12249595,0,35.6733899,-78.5440868,19,26,1342,82,346,256,256,27,94821,1063,1243,183800,621,86,,,176,229,,0,45,3.3532041729,23.699421965,73.988439306,7.8034682081,15.143853678,25.960892019,0,0,0,25.960892019,15.143853678,183800,94821,23.699421965,0,0,0,123,0.5730358578,0.1578947368,0.3283036182,0.3053367388,0,0.4269641422,0.8421052632,0.3283036182,0.3053367388,0,0.3843266347,,,,
37,63,1400,2,370630014002,1500000US370630014002,Block Group 2,G5030,S,1435573,0,35.978169,-78.8846617,139,156,1937,23,396,85,85,26,31115,592,903,172300,922,168,,,386,80,,7,295,15.229736706,5.8080808081,21.464646465,6.5656565657,13.533298236,23.199939834,0,1,0,23.199939834,13.533298236,172300,31115,5.8080808081,0,0,1,341,0.5105099217,0.1472386953,0.0525522991,0.0748296923,0.3333333333,0.4894900783,0.8527613047,0.0525522991,0.0748296923,0.3333333333,0.3835541001,,,,
37,183,52602,3,371830526023,1500000US371830526023,Block Group 3,G5030,S,829654,0,35.8430272,-78.6385812,0,31,808,18,149,108,108,0,48594,775,1844,332300,829,373,,,177,212,,12,31,3.8366336634,12.080536913,72.483221477,0,6.5018499579,11.146028499,0,0,0,11.146028499,6.5018499579,332300,48594,12.080536913,0,0,0,96,0.2375308775,0.2954966642,0.1282101226,0.1556422663,0,0.7624691225,0.7045033358,0.1282101226,0.1556422663,0,0.3832495266,,,,
37,63,1100,1,370630011001,1500000US370630011001,Block Group 1,G5030,S,688454,0,35.9868109,-78.8895496,13,57,1382,26,241,106,106,0,25930,622,1162,215400,599,53,,,196,102,,0,70,5.0651230101,10.788381743,43.98340249,0,14.180562872,24.309536353,0,1,0,24.309536353,14.180562872,215400,25930,10.788381743,0,0,1,338,0.5356384123,0.1871756857,0.0301090349,0.1389944997,0.3333333333,0.4643615877,0.8128243143,0.0301090349,0.1389944997,0.3333333333,0.3830814549,,,,
37,63,1802,4,370630018024,1500000US370630018024,Block Group 4,G5030,S,1988324,27864,35.9724448,-78.8612146,24,0,405,0,66,47,47,0,53347,-666666666,-666666666,181100,259,91,,,150,0,,0,24,5.9259259259,0,71.212121212,0,12.502071894,21.432123248,0,1,0,21.432123248,12.502071894,181100,53347,0,0,0,1,535,0.4704750427,0.1553928836,0.1487834755,0,0.3333333333,0.5295249573,0.8446071164,0.1487834755,0,0.3333333333,0.3828476768,,,,
37,183,53720,2,371830537202,1500000US371830537202,Block Group 2,G5030,S,3712964,0,35.954254,-78.7139069,25,0,847,53,307,276,276,7,135481,-666666666,2196,459100,356,23,,,45,303,,0,25,2.9515938607,17.263843648,89.90228013,2.2801302932,9.7620666529,16.734971405,0,0,0,16.734971405,9.7620666529,459100,135481,17.263843648,0,0,0,86,0.3641009385,0.4129911045,0.5043003632,0.2224225437,0,0.6358990615,0.5870088955,0.5043003632,0.2224225437,0,0.3824122167,,,,
37,183,54217,2,371830542172,1500000US371830542172,Block Group 2,G5030,S,1684921,0,35.9253215,-78.5242963,0,0,525,19,205,192,192,0,112596,-666666666,3395,366700,216,0,,,0,69,,0,0,0,9.2682926829,93.658536585,0,14.722242149,25.238129398,0,0,1,25.238129398,14.722242149,366700,112596,9.2682926829,0,1,1,770,0.5566678056,0.3273721275,0.4052426773,0.1194100964,0.3333333333,0.4433321944,0.6726278725,0.4052426773,0.1194100964,0.3333333333,0.3824020816,,,,
37,63,1801,6,370630018016,1500000US370630018016,Block Group 6,G5030,S,9868477,114664,36.0397452,-78.8469115,124,97,1471,110,346,214,214,44,48063,1009,1024,165900,650,0,,,287,48,,0,221,15.023793338,31.791907514,61.849710983,12.716763006,16.286888572,27.920380409,0,0,0,27.920380409,16.286888572,165900,48063,31.791907514,0,0,0,573,0.6174114345,0.1413083766,0.12591169,0.4095980643,0,0.3825885655,0.8586916234,0.12591169,0.4095980643,0,0.3823761511,,,,
37,63,1001,1,370630010011,1500000US370630010011,Block Group 1,G5030,S,504751,1025,35.9930799,-78.8809134,55,0,836,14,148,77,77,10,31333,986,1477,208600,498,78,,,62,87,,4,55,6.5789473684,9.4594594595,52.027027027,6.7567567568,14.283734446,24.486401907,0,1,0,24.486401907,14.283734446,208600,31333,9.4594594595,0,0,1,346,0.5396438002,0.180874722,0.0534959117,0.1218730358,0.3333333333,0.4603561998,0.819125278,0.0534959117,0.1218730358,0.3333333333,0.3813986224,,,,
37,183,53722,4,371830537224,1500000US371830537224,Block Group 4,G5030,S,523902,22325,35.8894951,-78.6646964,0,0,673,7,124,113,113,0,115198,1305,2244,362100,481,0,,,0,249,,0,0,0,5.6451612903,91.129032258,0,6.9735856874,11.954718321,0,0,0,11.954718321,6.9735856874,362100,115198,5.6451612903,0,0,0,441,0.255844881,0.3231097109,0.4165054301,0.0727306827,0,0.744155119,0.6768902891,0.4165054301,0.0727306827,0,0.3812500512,,,,
37,183,53902,1,371830539021,1500000US371830539021,Block Group 1,G5030,S,44451093,14793443,36.0486545,-78.6885327,21,0,877,38,290,224,224,0,104063,-666666666,2333,359000,359,0,,,161,186,,0,21,2.3945267959,13.103448276,77.24137931,0,16.093897367,27.589538344,0,1,0,27.589538344,16.093897367,359000,104063,13.103448276,0,0,1,315,0.6099190158,0.3202372128,0.3683076004,0.1688211708,0.3333333333,0.3900809842,0.6797627872,0.3683076004,0.1688211708,0.3333333333,0.3791755229,,,,
37,63,1806,2,370630018062,1500000US370630018062,Block Group 2,G5030,S,16051560,1172436,36.0016731,-78.7835227,0,0,569,0,219,175,175,0,58830,-666666666,1226,177100,272,0,,,225,62,,0,0,0,0,79.908675799,0,13.241344755,22.699448152,0,1,0,22.699448152,13.241344755,177100,58830,0,0,0,1,604,0.499175531,0.1516864344,0.1725166323,0,0.3333333333,0.500824469,0.8483135656,0.1725166323,0,0.3333333333,0.3787871603,,,,
37,183,54111,2,371830541112,1500000US371830541112,Block Group 2,G5030,S,10115715,0,35.8616758,-78.4617129,10,19,709,46,174,130,130,4,95486,841,1266,195000,231,26,,,141,70,,0,29,4.0902679831,26.436781609,74.712643678,2.2988505747,16.459035176,28.215488874,0,0,0,28.215488874,16.459035176,195000,95486,26.436781609,0,0,0,713,0.6240946118,0.1682727947,0.3311820696,0.3406041165,0,0.3759053882,0.8317272053,0.3311820696,0.3406041165,0,0.3785910242,,,,
37,183,50400,2,371830504002,1500000US371830504002,Block Group 2,G5030,S,313782,0,35.791443,-78.6359567,0,5,813,8,93,41,41,0,47045,1003,2724,658300,332,4,,,116,113,,0,5,0.6150061501,8.6021505376,44.086021505,0,6.5858029075,11.289947841,0,1,0,11.289947841,6.5858029075,658300,47045,8.6021505376,0,0,1,524,0.2407901486,0.5975722758,0.1215052786,0.1108277069,0.3333333333,0.7592098514,0.4024277242,0.1215052786,0.1108277069,0.3333333333,0.376812129,,,,
37,63,1811,6,370630018116,1500000US370630018116,Block Group 6,G5030,S,1003374,500,35.9878698,-78.8271725,0,17,826,39,259,78,78,0,94350,-666666666,1074,208000,337,0,,,134,170,,0,17,2.0581113801,15.057915058,30.115830116,0,12.600929224,21.601592955,0,0,0,21.601592955,12.600929224,208000,94350,15.057915058,0,0,0,660,0.4743129404,0.1803187546,0.3262648954,0.1940019754,0,0.5256870596,0.8196812454,0.3262648954,0.1940019754,0,0.3764849974,,,,
37,63,1303,1,370630013031,1500000US370630013031,Block Group 1,G5030,S,751790,0,35.9737968,-78.9047779,156,33,2309,14,287,87,87,0,53417,1182,1029,224500,491,56,,,178,240,,10,189,8.1853616284,4.8780487805,30.31358885,0,13.960268457,23.931888783,0,0,1,23.931888783,13.960268457,224500,53417,4.8780487805,0,1,1,339,0.5270860122,0.1956078577,0.1490864704,0.0628474192,0.3333333333,0.4729139878,0.8043921423,0.1490864704,0.0628474192,0.3333333333,0.3763940939,,,,
37,63,2007,3,370630020073,1500000US370630020073,Block Group 3,G5030,S,739372,2102,35.9607166,-78.9381848,0,0,548,46,149,110,110,0,86000,-666666666,1745,359000,222,0,,,0,227,,10,0,0,30.872483221,73.825503356,0,14.608674761,25.043442447,0,0,0,25.043442447,14.608674761,359000,86000,30.872483221,0,0,0,368,0.5522588253,0.3202372128,0.2901219338,0.3977524582,0,0.4477411747,0.6797627872,0.2901219338,0.3977524582,0,0.3763381591,,,,
37,183,54502,2,371830545022,1500000US371830545022,Block Group 2,G5030,S,1111528,0,35.7522407,-78.6576255,0,0,363,0,44,13,13,0,46583,1117,1049,150000,179,0,,,13,109,,0,0,0,0,29.545454545,0,6.7588553509,11.586609173,0,0,0,11.586609173,6.7588553509,150000,46583,0,0,0,0,32,0.2475084929,0.1265752409,0.1195055123,0,0,0.7524915071,0.8734247591,0.1195055123,0,0,0.3747583798,,,,
37,183,53110,3,371830531103,1500000US371830531103,Block Group 3,G5030,S,9512352,0,35.6038599,-78.713247,79,64,2474,125,679,589,589,34,143438,728,-666666666,281700,833,34,,,230,690,,36,143,5.780113177,18.409425626,86.745213549,5.0073637703,14.741548958,25.271226786,0,0,0,25.271226786,14.741548958,281700,143438,18.409425626,0,0,0,488,0.557417346,0.2486100815,0.5387422249,0.2371819023,0,0.442582654,0.7513899185,0.5387422249,0.2371819023,0,0.3740933453,,,,
37,183,54218,2,371830542182,1500000US371830542182,Block Group 2,G5030,S,1197711,0,35.8888388,-78.5150471,76,87,2295,133,608,414,414,75,65625,1188,1167,198200,862,0,,,317,531,,17,163,7.1023965142,21.875,68.092105263,12.335526316,14.088656513,24.151982593,0,0,0,24.151982593,14.088656513,198200,65625,21.875,0,0,0,217,0.5320703693,0.171237954,0.2019287789,0.2818313953,0,0.4679296307,0.828762046,0.2019287789,0.2818313953,0,0.3733855436,,,,
37,63,1708,1,370630017081,1500000US370630017081,Block Group 1,G5030,S,1160809,17028,36.0665022,-78.8978164,0,33,455,20,135,123,123,0,61033,-666666666,1413,162900,167,0,,,12,135,,0,33,7.2527472527,14.814814815,91.111111111,0,19.259596824,33.016451698,0,1,0,33.016451698,19.259596824,162900,61033,14.814814815,0,0,1,362,0.7328196727,0.1385285397,0.1820523142,0.1908699397,0.3333333333,0.2671803273,0.8614714603,0.1820523142,0.1908699397,0.3333333333,0.3716787569,,,,
37,183,54304,1,371830543041,1500000US371830543041,Block Group 1,G5030,S,22390078,33264,35.8667396,-78.3396215,75,149,2825,281,967,747,747,92,87708,-666666666,1662,256300,1195,98,,,376,473,,13,224,7.9292035398,29.058945191,77.249224405,9.5139607032,23.496440045,40.279611506,0,0,1,40.279611506,23.496440045,256300,87708,29.058945191,0,1,1,780,0.8973049064,0.225074129,0.2975150091,0.3743873404,0.3333333333,0.1026950936,0.774925871,0.2975150091,0.3743873404,0.3333333333,0.3706739503,,,,
37,183,50300,3,371830503003,1500000US371830503003,Block Group 3,G5030,S,229969,0,35.7836769,-78.6485771,0,0,1022,0,229,229,229,0,122651,1478,2148,386100,775,24,,,30,719,,0,0,0,0,100,0,6.0761604442,10.416275047,0,0,0,10.416275047,6.0761604442,386100,122651,0,0,0,0,827,0.2210045074,0.3453484062,0.4487657287,0,0,0.7789954926,0.6546515938,0.4487657287,0,0,0.3705557648,,,,
37,63,1808,1,370630018081,1500000US370630018081,Block Group 1,G5030,S,2910841,136413,35.9724788,-78.810665,38,0,2052,89,596,379,379,25,76619,2109,1547,259400,850,63,,,273,219,,16,38,1.8518518519,14.932885906,63.590604027,4.1946308725,11.457044247,19.64064728,0,0,0,19.64064728,11.457044247,259400,76619,14.932885906,0,0,0,536,0.4299043612,0.2279466271,0.2495162903,0.1923911347,0,0.5700956388,0.7720533729,0.2495162903,0.1923911347,0,0.369983997,,,,
37,63,1706,4,370630017064,1500000US370630017064,Block Group 4,G5030,S,719774,0,36.0212272,-78.9695355,24,42,1210,57,388,371,371,31,102031,1374,1706,296800,568,0,,,19,289,,12,66,5.4545454545,14.690721649,95.618556701,7.9896907216,18.797407238,32.224126694,0,1,0,32.224126694,18.797407238,296800,102031,14.690721649,0,0,1,676,0.7148762752,0.2626019274,0.3595120917,0.189271158,0.3333333333,0.2851237248,0.7373980726,0.3595120917,0.189271158,0.3333333333,0.3686962111,,,,
37,63,1811,2,370630018112,1500000US370630018112,Block Group 2,G5030,S,633545,0,35.9924533,-78.8211621,0,32,807,34,272,134,134,20,80000,-666666666,1250,160800,294,0,,,166,98,,0,32,3.9653035936,12.5,49.264705882,7.3529411765,12.838089902,22.008154118,0,0,0,22.008154118,12.838089902,160800,80000,12.5,0,0,0,580,0.4835201326,0.1365826538,0.2641509434,0.1610465116,0,0.5164798674,0.8634173462,0.2641509434,0.1610465116,0,0.3684801583,,,,
37,63,2200,1,370630022001,1500000US370630022001,Block Group 1,G5030,S,424139,0,36.001152,-78.9081473,13,0,1065,11,82,82,82,9,63452,1653,1943,356900,968,172,,,0,224,,0,13,1.220657277,13.414634146,100,10.975609756,15.584675193,26.716586045,0,0,1,26.716586045,15.584675193,356900,63452,13.414634146,0,1,1,351,0.5901496914,0.3182913269,0.1925229519,0.1728304027,0.3333333333,0.4098503086,0.6817086731,0.1925229519,0.1728304027,0.3333333333,0.3679308743,,,,
37,63,2033,2,370630020332,1500000US370630020332,Block Group 2,G5030,S,2006079,7472,35.9171034,-79.0016819,40,20,1605,66,409,295,295,26,148097,1855,2691,606600,852,0,,,0,760,,104,60,3.738317757,16.136919315,72.127139364,6.3569682152,15.874406852,27.213268889,0,0,1,27.213268889,15.874406852,606600,148097,16.136919315,0,1,1,657,0.6013978252,0.5496664196,0.558908699,0.2079035651,0.3333333333,0.3986021748,0.4503335804,0.558908699,0.2079035651,0.3333333333,0.3642506876,,,,
37,63,1811,4,370630018114,1500000US370630018114,Block Group 4,G5030,S,624235,861,35.9949275,-78.8067678,0,0,859,18,287,224,224,0,115372,-666666666,1200,166500,328,0,,,14,204,,0,0,0,6.2717770035,78.048780488,0,12.802335456,21.946860781,0,0,0,21.946860781,12.802335456,166500,115372,6.2717770035,0,0,0,583,0.4821320523,0.141864344,0.4172585888,0.0808038246,0,0.5178679477,0.858135656,0.4172585888,0.0808038246,0,0.3630209332,,,,
37,63,1601,3,370630016013,1500000US370630016013,Block Group 3,G5030,S,1833227,1698,36.0859474,-78.9033077,0,0,804,50,165,151,151,0,147165,-666666666,1594,256500,321,0,,,144,184,,33,0,0,30.303030303,91.515151515,0,20.572573418,35.267268716,0,0,0,35.267268716,20.572573418,256500,147165,30.303030303,0,0,0,345,0.7837928266,0.2252594514,0.5548745385,0.3904157858,0,0.2162071734,0.7747405486,0.5548745385,0.3904157858,0,0.3620913033,,,,
37,63,1604,4,370630016044,1500000US370630016044,Block Group 4,G5030,S,3370097,130825,36.0699313,-78.9682276,14,0,1172,74,419,391,391,11,121108,-666666666,1656,306200,491,0,,,71,424,,0,14,1.1945392491,17.661097852,93.317422434,2.6252983294,21.502432703,36.861313206,0,1,0,36.861313206,21.502432703,306200,121108,17.661097852,0,0,1,599,0.8198923739,0.271312083,0.4420868556,0.227540656,0.3333333333,0.1801076261,0.728687917,0.4420868556,0.227540656,0.3333333333,0.3585250062,,,,
37,183,54403,3,371830544033,1500000US371830544033,Block Group 3,G5030,S,9196593,42942,35.8254243,-78.4443202,19,59,1547,113,432,276,276,16,66600,1217,1404,186700,542,0,,,289,170,,13,78,5.0420168067,26.157407407,63.888888889,3.7037037037,17.418230518,29.859823746,0,0,0,29.859823746,17.418230518,186700,66600,26.157407407,0,0,0,285,0.6613330608,0.1605819125,0.2061490648,0.3370047373,0,0.3386669392,0.8394180875,0.2061490648,0.3370047373,0,0.3574164431,,,,
37,183,52707,1,371830527071,1500000US371830527071,Block Group 1,G5030,S,1107437,9177,35.8359079,-78.5735274,29,0,1102,0,286,229,229,0,72575,729,1261,142400,430,43,,,234,158,,0,29,2.6315789474,0,80.06993007,0,9.873238643,16.925551959,0,0,0,16.925551959,9.873238643,142400,72575,0,0,0,0,175,0.3684169232,0.1195329874,0.2320118428,0,0,0.6315830768,0.8804670126,0.2320118428,0,0,0.357190356,,,,
37,183,53106,1,371830531061,1500000US371830531061,Block Group 1,G5030,S,2586965,0,35.5922296,-78.8059755,46,18,1672,14,420,249,249,0,34276,694,1063,168700,896,122,,,503,268,,0,64,3.8277511962,3.3333333333,59.285714286,0,15.727794472,26.96193338,0,1,0,26.96193338,15.727794472,168700,34276,3.3333333333,0,0,1,78,0.5957059527,0.143902891,0.0662346825,0.0429457364,0.3333333333,0.4042940473,0.856097109,0.0662346825,0.0429457364,0.3333333333,0.3563195027,,,,
37,183,52905,2,371830529052,1500000US371830529052,Block Group 2,G5030,S,5407931,0,35.6118613,-78.6732298,21,0,1318,86,443,429,429,0,114518,-666666666,1708,331600,635,13,,,150,523,,0,21,1.593323217,19.413092551,96.83972912,0,14.687310291,25.178246213,0,0,0,25.178246213,14.687310291,331600,114518,19.413092551,0,0,0,793,0.5553116603,0.2948480356,0.4135620512,0.2501128668,0,0.4446883397,0.7051519644,0.4135620512,0.2501128668,0,0.3560868996,,,,
37,183,54306,1,371830543061,1500000US371830543061,Block Group 1,G5030,S,3119174,16292,35.8124097,-78.3394978,82,20,2127,183,446,243,243,0,44986,1274,998,113700,716,47,,,107,130,,0,102,4.7954866008,41.031390135,54.484304933,0,22.991052821,39.413233408,0,0,0,39.413233408,22.991052821,113700,44986,41.031390135,0,0,0,733,0.8776844646,0.0929392142,0.1125929004,0.5286369799,0,0.1223155354,0.9070607858,0.1125929004,0.5286369799,0,0.355409576,,,,
37,63,2038,3,370630020383,1500000US370630020383,Block Group 3,G5030,S,749190,0,35.9223087,-78.8134129,0,57,2395,0,665,428,428,0,77603,981,1418,263400,1214,0,,,191,430,,11,57,2.3799582463,0,64.360902256,0,8.1849677546,14.031373294,0,0,0,14.031373294,8.1849677546,263400,77603,0,0,0,0,576,0.3028738722,0.2316530764,0.2537755327,0,0,0.6971261278,0.7683469236,0.2537755327,0,0,0.35332847,,,,
37,63,1713,2,370630017132,1500000US370630017132,Block Group 2,G5030,S,774554,23054,36.040716,-78.964071,0,0,439,44,142,142,142,0,135804,-666666666,1641,340200,214,55,,,15,107,,0,0,0,30.985915493,100,0,19.694972701,33.762810344,0,0,0,33.762810344,19.694972701,340200,135804,30.985915493,0,0,0,663,0.7497220925,0.3028169014,0.5056984681,0.399213888,0,0.2502779075,0.6971830986,0.5056984681,0.399213888,0,0.3523794154,,,,
37,63,2019,3,370630020193,1500000US370630020193,Block Group 3,G5030,S,3548807,35050,35.9008786,-78.9881031,21,0,1311,86,410,395,395,0,92109,-666666666,1399,332700,755,59,,,131,434,,0,21,1.6018306636,20.975609756,96.341463415,0,14.648343209,25.111445502,0,0,0,25.111445502,14.648343209,332700,92109,20.975609756,0,0,0,517,0.5537988572,0.2958673091,0.3165647305,0.2702439024,0,0.4462011428,0.7041326909,0.3165647305,0.2702439024,0,0.3515942725,,,,
37,63,2007,2,370630020072,1500000US370630020072,Block Group 2,G5030,S,923652,0,35.9550179,-78.942257,0,0,929,53,333,157,157,0,78625,-666666666,1370,224400,428,41,,,46,109,,0,0,0,15.915915916,47.147147147,0,14.471817018,24.808829173,0,0,0,24.808829173,14.471817018,224400,78625,15.915915916,0,0,0,259,0.546945653,0.1955151964,0.2581992581,0.205056219,0,0.453054347,0.8044848036,0.2581992581,0.205056219,0,0.351244528,,,,
37,63,1706,1,370630017061,1500000US370630017061,Block Group 1,G5030,S,1716990,4314,36.0208694,-78.9625363,26,65,2105,134,459,269,269,10,54257,879,1320,195700,1082,50,,,126,406,,0,91,4.32304038,29.193899782,58.605664488,2.1786492375,18.429674091,31.593727014,0,0,0,31.593727014,18.429674091,195700,54257,29.193899782,0,0,0,350,0.7005999215,0.1689214233,0.1527224091,0.3761260577,0,0.2994000785,0.8310785767,0.1527224091,0.3761260577,0,0.3503694903,,,,
37,183,54305,2,371830543052,1500000US371830543052,Block Group 2,G5030,S,4525830,0,35.8279292,-78.3345447,150,115,2602,159,747,541,541,24,59350,1095,1327,178000,983,62,,,341,456,,0,265,10.184473482,21.285140562,72.423025435,3.2128514056,23.309517693,39.959173189,0,1,0,39.959173189,23.309517693,178000,59350,21.285140562,0,0,1,829,0.8900480963,0.1525203855,0.1747674514,0.274231811,0.3333333333,0.1099519037,0.8474796145,0.1747674514,0.274231811,0.3333333333,0.3496852634,,,,
37,63,1709,2,370630017092,1500000US370630017092,Block Group 2,G5030,S,927102,0,36.0337006,-78.8784228,0,0,1011,0,199,14,14,0,36732,902,834,119200,490,45,,,271,93,,0,0,0,0,7.0351758794,0,16.685043906,28.60293241,0,1,0,28.60293241,16.685043906,119200,36732,0,0,0,1,266,0.6328688564,0.0980355819,0.0768654746,0,0.3333333333,0.3671311436,0.9019644181,0.0768654746,0,0.3333333333,0.3465288836,,,,
37,183,50300,2,371830503002,1500000US371830503002,Block Group 2,G5030,S,115276,0,35.7874886,-78.6484069,0,0,605,0,35,31,31,0,72083,1259,2526,403400,556,76,,,70,184,,0,0,0,0,88.571428571,0,5.99477793,10.276762166,0,0,0,10.276762166,5.99477793,403400,72083,0,0,0,0,253,0.2178450273,0.3613787991,0.2298822216,0,0,0.7821549727,0.6386212009,0.2298822216,0,0,0.3462512055,,,,
37,183,52902,1,371830529021,1500000US371830529021,Block Group 1,G5030,S,8641257,0,35.6298534,-78.5983114,0,149,2992,162,863,569,569,25,87145,1164,1623,282100,1009,59,,,390,479,,0,149,4.9799465241,18.771726535,65.932792584,2.8968713789,15.369102453,26.347032776,0,0,0,26.347032776,15.369102453,282100,87145,18.771726535,0,0,0,486,0.5817805989,0.2489807265,0.2950780645,0.2418496861,0,0.4182194011,0.7510192735,0.2950780645,0.2418496861,0,0.3447289329,,,,
37,183,54108,1,371830541081,1500000US371830541081,Block Group 1,G5030,S,3295701,0,35.7566428,-78.4599302,19,113,2044,115,630,373,373,23,68289,1394,1082,159400,788,0,,,515,275,,14,132,6.457925636,18.253968254,59.206349206,3.6507936508,16.761860161,28.734617419,0,0,0,28.734617419,16.761860161,159400,68289,18.253968254,0,0,0,431,0.6358510625,0.1352853966,0.2134598986,0.2351790329,0,0.3641489375,0.8647146034,0.2134598986,0.2351790329,0,0.3441209031,,,,
37,63,1603,3,370630016033,1500000US370630016033,Block Group 3,G5030,S,4413721,110994,36.1169769,-78.9186761,0,0,1208,108,281,251,251,0,56994,-666666666,1310,187900,499,0,,,263,135,,30,0,0,38.434163701,89.323843416,0,22.726325639,38.959415382,0,0,0,38.959415382,22.726325639,187900,56994,38.434163701,0,0,0,360,0.8674070694,0.1616938473,0.1645695092,0.4951750393,0,0.1325929306,0.8383061527,0.1645695092,0.4951750393,0,0.3410601739,,,,
37,63,1806,5,370630018065,1500000US370630018065,Block Group 5,G5030,S,9108471,3079889,36.0464165,-78.7762041,0,2,1396,96,408,383,383,0,46891,-666666666,1462,269400,480,11,,,579,0,,0,2,0.1432664756,23.529411765,93.87254902,0,15.796458517,27.079643172,0,0,0,27.079643172,15.796458517,269400,46891,23.529411765,0,0,0,609,0.5983716689,0.2372127502,0.1208386899,0.3031463748,0,0.4016283311,0.7627872498,0.1208386899,0.3031463748,0,0.3408349954,,,,
37,63,2100,1,370630021001,1500000US370630021001,Block Group 1,G5030,S,22661176,223197,36.1507,-78.9322417,20,0,1005,38,353,309,309,0,74906,-666666666,1688,346000,414,0,,,169,257,,0,20,1.9900497512,10.764872521,87.535410765,0,26.074237149,44.698692255,0,1,1,44.698692255,26.074237149,346000,74906,10.764872521,0,1,2,276,0.9973816703,0.3081912528,0.2421015725,0.1386916134,0.6666666667,0.0026183297,0.6918087472,0.2421015725,0.1386916134,0.6666666667,0.3312327258,,,,
37,63,2035,4,370630020354,1500000US370630020354,Block Group 4,G5030,S,632608,771,35.9197885,-78.9091917,45,0,1079,0,182,90,90,0,67279,1685,1106,193400,889,252,,,62,437,,0,45,4.1705282669,0,49.450549451,0,11.501419706,19.716719496,0,0,0,19.716719496,11.501419706,193400,67279,0,0,0,0,624,0.4316271316,0.166790215,0.2090881152,0,0,0.5683728684,0.833209785,0.2090881152,0,0,0.3296439856,,,,
37,63,1604,1,370630016041,1500000US370630016041,Block Group 1,G5030,S,2125164,23451,36.0823812,-78.9537698,60,85,1509,146,510,433,433,47,111250,-666666666,1771,288800,626,12,,,166,302,,13,145,9.6090125911,28.62745098,84.901960784,9.2156862745,21.647212198,37.109506625,0,0,0,37.109506625,21.647212198,288800,111250,28.62745098,0,0,0,670,0.825513089,0.2551890289,0.3994165184,0.3688280894,0,0.174486911,0.7448109711,0.3994165184,0.3688280894,0,0.3247325961,,,,
37,63,1801,2,370630018012,1500000US370630018012,Block Group 2,G5030,S,963243,4697,36.0119994,-78.8598348,21,145,1194,25,271,93,93,0,50229,1307,1077,169100,393,0,,,115,181,,0,166,13.902847571,9.2250922509,34.317343173,0,14.888933808,25.523886527,0,0,0,25.523886527,14.888933808,169100,50229,9.2250922509,0,0,0,572,0.5631392078,0.144273536,0.1352872175,0.1188535141,0,0.4368607922,0.855726464,0.1352872175,0.1188535141,0,0.3236025911,,,,
37,63,1712,2,370630017122,1500000US370630017122,Block Group 2,G5030,S,3213296,57561,36.0469196,-78.9472148,37,0,1283,65,246,188,188,25,93591,1647,3814,695900,811,32,,,74,573,,0,37,2.8838659392,26.422764228,76.422764228,10.162601626,19.593394631,33.588676511,0,0,1,33.588676511,19.593394631,695900,93591,26.422764228,0,1,1,643,0.7457785686,0.6324128984,0.3229795652,0.3404235205,0.3333333333,0.2542214314,0.3675871016,0.3229795652,0.3404235205,0.3333333333,0.3211432815,,,,
37,63,1708,2,370630017082,1500000US370630017082,Block Group 2,G5030,S,934987,0,36.0622874,-78.8774879,13,75,2557,100,704,227,227,31,95451,1685,1504,204400,741,0,,,248,251,,10,88,3.4415330465,14.204545455,32.244318182,4.4034090909,18.459855196,31.645466051,0,0,0,31.645466051,18.459855196,204400,95451,14.204545455,0,0,0,678,0.7017716302,0.1769829503,0.3310305722,0.1830073996,0,0.2982283698,0.8230170497,0.3310305722,0.1830073996,0,0.3180154095,,,,
37,183,54303,1,371830543031,1500000US371830543031,Block Group 1,G5030,S,29674158,80250,35.8704052,-78.3935021,0,0,1575,153,581,552,552,0,39633,-666666666,1907,198700,848,97,,,351,415,,0,0,0,26.333907057,95.008605852,0,20.187591871,34.607300351,0,0,0,34.607300351,20.187591871,198700,39633,26.333907057,0,0,0,227,0.7688468453,0.1717012602,0.0894224485,0.3392787095,0,0.2311531547,0.8282987398,0.0894224485,0.3392787095,0,0.3172099589,,,,
37,63,1711,2,370630017112,1500000US370630017112,Block Group 2,G5030,S,778095,0,36.0512426,-78.9325177,73,0,1100,31,174,45,45,22,33258,944,843,96400,722,52,,,288,192,,10,73,6.6363636364,17.816091954,25.862068966,12.643678161,19.217180985,32.943738832,0,0,0,32.943738832,19.217180985,96400,33258,17.816091954,0,0,0,355,0.7311729799,0.0769088213,0.0618282712,0.2295375568,0,0.2688270201,0.9230911787,0.0618282712,0.2295375568,0,0.3153922071,,,,
37,63,1400,1,370630014001,1500000US370630014001,Block Group 1,G5030,S,461395,0,35.9717704,-78.8894652,0,0,636,0,141,22,22,0,41406,770,1100,120200,467,0,,,28,143,,20,0,0,0,15.602836879,0,13.327596115,22.847307626,0,0,0,22.847307626,13.327596115,120200,41406,0,0,0,0,271,0.5025240323,0.0989621942,0.0970968761,0,0,0.4974759677,0.9010378058,0.0970968761,0,0,0.3142862407,,,,
37,63,1712,1,370630017121,1500000US370630017121,Block Group 1,G5030,S,874415,0,36.0436174,-78.9388501,0,0,1003,57,263,263,263,0,109297,1757,2821,736100,570,141,,,110,367,,0,0,0,21.673003802,100,0,18.971695381,32.522906368,0,0,1,32.522906368,18.971695381,736100,109297,21.673003802,0,1,1,590,0.7216425926,0.6696627131,0.390962961,0.2792289327,0.3333333333,0.2783574074,0.3303372869,0.390962961,0.2792289327,0.3333333333,0.3112270052,,,,
37,183,54306,2,371830543062,1500000US371830543062,Block Group 2,G5030,S,11488764,102160,35.8046127,-78.3200909,0,56,1915,78,487,411,411,13,21744,629,1527,172900,811,105,,,287,145,,34,56,2.9242819843,16.016427105,84.394250513,2.6694045175,24.156874331,41.411784568,0,1,0,41.411784568,24.156874331,172900,21744,16.016427105,0,0,1,228,0.9229446769,0.1477946627,0.0119899406,0.2063511771,0.3333333333,0.0770553231,0.8522053373,0.0119899406,0.2063511771,0.3333333333,0.3091583532,,,,
37,63,1601,2,370630016012,1500000US370630016012,Block Group 2,G5030,S,2000620,51653,36.0893843,-78.8902568,49,0,1196,77,346,229,229,33,72618,-666666666,1502,248800,537,50,,,126,159,,0,49,4.0969899666,22.25433526,66.184971098,9.5375722543,20.384250737,34.944429835,0,0,0,34.944429835,20.384250737,248800,72618,22.25433526,0,0,0,267,0.7764816521,0.2181245367,0.2321979682,0.286718645,0,0.2235183479,0.7818754633,0.2321979682,0.286718645,0,0.3071541377,,,,
37,183,54305,1,371830543051,1500000US371830543051,Block Group 1,G5030,S,7800520,182026,35.8383187,-78.2902504,12,0,1969,125,457,294,294,12,88784,896,-666666666,441100,703,11,,,653,138,,0,12,0.6094464195,27.352297593,64.332603939,2.6258205689,25.996432455,44.565312781,1,0,0,44.565312781,25.996432455,441100,88784,27.352297593,1,0,1,222,0.9943610905,0.396312083,0.3021724733,0.352399369,0.3333333333,0.0056389095,0.603687917,0.3021724733,0.352399369,0.3333333333,0.307131067,,,,
37,63,1801,1,370630018011,1500000US370630018011,Block Group 1,G5030,S,2516858,23387,36.0287079,-78.8428368,106,106,2046,14,422,205,205,0,58125,1153,1395,161600,598,0,,,107,208,,0,212,10.361681329,3.317535545,48.578199052,0,15.52794761,26.61933876,0,0,0,26.61933876,15.52794761,161600,58125,3.317535545,0,0,0,256,0.5879473796,0.1373239437,0.1694650409,0.0427422021,0,0.4120526204,0.8626760563,0.1694650409,0.0427422021,0,0.303180421,,,,
37,63,1601,5,370630016015,1500000US370630016015,Block Group 5,G5030,S,3951912,26275,36.1014655,-78.8975903,28,0,749,48,239,207,207,19,82273,1453,1504,225600,363,31,,,122,191,,0,28,3.738317757,20.083682008,86.610878661,7.949790795,21.454380193,36.778937474,0,0,0,36.778937474,21.454380193,225600,82273,20.083682008,0,0,0,616,0.8180268509,0.1966271312,0.2739896203,0.2587525542,0,0.1819731491,0.8033728688,0.2739896203,0.2587525542,0,0.2982549616,,,,
37,63,301,3,370630003013,1500000US370630003013,Block Group 3,G5030,S,305811,0,36.0115825,-78.9152789,8,19,994,41,154,115,115,30,51658,1063,-666666666,552600,594,0,,,30,279,,0,27,2.7162977867,26.623376623,74.675324675,19.480519481,16.4032876,28.119921599,0,0,0,28.119921599,16.4032876,552600,51658,26.623376623,0,0,0,294,0.6219303464,0.4996293551,0.1414726417,0.3430081546,0,0.3780696536,0.5003706449,0.1414726417,0.3430081546,0,0.2944908452,,,,
37,183,54403,1,371830544031,1500000US371830544031,Block Group 1,G5030,S,9832382,0,35.835461,-78.3856955,34,52,1029,28,266,195,195,0,68594,798,1366,132900,343,18,,,183,45,,0,86,8.3576287658,10.526315789,73.308270677,0,20.466666124,35.085713356,0,0,0,35.085713356,20.466666124,132900,68594,10.526315789,0,0,0,404,0.779681231,0.1107301705,0.2147800906,0.1356181151,0,0.220318769,0.8892698295,0.2147800906,0.1356181151,0,0.288316196,,,,
37,63,402,2,370630004022,1500000US370630004022,Block Group 2,G5030,S,440453,0,36.0096389,-78.9227325,0,7,1307,9,109,102,102,9,41047,1816,-666666666,252900,981,135,,,5,606,,6,7,0.5355776588,8.2568807339,93.577981651,8.2568807339,16.535449373,28.34648464,0,0,0,28.34648464,16.535449373,252900,41047,8.2568807339,0,0,0,668,0.627061209,0.2219236471,0.0955429452,0.1063793471,0,0.372938791,0.7780763529,0.0955429452,0.1063793471,0,0.2849990996,,,,
37,183,53115,2,371830531152,1500000US371830531152,Block Group 2,G5030,S,5521929,39308,35.5344698,-78.7332765,35,5,607,14,176,98,98,12,33942,711,1168,172000,288,27,,,48,20,,0,40,6.589785832,7.9545454545,55.681818182,6.8181818182,18.848855971,32.312324522,0,0,0,32.312324522,18.848855971,172000,33942,7.9545454545,0,0,0,312,0.7168736483,0.1469607116,0.0647889641,0.1024841438,0,0.2831263517,0.8530392884,0.0647889641,0.1024841438,0,0.2734893779,,,,
37,63,1001,3,370630010013,1500000US370630010013,Block Group 3,G5030,S,260324,0,35.9871513,-78.8812491,46,0,638,8,290,184,184,0,26797,1168,-666666666,341600,336,0,,,102,29,,0,46,7.210031348,2.7586206897,63.448275862,0,13.947690506,23.910326582,0,0,0,23.910326582,13.947690506,341600,26797,2.7586206897,0,0,0,372,0.5265977036,0.3041141586,0.033861843,0.0355412991,0,0.4734022964,0.6958858414,0.033861843,0.0355412991,0,0.2697992515,,,,
37,183,54306,3,371830543063,1500000US371830543063,Block Group 3,G5030,S,13563862,106739,35.817091,-78.2835077,0,51,570,0,112,82,82,0,70800,-666666666,1149,133100,205,63,,,120,18,,0,51,8.9473684211,0,73.214285714,0,26.141680603,44.814309606,0,1,0,44.814309606,26.141680603,133100,70800,0,0,0,1,781,1,0.110915493,0.2243287581,0,0.3333333333,0,0.889084507,0.2243287581,0,0.3333333333,0.2669164439,,,,
37,63,2019,1,370630020191,1500000US370630020191,Block Group 1,G5030,S,4885136,51127,35.9033751,-78.9763406,0,62,1621,22,272,206,206,22,63475,1215,3652,537200,1083,132,,,155,311,,0,62,3.8247995065,8.0882352941,75.735294118,8.0882352941,13.921308427,23.865100161,0,0,0,23.865100161,13.921308427,537200,63475,8.0882352941,0,0,0,1,0.5255734829,0.4853595256,0.1926225073,0.1042065663,0,0.4744265171,0.5146404744,0.1926225073,0.1042065663,0,0.2668486165,,,,
37,63,1603,4,370630016034,1500000US370630016034,Block Group 4,G5030,S,2613450,10571,36.1021598,-78.9262175,49,48,1457,74,553,227,227,43,51806,1376,1442,212100,639,0,,,65,277,,0,97,6.6575154427,13.381555154,41.048824593,7.7757685353,22.03952571,37.782044075,0,0,0,37.782044075,22.03952571,212100,51806,13.381555154,0,0,0,679,0.8407437163,0.1841178651,0.1421132595,0.1724042222,0,0.1592562837,0.8158821349,0.1421132595,0.1724042222,0,0.2603028794,,,,
37,63,1705,5,370630017055,1500000US370630017055,Block Group 5,G5030,S,1073423,0,36.0364373,-78.9322521,114,214,1544,0,327,175,175,0,66818,1269,1197,217200,634,164,,,181,235,,0,328,21.243523316,0,53.516819572,0,18.354645248,31.46510614,0,0,0,31.46510614,18.354645248,217200,66818,0,0,0,0,677,0.6976871073,0.1888435878,0.2070926775,0,0,0.3023128927,0.8111564122,0.2070926775,0,0,0.2585187733,,,,
37,63,1604,6,370630016046,1500000US370630016046,Block Group 6,G5030,S,6269419,19583,36.1023447,-78.9405036,0,10,1280,59,467,235,235,0,67212,-666666666,1863,281400,552,21,,,111,200,,0,10,0.78125,12.633832976,50.321199143,0,22.441486331,38.471119424,0,0,0,38.471119424,22.441486331,281400,67212,12.633832976,0,0,0,646,0.8563488692,0.2483320979,0.2087981058,0.1627707783,0,0.1436511308,0.7516679021,0.2087981058,0.1627707783,0,0.2478188683,,,,
37,63,1604,5,370630016045,1500000US370630016045,Block Group 5,G5030,S,3839059,7503,36.0942944,-78.966855,28,0,881,34,352,313,313,15,78382,-666666666,1784,270300,458,0,,,31,169,,45,28,3.1782065834,9.6590909091,88.920454545,4.2613636364,22.616223303,38.770668519,0,0,0,38.770668519,22.616223303,270300,78382,9.6590909091,0,0,0,598,0.8631326113,0.2380467013,0.257147433,0.1244450317,0,0.1368673887,0.7619532987,0.257147433,0.1244450317,0,0.2434335081,,,,
37,63,1603,1,370630016031,1500000US370630016031,Block Group 1,G5030,S,7872482,94099,36.1332367,-78.9301437,19,0,484,13,163,144,144,20,136563,-666666666,2091,322800,221,14,,,40,170,,0,19,3.9256198347,7.9754601227,88.343558282,12.26993865,23.996412371,41.136706922,0,0,0,41.136706922,23.996412371,322800,136563,7.9754601227,0,0,0,359,0.9167151277,0.2866938473,0.5089837984,0.1027536025,0,0.0832848723,0.7133061527,0.5089837984,0.1027536025,0,0.2400692291,,,,
37,183,54304,2,371830543042,1500000US371830543042,Block Group 2,G5030,S,16486440,160078,35.8618041,-78.3062811,47,41,1365,67,422,345,345,42,93514,-666666666,1701,344400,535,0,,,303,239,,0,88,6.4468864469,15.876777251,81.753554502,9.9526066351,25.291598735,43.357026403,0,0,0,43.357026403,25.291598735,344400,93514,15.876777251,0,0,0,817,0.9669976189,0.3067086731,0.3226462708,0.2045519674,0,0.0330023811,0.6932913269,0.3226462708,0.2045519674,0,0.2303114796,,,,
37,63,1603,6,370630016036,1500000US370630016036,Block Group 6,G5030,S,5580685,36603,36.1362271,-78.9579438,0,0,779,0,240,211,211,0,134904,-666666666,1911,324400,385,0,,,61,202,,0,0,0,0,87.916666667,0,24.882230006,42.65525144,0,0,0,42.65525144,24.882230006,324400,134904,0,0,0,0,597,0.9511048639,0.288176427,0.5018028196,0,0,0.0488951361,0.711823573,0.5018028196,0,0,0.2047687806,,,,
37,63,1705,1,370630017051,1500000US370630017051,Block Group 1,G5030,S,2243460,45469,36.0326473,-78.9488797,0,21,742,0,182,142,142,0,109886,1231,3204,629100,399,0,,,19,316,,0,21,2.8301886792,0,78.021978022,0,18.597406452,31.881268203,0,0,0,31.881268203,18.597406452,629100,109886,0,0,0,0,361,0.7071117264,0.5705151964,0.3935124466,0,0,0.2928882736,0.4294848036,0.3935124466,0,0,0.1984702738,,,,
37,63,2100,5,370630021005,1500000US370630021005,Block Group 5,G5030,S,9836883,15590,36.1414256,-78.8853353,0,0,491,0,186,112,112,0,63932,-666666666,1520,246900,245,0,,,94,48,,0,0,0,0,60.215053763,0,23.940612461,41.041049933,0,0,0,41.041049933,23.940612461,246900,63932,0,0,0,0,647,0.9145488306,0.2163639733,0.1946006311,0,0,0.0854511694,0.7836360267,0.1946006311,0,0,0.1975500608,,,,
